Workbook

Sheet Report
A1: WLab robustness report
A2: Pick up to six observing conditions (yellow). The first is the viewing booth: DeltaE00 is shown for it.
A3: Values are DeltaE(WLab) between each sample and the standard. They are similar in size to DeltaE00 values; no tolerances are built in, so let experience with your own products set the limits.
A5: Conditions
C6: CIE 1931 2deg D50 | D6: CIE 1931 2deg D65 | E6: CIE 1931 2deg A | F6: CIE 1931 2deg F2 | G6: CIE 1931 2deg F11 | H6: CIE 1964 10deg D50
L7: DeltaE00 working columns (no need to read them)
A8: Sample | B8: ΔE00 booth | C8: =IF(C$6="","","ΔE(WLab) "&C$6) | D8: =IF(D$6="","","ΔE(WLab) "&D$6) | E8: =IF(E$6="","","ΔE(WLab) "&E$6) | F8: =IF(F$6="","","ΔE(WLab) "&F$6) | G8: =IF(G$6="","","ΔE(WLab) "&G$6) | H8: =IF(H$6="","","ΔE(WLab) "&H$6) | L8: L1 | M8: a1 | N8: b1 | O8: L2 | P8: a2 | Q8: b2 | R8: Cm | S8: G | T8: ap1 | U8: ap2 | V8: Cp1 | W8: Cp2 | X8: hp1 | Y8: hp2 | Z8: dh | AA8: dHp | AB8: Lpm | AC8: Cpm | AD8: hs | AE8: hpm | AF8: T | AG8: RC | AH8: SL | AI8: SC | AJ8: SH | AK8: RT
A9: =IF(Spectra!C4="","",Spectra!C4) | B9: =IF(AND(Calc!$E$8<>"",Calc!$E$2<>""),SQRT(((O9-L9)/AH9)^2+((W9-V9)/AI9)^2+(AA9/AJ9)^2+AK9*((W9-V9)/AI9)*(AA9/AJ9)),"") | C9: =IF(OR(Calc!$E$8="",Calc!$E$2=""),"",SQRT((Calc!$T$8-Calc!$T$2)^2+(Calc!$U$8-Calc!$U$2)^2+(Calc!$V$8-Calc!$V$2)^2)) | D9: =IF(OR(Calc!$E$9="",Calc!$E$3=""),"",SQRT((Calc!$T$9-Calc!$T$3)^2+(Calc!$U$9-Calc!$U$3)^2+(Calc!$V$9-Calc!$V$3)^2)) | E9: =IF(OR(Calc!$E$10="",Calc!$E$4=""),"",SQRT((Calc!$T$10-Calc!$T$4)^2+(Calc!$U$10-Calc!$U$4)^2+(Calc!$V$10-Calc!$V$4)^2)) | F9: =IF(OR(Calc!$E$11="",Calc!$E$5=""),"",SQRT((Calc!$T$11-Calc!$T$5)^2+(Calc!$U$11-Calc!$U$5)^2+(Calc!$V$11-Calc!$V$5)^2)) | G9: =IF(OR(Calc!$E$12="",Calc!$E$6=""),"",SQRT((Calc!$T$12-Calc!$T$6)^2+(Calc!$U$12-Calc!$U$6)^2+(Calc!$V$12-Calc!$V$6)^2)) | H9: =IF(OR(Calc!$E$13="",Calc!$E$7=""),"",SQRT((Calc!$T$13-Calc!$T$7)^2+(Calc!$U$13-Calc!$U$7)^2+(Calc!$V$13-Calc!$V$7)^2)) | L9: =IF(AND(Calc!$E$8<>"",Calc!$E$2<>""),Calc!$Z$2,"") | M9: =IF(AND(Calc!$E$8<>"",Calc!$E$2<>""),Calc!$AA$2,"") | N9: =IF(AND(Calc!$E$8<>"",Calc!$E$2<>""),Calc!$AB$2,"") | O9: =IF(AND(Calc!$E$8<>"",Calc!$E$2<>""),Calc!$Z$8,"") | P9: =IF(AND(Calc!$E$8<>"",Calc!$E$2<>""),Calc!$AA$8,"") | Q9: =IF(AND(Calc!$E$8<>"",Calc!$E$2<>""),Calc!$AB$8,"") | R9: =IF(AND(Calc!$E$8<>"",Calc!$E$2<>""),(SQRT(M9^2+N9^2)+SQRT(P9^2+Q9^2))/2,"") | S9: =IF(AND(Calc!$E$8<>"",Calc!$E$2<>""),0.5*(1-SQRT(R9^7/(R9^7+25^7))),"") | T9: =IF(AND(Calc!$E$8<>"",Calc!$E$2<>""),(1+S9)*M9,"") | U9: =IF(AND(Calc!$E$8<>"",Calc!$E$2<>""),(1+S9)*P9,"") | V9: =IF(AND(Calc!$E$8<>"",Calc!$E$2<>""),SQRT(T9^2+N9^2),"") | W9: =IF(AND(Calc!$E$8<>"",Calc!$E$2<>""),SQRT(U9^2+Q9^2),"") | X9: =IF(AND(Calc!$E$8<>"",Calc!$E$2<>""),IF(V9=0,0,MOD(DEGREES(ATAN2(T9,N9)),360)),"") | Y9: =IF(AND(Calc!$E$8<>"",Calc!$E$2<>""),IF(W9=0,0,MOD(DEGREES(ATAN2(U9,Q9)),360)),"") | Z9: =IF(AND(Calc!$E$8<>"",Calc!$E$2<>""),IF(V9*W9=0,0,IF((Y9-X9)>180,(Y9-X9)-360,IF((Y9-X9)<-180,(Y9-X9)+360,(Y9-X9)))),"") | AA9: =IF(AND(Calc!$E$8<>"",Calc!$E$2<>""),2*SQRT(V9*W9)*SIN(RADIANS(Z9/2)),"") | AB9: =IF(AND(Calc!$E$8<>"",Calc!$E$2<>""),(L9+O9)/2,"") | AC9: =IF(AND(Calc!$E$8<>"",Calc!$E$2<>""),(V9+W9)/2,"") | AD9: =IF(AND(Calc!$E$8<>"",Calc!$E$2<>""),X9+Y9,"") | AE9: =IF(AND(Calc!$E$8<>"",Calc!$E$2<>""),IF(V9*W9=0,AD9,IF(ABS(X9-Y9)>180,IF(AD9<360,(AD9+360)/2,(AD9-360)/2),AD9/2)),"") | AF9: =IF(AND(Calc!$E$8<>"",Calc!$E$2<>""),1-0.17*COS(RADIANS(AE9-30))+0.24*COS(RADIANS(2*AE9))+0.32*COS(RADIANS(3*AE9+6))-0.2*COS(RADIANS(4*AE9-63)),"") | AG9: =IF(AND(Calc!$E$8<>"",Calc!$E$2<>""),2*SQRT(AC9^7/(AC9^7+25^7)),"") | AH9: =IF(AND(Calc!$E$8<>"",Calc!$E$2<>""),1+0.015*(AB9-50)^2/SQRT(20+(AB9-50)^2),"") | AI9: =IF(AND(Calc!$E$8<>"",Calc!$E$2<>""),1+0.045*AC9,"") | AJ9: =IF(AND(Calc!$E$8<>"",Calc!$E$2<>""),1+0.015*AC9*AF9,"") | AK9: =IF(AND(Calc!$E$8<>"",Calc!$E$2<>""),-SIN(RADIANS(2*30*EXP(-(((AE9-275)/25)^2))))*AG9,"")
A10: =IF(Spectra!D4="","",Spectra!D4) | B10: =IF(AND(Calc!$E$14<>"",Calc!$E$2<>""),SQRT(((O10-L10)/AH10)^2+((W10-V10)/AI10)^2+(AA10/AJ10)^2+AK10*((W10-V10)/AI10)*(AA10/AJ10)),"") | C10: =IF(OR(Calc!$E$14="",Calc!$E$2=""),"",SQRT((Calc!$T$14-Calc!$T$2)^2+(Calc!$U$14-Calc!$U$2)^2+(Calc!$V$14-Calc!$V$2)^2)) | D10: =IF(OR(Calc!$E$15="",Calc!$E$3=""),"",SQRT((Calc!$T$15-Calc!$T$3)^2+(Calc!$U$15-Calc!$U$3)^2+(Calc!$V$15-Calc!$V$3)^2)) | E10: =IF(OR(Calc!$E$16="",Calc!$E$4=""),"",SQRT((Calc!$T$16-Calc!$T$4)^2+(Calc!$U$16-Calc!$U$4)^2+(Calc!$V$16-Calc!$V$4)^2)) | F10: =IF(OR(Calc!$E$17="",Calc!$E$5=""),"",SQRT((Calc!$T$17-Calc!$T$5)^2+(Calc!$U$17-Calc!$U$5)^2+(Calc!$V$17-Calc!$V$5)^2)) | G10: =IF(OR(Calc!$E$18="",Calc!$E$6=""),"",SQRT((Calc!$T$18-Calc!$T$6)^2+(Calc!$U$18-Calc!$U$6)^2+(Calc!$V$18-Calc!$V$6)^2)) | H10: =IF(OR(Calc!$E$19="",Calc!$E$7=""),"",SQRT((Calc!$T$19-Calc!$T$7)^2+(Calc!$U$19-Calc!$U$7)^2+(Calc!$V$19-Calc!$V$7)^2)) | L10: =IF(AND(Calc!$E$14<>"",Calc!$E$2<>""),Calc!$Z$2,"") | M10: =IF(AND(Calc!$E$14<>"",Calc!$E$2<>""),Calc!$AA$2,"") | N10: =IF(AND(Calc!$E$14<>"",Calc!$E$2<>""),Calc!$AB$2,"") | O10: =IF(AND(Calc!$E$14<>"",Calc!$E$2<>""),Calc!$Z$14,"") | P10: =IF(AND(Calc!$E$14<>"",Calc!$E$2<>""),Calc!$AA$14,"") | Q10: =IF(AND(Calc!$E$14<>"",Calc!$E$2<>""),Calc!$AB$14,"") | R10: =IF(AND(Calc!$E$14<>"",Calc!$E$2<>""),(SQRT(M10^2+N10^2)+SQRT(P10^2+Q10^2))/2,"") | S10: =IF(AND(Calc!$E$14<>"",Calc!$E$2<>""),0.5*(1-SQRT(R10^7/(R10^7+25^7))),"") | T10: =IF(AND(Calc!$E$14<>"",Calc!$E$2<>""),(1+S10)*M10,"") | U10: =IF(AND(Calc!$E$14<>"",Calc!$E$2<>""),(1+S10)*P10,"") | V10: =IF(AND(Calc!$E$14<>"",Calc!$E$2<>""),SQRT(T10^2+N10^2),"") | W10: =IF(AND(Calc!$E$14<>"",Calc!$E$2<>""),SQRT(U10^2+Q10^2),"") | X10: =IF(AND(Calc!$E$14<>"",Calc!$E$2<>""),IF(V10=0,0,MOD(DEGREES(ATAN2(T10,N10)),360)),"") | Y10: =IF(AND(Calc!$E$14<>"",Calc!$E$2<>""),IF(W10=0,0,MOD(DEGREES(ATAN2(U10,Q10)),360)),"") | Z10: =IF(AND(Calc!$E$14<>"",Calc!$E$2<>""),IF(V10*W10=0,0,IF((Y10-X10)>180,(Y10-X10)-360,IF((Y10-X10)<-180,(Y10-X10)+360,(Y10-X10)))),"") | AA10: =IF(AND(Calc!$E$14<>"",Calc!$E$2<>""),2*SQRT(V10*W10)*SIN(RADIANS(Z10/2)),"") | AB10: =IF(AND(Calc!$E$14<>"",Calc!$E$2<>""),(L10+O10)/2,"") | AC10: =IF(AND(Calc!$E$14<>"",Calc!$E$2<>""),(V10+W10)/2,"") | AD10: =IF(AND(Calc!$E$14<>"",Calc!$E$2<>""),X10+Y10,"") | AE10: =IF(AND(Calc!$E$14<>"",Calc!$E$2<>""),IF(V10*W10=0,AD10,IF(ABS(X10-Y10)>180,IF(AD10<360,(AD10+360)/2,(AD10-360)/2),AD10/2)),"") | AF10: =IF(AND(Calc!$E$14<>"",Calc!$E$2<>""),1-0.17*COS(RADIANS(AE10-30))+0.24*COS(RADIANS(2*AE10))+0.32*COS(RADIANS(3*AE10+6))-0.2*COS(RADIANS(4*AE10-63)),"") | AG10: =IF(AND(Calc!$E$14<>"",Calc!$E$2<>""),2*SQRT(AC10^7/(AC10^7+25^7)),"") | AH10: =IF(AND(Calc!$E$14<>"",Calc!$E$2<>""),1+0.015*(AB10-50)^2/SQRT(20+(AB10-50)^2),"") | AI10: =IF(AND(Calc!$E$14<>"",Calc!$E$2<>""),1+0.045*AC10,"") | AJ10: =IF(AND(Calc!$E$14<>"",Calc!$E$2<>""),1+0.015*AC10*AF10,"") | AK10: =IF(AND(Calc!$E$14<>"",Calc!$E$2<>""),-SIN(RADIANS(2*30*EXP(-(((AE10-275)/25)^2))))*AG10,"")
A11: =IF(Spectra!E4="","",Spectra!E4) | B11: =IF(AND(Calc!$E$20<>"",Calc!$E$2<>""),SQRT(((O11-L11)/AH11)^2+((W11-V11)/AI11)^2+(AA11/AJ11)^2+AK11*((W11-V11)/AI11)*(AA11/AJ11)),"") | C11: =IF(OR(Calc!$E$20="",Calc!$E$2=""),"",SQRT((Calc!$T$20-Calc!$T$2)^2+(Calc!$U$20-Calc!$U$2)^2+(Calc!$V$20-Calc!$V$2)^2)) | D11: =IF(OR(Calc!$E$21="",Calc!$E$3=""),"",SQRT((Calc!$T$21-Calc!$T$3)^2+(Calc!$U$21-Calc!$U$3)^2+(Calc!$V$21-Calc!$V$3)^2)) | E11: =IF(OR(Calc!$E$22="",Calc!$E$4=""),"",SQRT((Calc!$T$22-Calc!$T$4)^2+(Calc!$U$22-Calc!$U$4)^2+(Calc!$V$22-Calc!$V$4)^2)) | F11: =IF(OR(Calc!$E$23="",Calc!$E$5=""),"",SQRT((Calc!$T$23-Calc!$T$5)^2+(Calc!$U$23-Calc!$U$5)^2+(Calc!$V$23-Calc!$V$5)^2)) | G11: =IF(OR(Calc!$E$24="",Calc!$E$6=""),"",SQRT((Calc!$T$24-Calc!$T$6)^2+(Calc!$U$24-Calc!$U$6)^2+(Calc!$V$24-Calc!$V$6)^2)) | H11: =IF(OR(Calc!$E$25="",Calc!$E$7=""),"",SQRT((Calc!$T$25-Calc!$T$7)^2+(Calc!$U$25-Calc!$U$7)^2+(Calc!$V$25-Calc!$V$7)^2)) | L11: =IF(AND(Calc!$E$20<>"",Calc!$E$2<>""),Calc!$Z$2,"") | M11: =IF(AND(Calc!$E$20<>"",Calc!$E$2<>""),Calc!$AA$2,"") | N11: =IF(AND(Calc!$E$20<>"",Calc!$E$2<>""),Calc!$AB$2,"") | O11: =IF(AND(Calc!$E$20<>"",Calc!$E$2<>""),Calc!$Z$20,"") | P11: =IF(AND(Calc!$E$20<>"",Calc!$E$2<>""),Calc!$AA$20,"") | Q11: =IF(AND(Calc!$E$20<>"",Calc!$E$2<>""),Calc!$AB$20,"") | R11: =IF(AND(Calc!$E$20<>"",Calc!$E$2<>""),(SQRT(M11^2+N11^2)+SQRT(P11^2+Q11^2))/2,"") | S11: =IF(AND(Calc!$E$20<>"",Calc!$E$2<>""),0.5*(1-SQRT(R11^7/(R11^7+25^7))),"") | T11: =IF(AND(Calc!$E$20<>"",Calc!$E$2<>""),(1+S11)*M11,"") | U11: =IF(AND(Calc!$E$20<>"",Calc!$E$2<>""),(1+S11)*P11,"") | V11: =IF(AND(Calc!$E$20<>"",Calc!$E$2<>""),SQRT(T11^2+N11^2),"") | W11: =IF(AND(Calc!$E$20<>"",Calc!$E$2<>""),SQRT(U11^2+Q11^2),"") | X11: =IF(AND(Calc!$E$20<>"",Calc!$E$2<>""),IF(V11=0,0,MOD(DEGREES(ATAN2(T11,N11)),360)),"") | Y11: =IF(AND(Calc!$E$20<>"",Calc!$E$2<>""),IF(W11=0,0,MOD(DEGREES(ATAN2(U11,Q11)),360)),"") | Z11: =IF(AND(Calc!$E$20<>"",Calc!$E$2<>""),IF(V11*W11=0,0,IF((Y11-X11)>180,(Y11-X11)-360,IF((Y11-X11)<-180,(Y11-X11)+360,(Y11-X11)))),"") | AA11: =IF(AND(Calc!$E$20<>"",Calc!$E$2<>""),2*SQRT(V11*W11)*SIN(RADIANS(Z11/2)),"") | AB11: =IF(AND(Calc!$E$20<>"",Calc!$E$2<>""),(L11+O11)/2,"") | AC11: =IF(AND(Calc!$E$20<>"",Calc!$E$2<>""),(V11+W11)/2,"") | AD11: =IF(AND(Calc!$E$20<>"",Calc!$E$2<>""),X11+Y11,"") | AE11: =IF(AND(Calc!$E$20<>"",Calc!$E$2<>""),IF(V11*W11=0,AD11,IF(ABS(X11-Y11)>180,IF(AD11<360,(AD11+360)/2,(AD11-360)/2),AD11/2)),"") | AF11: =IF(AND(Calc!$E$20<>"",Calc!$E$2<>""),1-0.17*COS(RADIANS(AE11-30))+0.24*COS(RADIANS(2*AE11))+0.32*COS(RADIANS(3*AE11+6))-0.2*COS(RADIANS(4*AE11-63)),"") | AG11: =IF(AND(Calc!$E$20<>"",Calc!$E$2<>""),2*SQRT(AC11^7/(AC11^7+25^7)),"") | AH11: =IF(AND(Calc!$E$20<>"",Calc!$E$2<>""),1+0.015*(AB11-50)^2/SQRT(20+(AB11-50)^2),"") | AI11: =IF(AND(Calc!$E$20<>"",Calc!$E$2<>""),1+0.045*AC11,"") | AJ11: =IF(AND(Calc!$E$20<>"",Calc!$E$2<>""),1+0.015*AC11*AF11,"") | AK11: =IF(AND(Calc!$E$20<>"",Calc!$E$2<>""),-SIN(RADIANS(2*30*EXP(-(((AE11-275)/25)^2))))*AG11,"")
A12: =IF(Spectra!F4="","",Spectra!F4) | B12: =IF(AND(Calc!$E$26<>"",Calc!$E$2<>""),SQRT(((O12-L12)/AH12)^2+((W12-V12)/AI12)^2+(AA12/AJ12)^2+AK12*((W12-V12)/AI12)*(AA12/AJ12)),"") | C12: =IF(OR(Calc!$E$26="",Calc!$E$2=""),"",SQRT((Calc!$T$26-Calc!$T$2)^2+(Calc!$U$26-Calc!$U$2)^2+(Calc!$V$26-Calc!$V$2)^2)) | D12: =IF(OR(Calc!$E$27="",Calc!$E$3=""),"",SQRT((Calc!$T$27-Calc!$T$3)^2+(Calc!$U$27-Calc!$U$3)^2+(Calc!$V$27-Calc!$V$3)^2)) | E12: =IF(OR(Calc!$E$28="",Calc!$E$4=""),"",SQRT((Calc!$T$28-Calc!$T$4)^2+(Calc!$U$28-Calc!$U$4)^2+(Calc!$V$28-Calc!$V$4)^2)) | F12: =IF(OR(Calc!$E$29="",Calc!$E$5=""),"",SQRT((Calc!$T$29-Calc!$T$5)^2+(Calc!$U$29-Calc!$U$5)^2+(Calc!$V$29-Calc!$V$5)^2)) | G12: =IF(OR(Calc!$E$30="",Calc!$E$6=""),"",SQRT((Calc!$T$30-Calc!$T$6)^2+(Calc!$U$30-Calc!$U$6)^2+(Calc!$V$30-Calc!$V$6)^2)) | H12: =IF(OR(Calc!$E$31="",Calc!$E$7=""),"",SQRT((Calc!$T$31-Calc!$T$7)^2+(Calc!$U$31-Calc!$U$7)^2+(Calc!$V$31-Calc!$V$7)^2)) | L12: =IF(AND(Calc!$E$26<>"",Calc!$E$2<>""),Calc!$Z$2,"") | M12: =IF(AND(Calc!$E$26<>"",Calc!$E$2<>""),Calc!$AA$2,"") | N12: =IF(AND(Calc!$E$26<>"",Calc!$E$2<>""),Calc!$AB$2,"") | O12: =IF(AND(Calc!$E$26<>"",Calc!$E$2<>""),Calc!$Z$26,"") | P12: =IF(AND(Calc!$E$26<>"",Calc!$E$2<>""),Calc!$AA$26,"") | Q12: =IF(AND(Calc!$E$26<>"",Calc!$E$2<>""),Calc!$AB$26,"") | R12: =IF(AND(Calc!$E$26<>"",Calc!$E$2<>""),(SQRT(M12^2+N12^2)+SQRT(P12^2+Q12^2))/2,"") | S12: =IF(AND(Calc!$E$26<>"",Calc!$E$2<>""),0.5*(1-SQRT(R12^7/(R12^7+25^7))),"") | T12: =IF(AND(Calc!$E$26<>"",Calc!$E$2<>""),(1+S12)*M12,"") | U12: =IF(AND(Calc!$E$26<>"",Calc!$E$2<>""),(1+S12)*P12,"") | V12: =IF(AND(Calc!$E$26<>"",Calc!$E$2<>""),SQRT(T12^2+N12^2),"") | W12: =IF(AND(Calc!$E$26<>"",Calc!$E$2<>""),SQRT(U12^2+Q12^2),"") | X12: =IF(AND(Calc!$E$26<>"",Calc!$E$2<>""),IF(V12=0,0,MOD(DEGREES(ATAN2(T12,N12)),360)),"") | Y12: =IF(AND(Calc!$E$26<>"",Calc!$E$2<>""),IF(W12=0,0,MOD(DEGREES(ATAN2(U12,Q12)),360)),"") | Z12: =IF(AND(Calc!$E$26<>"",Calc!$E$2<>""),IF(V12*W12=0,0,IF((Y12-X12)>180,(Y12-X12)-360,IF((Y12-X12)<-180,(Y12-X12)+360,(Y12-X12)))),"") | AA12: =IF(AND(Calc!$E$26<>"",Calc!$E$2<>""),2*SQRT(V12*W12)*SIN(RADIANS(Z12/2)),"") | AB12: =IF(AND(Calc!$E$26<>"",Calc!$E$2<>""),(L12+O12)/2,"") | AC12: =IF(AND(Calc!$E$26<>"",Calc!$E$2<>""),(V12+W12)/2,"") | AD12: =IF(AND(Calc!$E$26<>"",Calc!$E$2<>""),X12+Y12,"") | AE12: =IF(AND(Calc!$E$26<>"",Calc!$E$2<>""),IF(V12*W12=0,AD12,IF(ABS(X12-Y12)>180,IF(AD12<360,(AD12+360)/2,(AD12-360)/2),AD12/2)),"") | AF12: =IF(AND(Calc!$E$26<>"",Calc!$E$2<>""),1-0.17*COS(RADIANS(AE12-30))+0.24*COS(RADIANS(2*AE12))+0.32*COS(RADIANS(3*AE12+6))-0.2*COS(RADIANS(4*AE12-63)),"") | AG12: =IF(AND(Calc!$E$26<>"",Calc!$E$2<>""),2*SQRT(AC12^7/(AC12^7+25^7)),"") | AH12: =IF(AND(Calc!$E$26<>"",Calc!$E$2<>""),1+0.015*(AB12-50)^2/SQRT(20+(AB12-50)^2),"") | AI12: =IF(AND(Calc!$E$26<>"",Calc!$E$2<>""),1+0.045*AC12,"") | AJ12: =IF(AND(Calc!$E$26<>"",Calc!$E$2<>""),1+0.015*AC12*AF12,"") | AK12: =IF(AND(Calc!$E$26<>"",Calc!$E$2<>""),-SIN(RADIANS(2*30*EXP(-(((AE12-275)/25)^2))))*AG12,"")
A13: =IF(Spectra!G4="","",Spectra!G4) | B13: =IF(AND(Calc!$E$32<>"",Calc!$E$2<>""),SQRT(((O13-L13)/AH13)^2+((W13-V13)/AI13)^2+(AA13/AJ13)^2+AK13*((W13-V13)/AI13)*(AA13/AJ13)),"") | C13: =IF(OR(Calc!$E$32="",Calc!$E$2=""),"",SQRT((Calc!$T$32-Calc!$T$2)^2+(Calc!$U$32-Calc!$U$2)^2+(Calc!$V$32-Calc!$V$2)^2)) | D13: =IF(OR(Calc!$E$33="",Calc!$E$3=""),"",SQRT((Calc!$T$33-Calc!$T$3)^2+(Calc!$U$33-Calc!$U$3)^2+(Calc!$V$33-Calc!$V$3)^2)) | E13: =IF(OR(Calc!$E$34="",Calc!$E$4=""),"",SQRT((Calc!$T$34-Calc!$T$4)^2+(Calc!$U$34-Calc!$U$4)^2+(Calc!$V$34-Calc!$V$4)^2)) | F13: =IF(OR(Calc!$E$35="",Calc!$E$5=""),"",SQRT((Calc!$T$35-Calc!$T$5)^2+(Calc!$U$35-Calc!$U$5)^2+(Calc!$V$35-Calc!$V$5)^2)) | G13: =IF(OR(Calc!$E$36="",Calc!$E$6=""),"",SQRT((Calc!$T$36-Calc!$T$6)^2+(Calc!$U$36-Calc!$U$6)^2+(Calc!$V$36-Calc!$V$6)^2)) | H13: =IF(OR(Calc!$E$37="",Calc!$E$7=""),"",SQRT((Calc!$T$37-Calc!$T$7)^2+(Calc!$U$37-Calc!$U$7)^2+(Calc!$V$37-Calc!$V$7)^2)) | L13: =IF(AND(Calc!$E$32<>"",Calc!$E$2<>""),Calc!$Z$2,"") | M13: =IF(AND(Calc!$E$32<>"",Calc!$E$2<>""),Calc!$AA$2,"") | N13: =IF(AND(Calc!$E$32<>"",Calc!$E$2<>""),Calc!$AB$2,"") | O13: =IF(AND(Calc!$E$32<>"",Calc!$E$2<>""),Calc!$Z$32,"") | P13: =IF(AND(Calc!$E$32<>"",Calc!$E$2<>""),Calc!$AA$32,"") | Q13: =IF(AND(Calc!$E$32<>"",Calc!$E$2<>""),Calc!$AB$32,"") | R13: =IF(AND(Calc!$E$32<>"",Calc!$E$2<>""),(SQRT(M13^2+N13^2)+SQRT(P13^2+Q13^2))/2,"") | S13: =IF(AND(Calc!$E$32<>"",Calc!$E$2<>""),0.5*(1-SQRT(R13^7/(R13^7+25^7))),"") | T13: =IF(AND(Calc!$E$32<>"",Calc!$E$2<>""),(1+S13)*M13,"") | U13: =IF(AND(Calc!$E$32<>"",Calc!$E$2<>""),(1+S13)*P13,"") | V13: =IF(AND(Calc!$E$32<>"",Calc!$E$2<>""),SQRT(T13^2+N13^2),"") | W13: =IF(AND(Calc!$E$32<>"",Calc!$E$2<>""),SQRT(U13^2+Q13^2),"") | X13: =IF(AND(Calc!$E$32<>"",Calc!$E$2<>""),IF(V13=0,0,MOD(DEGREES(ATAN2(T13,N13)),360)),"") | Y13: =IF(AND(Calc!$E$32<>"",Calc!$E$2<>""),IF(W13=0,0,MOD(DEGREES(ATAN2(U13,Q13)),360)),"") | Z13: =IF(AND(Calc!$E$32<>"",Calc!$E$2<>""),IF(V13*W13=0,0,IF((Y13-X13)>180,(Y13-X13)-360,IF((Y13-X13)<-180,(Y13-X13)+360,(Y13-X13)))),"") | AA13: =IF(AND(Calc!$E$32<>"",Calc!$E$2<>""),2*SQRT(V13*W13)*SIN(RADIANS(Z13/2)),"") | AB13: =IF(AND(Calc!$E$32<>"",Calc!$E$2<>""),(L13+O13)/2,"") | AC13: =IF(AND(Calc!$E$32<>"",Calc!$E$2<>""),(V13+W13)/2,"") | AD13: =IF(AND(Calc!$E$32<>"",Calc!$E$2<>""),X13+Y13,"") | AE13: =IF(AND(Calc!$E$32<>"",Calc!$E$2<>""),IF(V13*W13=0,AD13,IF(ABS(X13-Y13)>180,IF(AD13<360,(AD13+360)/2,(AD13-360)/2),AD13/2)),"") | AF13: =IF(AND(Calc!$E$32<>"",Calc!$E$2<>""),1-0.17*COS(RADIANS(AE13-30))+0.24*COS(RADIANS(2*AE13))+0.32*COS(RADIANS(3*AE13+6))-0.2*COS(RADIANS(4*AE13-63)),"") | AG13: =IF(AND(Calc!$E$32<>"",Calc!$E$2<>""),2*SQRT(AC13^7/(AC13^7+25^7)),"") | AH13: =IF(AND(Calc!$E$32<>"",Calc!$E$2<>""),1+0.015*(AB13-50)^2/SQRT(20+(AB13-50)^2),"") | AI13: =IF(AND(Calc!$E$32<>"",Calc!$E$2<>""),1+0.045*AC13,"") | AJ13: =IF(AND(Calc!$E$32<>"",Calc!$E$2<>""),1+0.015*AC13*AF13,"") | AK13: =IF(AND(Calc!$E$32<>"",Calc!$E$2<>""),-SIN(RADIANS(2*30*EXP(-(((AE13-275)/25)^2))))*AG13,"")
A14: =IF(Spectra!H4="","",Spectra!H4) | B14: =IF(AND(Calc!$E$38<>"",Calc!$E$2<>""),SQRT(((O14-L14)/AH14)^2+((W14-V14)/AI14)^2+(AA14/AJ14)^2+AK14*((W14-V14)/AI14)*(AA14/AJ14)),"") | C14: =IF(OR(Calc!$E$38="",Calc!$E$2=""),"",SQRT((Calc!$T$38-Calc!$T$2)^2+(Calc!$U$38-Calc!$U$2)^2+(Calc!$V$38-Calc!$V$2)^2)) | D14: =IF(OR(Calc!$E$39="",Calc!$E$3=""),"",SQRT((Calc!$T$39-Calc!$T$3)^2+(Calc!$U$39-Calc!$U$3)^2+(Calc!$V$39-Calc!$V$3)^2)) | E14: =IF(OR(Calc!$E$40="",Calc!$E$4=""),"",SQRT((Calc!$T$40-Calc!$T$4)^2+(Calc!$U$40-Calc!$U$4)^2+(Calc!$V$40-Calc!$V$4)^2)) | F14: =IF(OR(Calc!$E$41="",Calc!$E$5=""),"",SQRT((Calc!$T$41-Calc!$T$5)^2+(Calc!$U$41-Calc!$U$5)^2+(Calc!$V$41-Calc!$V$5)^2)) | G14: =IF(OR(Calc!$E$42="",Calc!$E$6=""),"",SQRT((Calc!$T$42-Calc!$T$6)^2+(Calc!$U$42-Calc!$U$6)^2+(Calc!$V$42-Calc!$V$6)^2)) | H14: =IF(OR(Calc!$E$43="",Calc!$E$7=""),"",SQRT((Calc!$T$43-Calc!$T$7)^2+(Calc!$U$43-Calc!$U$7)^2+(Calc!$V$43-Calc!$V$7)^2)) | L14: =IF(AND(Calc!$E$38<>"",Calc!$E$2<>""),Calc!$Z$2,"") | M14: =IF(AND(Calc!$E$38<>"",Calc!$E$2<>""),Calc!$AA$2,"") | N14: =IF(AND(Calc!$E$38<>"",Calc!$E$2<>""),Calc!$AB$2,"") | O14: =IF(AND(Calc!$E$38<>"",Calc!$E$2<>""),Calc!$Z$38,"") | P14: =IF(AND(Calc!$E$38<>"",Calc!$E$2<>""),Calc!$AA$38,"") | Q14: =IF(AND(Calc!$E$38<>"",Calc!$E$2<>""),Calc!$AB$38,"") | R14: =IF(AND(Calc!$E$38<>"",Calc!$E$2<>""),(SQRT(M14^2+N14^2)+SQRT(P14^2+Q14^2))/2,"") | S14: =IF(AND(Calc!$E$38<>"",Calc!$E$2<>""),0.5*(1-SQRT(R14^7/(R14^7+25^7))),"") | T14: =IF(AND(Calc!$E$38<>"",Calc!$E$2<>""),(1+S14)*M14,"") | U14: =IF(AND(Calc!$E$38<>"",Calc!$E$2<>""),(1+S14)*P14,"") | V14: =IF(AND(Calc!$E$38<>"",Calc!$E$2<>""),SQRT(T14^2+N14^2),"") | W14: =IF(AND(Calc!$E$38<>"",Calc!$E$2<>""),SQRT(U14^2+Q14^2),"") | X14: =IF(AND(Calc!$E$38<>"",Calc!$E$2<>""),IF(V14=0,0,MOD(DEGREES(ATAN2(T14,N14)),360)),"") | Y14: =IF(AND(Calc!$E$38<>"",Calc!$E$2<>""),IF(W14=0,0,MOD(DEGREES(ATAN2(U14,Q14)),360)),"") | Z14: =IF(AND(Calc!$E$38<>"",Calc!$E$2<>""),IF(V14*W14=0,0,IF((Y14-X14)>180,(Y14-X14)-360,IF((Y14-X14)<-180,(Y14-X14)+360,(Y14-X14)))),"") | AA14: =IF(AND(Calc!$E$38<>"",Calc!$E$2<>""),2*SQRT(V14*W14)*SIN(RADIANS(Z14/2)),"") | AB14: =IF(AND(Calc!$E$38<>"",Calc!$E$2<>""),(L14+O14)/2,"") | AC14: =IF(AND(Calc!$E$38<>"",Calc!$E$2<>""),(V14+W14)/2,"") | AD14: =IF(AND(Calc!$E$38<>"",Calc!$E$2<>""),X14+Y14,"") | AE14: =IF(AND(Calc!$E$38<>"",Calc!$E$2<>""),IF(V14*W14=0,AD14,IF(ABS(X14-Y14)>180,IF(AD14<360,(AD14+360)/2,(AD14-360)/2),AD14/2)),"") | AF14: =IF(AND(Calc!$E$38<>"",Calc!$E$2<>""),1-0.17*COS(RADIANS(AE14-30))+0.24*COS(RADIANS(2*AE14))+0.32*COS(RADIANS(3*AE14+6))-0.2*COS(RADIANS(4*AE14-63)),"") | AG14: =IF(AND(Calc!$E$38<>"",Calc!$E$2<>""),2*SQRT(AC14^7/(AC14^7+25^7)),"") | AH14: =IF(AND(Calc!$E$38<>"",Calc!$E$2<>""),1+0.015*(AB14-50)^2/SQRT(20+(AB14-50)^2),"") | AI14: =IF(AND(Calc!$E$38<>"",Calc!$E$2<>""),1+0.045*AC14,"") | AJ14: =IF(AND(Calc!$E$38<>"",Calc!$E$2<>""),1+0.015*AC14*AF14,"") | AK14: =IF(AND(Calc!$E$38<>"",Calc!$E$2<>""),-SIN(RADIANS(2*30*EXP(-(((AE14-275)/25)^2))))*AG14,"")
A15: =IF(Spectra!I4="","",Spectra!I4) | B15: =IF(AND(Calc!$E$44<>"",Calc!$E$2<>""),SQRT(((O15-L15)/AH15)^2+((W15-V15)/AI15)^2+(AA15/AJ15)^2+AK15*((W15-V15)/AI15)*(AA15/AJ15)),"") | C15: =IF(OR(Calc!$E$44="",Calc!$E$2=""),"",SQRT((Calc!$T$44-Calc!$T$2)^2+(Calc!$U$44-Calc!$U$2)^2+(Calc!$V$44-Calc!$V$2)^2)) | D15: =IF(OR(Calc!$E$45="",Calc!$E$3=""),"",SQRT((Calc!$T$45-Calc!$T$3)^2+(Calc!$U$45-Calc!$U$3)^2+(Calc!$V$45-Calc!$V$3)^2)) | E15: =IF(OR(Calc!$E$46="",Calc!$E$4=""),"",SQRT((Calc!$T$46-Calc!$T$4)^2+(Calc!$U$46-Calc!$U$4)^2+(Calc!$V$46-Calc!$V$4)^2)) | F15: =IF(OR(Calc!$E$47="",Calc!$E$5=""),"",SQRT((Calc!$T$47-Calc!$T$5)^2+(Calc!$U$47-Calc!$U$5)^2+(Calc!$V$47-Calc!$V$5)^2)) | G15: =IF(OR(Calc!$E$48="",Calc!$E$6=""),"",SQRT((Calc!$T$48-Calc!$T$6)^2+(Calc!$U$48-Calc!$U$6)^2+(Calc!$V$48-Calc!$V$6)^2)) | H15: =IF(OR(Calc!$E$49="",Calc!$E$7=""),"",SQRT((Calc!$T$49-Calc!$T$7)^2+(Calc!$U$49-Calc!$U$7)^2+(Calc!$V$49-Calc!$V$7)^2)) | L15: =IF(AND(Calc!$E$44<>"",Calc!$E$2<>""),Calc!$Z$2,"") | M15: =IF(AND(Calc!$E$44<>"",Calc!$E$2<>""),Calc!$AA$2,"") | N15: =IF(AND(Calc!$E$44<>"",Calc!$E$2<>""),Calc!$AB$2,"") | O15: =IF(AND(Calc!$E$44<>"",Calc!$E$2<>""),Calc!$Z$44,"") | P15: =IF(AND(Calc!$E$44<>"",Calc!$E$2<>""),Calc!$AA$44,"") | Q15: =IF(AND(Calc!$E$44<>"",Calc!$E$2<>""),Calc!$AB$44,"") | R15: =IF(AND(Calc!$E$44<>"",Calc!$E$2<>""),(SQRT(M15^2+N15^2)+SQRT(P15^2+Q15^2))/2,"") | S15: =IF(AND(Calc!$E$44<>"",Calc!$E$2<>""),0.5*(1-SQRT(R15^7/(R15^7+25^7))),"") | T15: =IF(AND(Calc!$E$44<>"",Calc!$E$2<>""),(1+S15)*M15,"") | U15: =IF(AND(Calc!$E$44<>"",Calc!$E$2<>""),(1+S15)*P15,"") | V15: =IF(AND(Calc!$E$44<>"",Calc!$E$2<>""),SQRT(T15^2+N15^2),"") | W15: =IF(AND(Calc!$E$44<>"",Calc!$E$2<>""),SQRT(U15^2+Q15^2),"") | X15: =IF(AND(Calc!$E$44<>"",Calc!$E$2<>""),IF(V15=0,0,MOD(DEGREES(ATAN2(T15,N15)),360)),"") | Y15: =IF(AND(Calc!$E$44<>"",Calc!$E$2<>""),IF(W15=0,0,MOD(DEGREES(ATAN2(U15,Q15)),360)),"") | Z15: =IF(AND(Calc!$E$44<>"",Calc!$E$2<>""),IF(V15*W15=0,0,IF((Y15-X15)>180,(Y15-X15)-360,IF((Y15-X15)<-180,(Y15-X15)+360,(Y15-X15)))),"") | AA15: =IF(AND(Calc!$E$44<>"",Calc!$E$2<>""),2*SQRT(V15*W15)*SIN(RADIANS(Z15/2)),"") | AB15: =IF(AND(Calc!$E$44<>"",Calc!$E$2<>""),(L15+O15)/2,"") | AC15: =IF(AND(Calc!$E$44<>"",Calc!$E$2<>""),(V15+W15)/2,"") | AD15: =IF(AND(Calc!$E$44<>"",Calc!$E$2<>""),X15+Y15,"") | AE15: =IF(AND(Calc!$E$44<>"",Calc!$E$2<>""),IF(V15*W15=0,AD15,IF(ABS(X15-Y15)>180,IF(AD15<360,(AD15+360)/2,(AD15-360)/2),AD15/2)),"") | AF15: =IF(AND(Calc!$E$44<>"",Calc!$E$2<>""),1-0.17*COS(RADIANS(AE15-30))+0.24*COS(RADIANS(2*AE15))+0.32*COS(RADIANS(3*AE15+6))-0.2*COS(RADIANS(4*AE15-63)),"") | AG15: =IF(AND(Calc!$E$44<>"",Calc!$E$2<>""),2*SQRT(AC15^7/(AC15^7+25^7)),"") | AH15: =IF(AND(Calc!$E$44<>"",Calc!$E$2<>""),1+0.015*(AB15-50)^2/SQRT(20+(AB15-50)^2),"") | AI15: =IF(AND(Calc!$E$44<>"",Calc!$E$2<>""),1+0.045*AC15,"") | AJ15: =IF(AND(Calc!$E$44<>"",Calc!$E$2<>""),1+0.015*AC15*AF15,"") | AK15: =IF(AND(Calc!$E$44<>"",Calc!$E$2<>""),-SIN(RADIANS(2*30*EXP(-(((AE15-275)/25)^2))))*AG15,"")
A16: =IF(Spectra!J4="","",Spectra!J4) | B16: =IF(AND(Calc!$E$50<>"",Calc!$E$2<>""),SQRT(((O16-L16)/AH16)^2+((W16-V16)/AI16)^2+(AA16/AJ16)^2+AK16*((W16-V16)/AI16)*(AA16/AJ16)),"") | C16: =IF(OR(Calc!$E$50="",Calc!$E$2=""),"",SQRT((Calc!$T$50-Calc!$T$2)^2+(Calc!$U$50-Calc!$U$2)^2+(Calc!$V$50-Calc!$V$2)^2)) | D16: =IF(OR(Calc!$E$51="",Calc!$E$3=""),"",SQRT((Calc!$T$51-Calc!$T$3)^2+(Calc!$U$51-Calc!$U$3)^2+(Calc!$V$51-Calc!$V$3)^2)) | E16: =IF(OR(Calc!$E$52="",Calc!$E$4=""),"",SQRT((Calc!$T$52-Calc!$T$4)^2+(Calc!$U$52-Calc!$U$4)^2+(Calc!$V$52-Calc!$V$4)^2)) | F16: =IF(OR(Calc!$E$53="",Calc!$E$5=""),"",SQRT((Calc!$T$53-Calc!$T$5)^2+(Calc!$U$53-Calc!$U$5)^2+(Calc!$V$53-Calc!$V$5)^2)) | G16: =IF(OR(Calc!$E$54="",Calc!$E$6=""),"",SQRT((Calc!$T$54-Calc!$T$6)^2+(Calc!$U$54-Calc!$U$6)^2+(Calc!$V$54-Calc!$V$6)^2)) | H16: =IF(OR(Calc!$E$55="",Calc!$E$7=""),"",SQRT((Calc!$T$55-Calc!$T$7)^2+(Calc!$U$55-Calc!$U$7)^2+(Calc!$V$55-Calc!$V$7)^2)) | L16: =IF(AND(Calc!$E$50<>"",Calc!$E$2<>""),Calc!$Z$2,"") | M16: =IF(AND(Calc!$E$50<>"",Calc!$E$2<>""),Calc!$AA$2,"") | N16: =IF(AND(Calc!$E$50<>"",Calc!$E$2<>""),Calc!$AB$2,"") | O16: =IF(AND(Calc!$E$50<>"",Calc!$E$2<>""),Calc!$Z$50,"") | P16: =IF(AND(Calc!$E$50<>"",Calc!$E$2<>""),Calc!$AA$50,"") | Q16: =IF(AND(Calc!$E$50<>"",Calc!$E$2<>""),Calc!$AB$50,"") | R16: =IF(AND(Calc!$E$50<>"",Calc!$E$2<>""),(SQRT(M16^2+N16^2)+SQRT(P16^2+Q16^2))/2,"") | S16: =IF(AND(Calc!$E$50<>"",Calc!$E$2<>""),0.5*(1-SQRT(R16^7/(R16^7+25^7))),"") | T16: =IF(AND(Calc!$E$50<>"",Calc!$E$2<>""),(1+S16)*M16,"") | U16: =IF(AND(Calc!$E$50<>"",Calc!$E$2<>""),(1+S16)*P16,"") | V16: =IF(AND(Calc!$E$50<>"",Calc!$E$2<>""),SQRT(T16^2+N16^2),"") | W16: =IF(AND(Calc!$E$50<>"",Calc!$E$2<>""),SQRT(U16^2+Q16^2),"") | X16: =IF(AND(Calc!$E$50<>"",Calc!$E$2<>""),IF(V16=0,0,MOD(DEGREES(ATAN2(T16,N16)),360)),"") | Y16: =IF(AND(Calc!$E$50<>"",Calc!$E$2<>""),IF(W16=0,0,MOD(DEGREES(ATAN2(U16,Q16)),360)),"") | Z16: =IF(AND(Calc!$E$50<>"",Calc!$E$2<>""),IF(V16*W16=0,0,IF((Y16-X16)>180,(Y16-X16)-360,IF((Y16-X16)<-180,(Y16-X16)+360,(Y16-X16)))),"") | AA16: =IF(AND(Calc!$E$50<>"",Calc!$E$2<>""),2*SQRT(V16*W16)*SIN(RADIANS(Z16/2)),"") | AB16: =IF(AND(Calc!$E$50<>"",Calc!$E$2<>""),(L16+O16)/2,"") | AC16: =IF(AND(Calc!$E$50<>"",Calc!$E$2<>""),(V16+W16)/2,"") | AD16: =IF(AND(Calc!$E$50<>"",Calc!$E$2<>""),X16+Y16,"") | AE16: =IF(AND(Calc!$E$50<>"",Calc!$E$2<>""),IF(V16*W16=0,AD16,IF(ABS(X16-Y16)>180,IF(AD16<360,(AD16+360)/2,(AD16-360)/2),AD16/2)),"") | AF16: =IF(AND(Calc!$E$50<>"",Calc!$E$2<>""),1-0.17*COS(RADIANS(AE16-30))+0.24*COS(RADIANS(2*AE16))+0.32*COS(RADIANS(3*AE16+6))-0.2*COS(RADIANS(4*AE16-63)),"") | AG16: =IF(AND(Calc!$E$50<>"",Calc!$E$2<>""),2*SQRT(AC16^7/(AC16^7+25^7)),"") | AH16: =IF(AND(Calc!$E$50<>"",Calc!$E$2<>""),1+0.015*(AB16-50)^2/SQRT(20+(AB16-50)^2),"") | AI16: =IF(AND(Calc!$E$50<>"",Calc!$E$2<>""),1+0.045*AC16,"") | AJ16: =IF(AND(Calc!$E$50<>"",Calc!$E$2<>""),1+0.015*AC16*AF16,"") | AK16: =IF(AND(Calc!$E$50<>"",Calc!$E$2<>""),-SIN(RADIANS(2*30*EXP(-(((AE16-275)/25)^2))))*AG16,"")
A17: =IF(Spectra!K4="","",Spectra!K4) | B17: =IF(AND(Calc!$E$56<>"",Calc!$E$2<>""),SQRT(((O17-L17)/AH17)^2+((W17-V17)/AI17)^2+(AA17/AJ17)^2+AK17*((W17-V17)/AI17)*(AA17/AJ17)),"") | C17: =IF(OR(Calc!$E$56="",Calc!$E$2=""),"",SQRT((Calc!$T$56-Calc!$T$2)^2+(Calc!$U$56-Calc!$U$2)^2+(Calc!$V$56-Calc!$V$2)^2)) | D17: =IF(OR(Calc!$E$57="",Calc!$E$3=""),"",SQRT((Calc!$T$57-Calc!$T$3)^2+(Calc!$U$57-Calc!$U$3)^2+(Calc!$V$57-Calc!$V$3)^2)) | E17: =IF(OR(Calc!$E$58="",Calc!$E$4=""),"",SQRT((Calc!$T$58-Calc!$T$4)^2+(Calc!$U$58-Calc!$U$4)^2+(Calc!$V$58-Calc!$V$4)^2)) | F17: =IF(OR(Calc!$E$59="",Calc!$E$5=""),"",SQRT((Calc!$T$59-Calc!$T$5)^2+(Calc!$U$59-Calc!$U$5)^2+(Calc!$V$59-Calc!$V$5)^2)) | G17: =IF(OR(Calc!$E$60="",Calc!$E$6=""),"",SQRT((Calc!$T$60-Calc!$T$6)^2+(Calc!$U$60-Calc!$U$6)^2+(Calc!$V$60-Calc!$V$6)^2)) | H17: =IF(OR(Calc!$E$61="",Calc!$E$7=""),"",SQRT((Calc!$T$61-Calc!$T$7)^2+(Calc!$U$61-Calc!$U$7)^2+(Calc!$V$61-Calc!$V$7)^2)) | L17: =IF(AND(Calc!$E$56<>"",Calc!$E$2<>""),Calc!$Z$2,"") | M17: =IF(AND(Calc!$E$56<>"",Calc!$E$2<>""),Calc!$AA$2,"") | N17: =IF(AND(Calc!$E$56<>"",Calc!$E$2<>""),Calc!$AB$2,"") | O17: =IF(AND(Calc!$E$56<>"",Calc!$E$2<>""),Calc!$Z$56,"") | P17: =IF(AND(Calc!$E$56<>"",Calc!$E$2<>""),Calc!$AA$56,"") | Q17: =IF(AND(Calc!$E$56<>"",Calc!$E$2<>""),Calc!$AB$56,"") | R17: =IF(AND(Calc!$E$56<>"",Calc!$E$2<>""),(SQRT(M17^2+N17^2)+SQRT(P17^2+Q17^2))/2,"") | S17: =IF(AND(Calc!$E$56<>"",Calc!$E$2<>""),0.5*(1-SQRT(R17^7/(R17^7+25^7))),"") | T17: =IF(AND(Calc!$E$56<>"",Calc!$E$2<>""),(1+S17)*M17,"") | U17: =IF(AND(Calc!$E$56<>"",Calc!$E$2<>""),(1+S17)*P17,"") | V17: =IF(AND(Calc!$E$56<>"",Calc!$E$2<>""),SQRT(T17^2+N17^2),"") | W17: =IF(AND(Calc!$E$56<>"",Calc!$E$2<>""),SQRT(U17^2+Q17^2),"") | X17: =IF(AND(Calc!$E$56<>"",Calc!$E$2<>""),IF(V17=0,0,MOD(DEGREES(ATAN2(T17,N17)),360)),"") | Y17: =IF(AND(Calc!$E$56<>"",Calc!$E$2<>""),IF(W17=0,0,MOD(DEGREES(ATAN2(U17,Q17)),360)),"") | Z17: =IF(AND(Calc!$E$56<>"",Calc!$E$2<>""),IF(V17*W17=0,0,IF((Y17-X17)>180,(Y17-X17)-360,IF((Y17-X17)<-180,(Y17-X17)+360,(Y17-X17)))),"") | AA17: =IF(AND(Calc!$E$56<>"",Calc!$E$2<>""),2*SQRT(V17*W17)*SIN(RADIANS(Z17/2)),"") | AB17: =IF(AND(Calc!$E$56<>"",Calc!$E$2<>""),(L17+O17)/2,"") | AC17: =IF(AND(Calc!$E$56<>"",Calc!$E$2<>""),(V17+W17)/2,"") | AD17: =IF(AND(Calc!$E$56<>"",Calc!$E$2<>""),X17+Y17,"") | AE17: =IF(AND(Calc!$E$56<>"",Calc!$E$2<>""),IF(V17*W17=0,AD17,IF(ABS(X17-Y17)>180,IF(AD17<360,(AD17+360)/2,(AD17-360)/2),AD17/2)),"") | AF17: =IF(AND(Calc!$E$56<>"",Calc!$E$2<>""),1-0.17*COS(RADIANS(AE17-30))+0.24*COS(RADIANS(2*AE17))+0.32*COS(RADIANS(3*AE17+6))-0.2*COS(RADIANS(4*AE17-63)),"") | AG17: =IF(AND(Calc!$E$56<>"",Calc!$E$2<>""),2*SQRT(AC17^7/(AC17^7+25^7)),"") | AH17: =IF(AND(Calc!$E$56<>"",Calc!$E$2<>""),1+0.015*(AB17-50)^2/SQRT(20+(AB17-50)^2),"") | AI17: =IF(AND(Calc!$E$56<>"",Calc!$E$2<>""),1+0.045*AC17,"") | AJ17: =IF(AND(Calc!$E$56<>"",Calc!$E$2<>""),1+0.015*AC17*AF17,"") | AK17: =IF(AND(Calc!$E$56<>"",Calc!$E$2<>""),-SIN(RADIANS(2*30*EXP(-(((AE17-275)/25)^2))))*AG17,"")
A18: =IF(Spectra!L4="","",Spectra!L4) | B18: =IF(AND(Calc!$E$62<>"",Calc!$E$2<>""),SQRT(((O18-L18)/AH18)^2+((W18-V18)/AI18)^2+(AA18/AJ18)^2+AK18*((W18-V18)/AI18)*(AA18/AJ18)),"") | C18: =IF(OR(Calc!$E$62="",Calc!$E$2=""),"",SQRT((Calc!$T$62-Calc!$T$2)^2+(Calc!$U$62-Calc!$U$2)^2+(Calc!$V$62-Calc!$V$2)^2)) | D18: =IF(OR(Calc!$E$63="",Calc!$E$3=""),"",SQRT((Calc!$T$63-Calc!$T$3)^2+(Calc!$U$63-Calc!$U$3)^2+(Calc!$V$63-Calc!$V$3)^2)) | E18: =IF(OR(Calc!$E$64="",Calc!$E$4=""),"",SQRT((Calc!$T$64-Calc!$T$4)^2+(Calc!$U$64-Calc!$U$4)^2+(Calc!$V$64-Calc!$V$4)^2)) | F18: =IF(OR(Calc!$E$65="",Calc!$E$5=""),"",SQRT((Calc!$T$65-Calc!$T$5)^2+(Calc!$U$65-Calc!$U$5)^2+(Calc!$V$65-Calc!$V$5)^2)) | G18: =IF(OR(Calc!$E$66="",Calc!$E$6=""),"",SQRT((Calc!$T$66-Calc!$T$6)^2+(Calc!$U$66-Calc!$U$6)^2+(Calc!$V$66-Calc!$V$6)^2)) | H18: =IF(OR(Calc!$E$67="",Calc!$E$7=""),"",SQRT((Calc!$T$67-Calc!$T$7)^2+(Calc!$U$67-Calc!$U$7)^2+(Calc!$V$67-Calc!$V$7)^2)) | L18: =IF(AND(Calc!$E$62<>"",Calc!$E$2<>""),Calc!$Z$2,"") | M18: =IF(AND(Calc!$E$62<>"",Calc!$E$2<>""),Calc!$AA$2,"") | N18: =IF(AND(Calc!$E$62<>"",Calc!$E$2<>""),Calc!$AB$2,"") | O18: =IF(AND(Calc!$E$62<>"",Calc!$E$2<>""),Calc!$Z$62,"") | P18: =IF(AND(Calc!$E$62<>"",Calc!$E$2<>""),Calc!$AA$62,"") | Q18: =IF(AND(Calc!$E$62<>"",Calc!$E$2<>""),Calc!$AB$62,"") | R18: =IF(AND(Calc!$E$62<>"",Calc!$E$2<>""),(SQRT(M18^2+N18^2)+SQRT(P18^2+Q18^2))/2,"") | S18: =IF(AND(Calc!$E$62<>"",Calc!$E$2<>""),0.5*(1-SQRT(R18^7/(R18^7+25^7))),"") | T18: =IF(AND(Calc!$E$62<>"",Calc!$E$2<>""),(1+S18)*M18,"") | U18: =IF(AND(Calc!$E$62<>"",Calc!$E$2<>""),(1+S18)*P18,"") | V18: =IF(AND(Calc!$E$62<>"",Calc!$E$2<>""),SQRT(T18^2+N18^2),"") | W18: =IF(AND(Calc!$E$62<>"",Calc!$E$2<>""),SQRT(U18^2+Q18^2),"") | X18: =IF(AND(Calc!$E$62<>"",Calc!$E$2<>""),IF(V18=0,0,MOD(DEGREES(ATAN2(T18,N18)),360)),"") | Y18: =IF(AND(Calc!$E$62<>"",Calc!$E$2<>""),IF(W18=0,0,MOD(DEGREES(ATAN2(U18,Q18)),360)),"") | Z18: =IF(AND(Calc!$E$62<>"",Calc!$E$2<>""),IF(V18*W18=0,0,IF((Y18-X18)>180,(Y18-X18)-360,IF((Y18-X18)<-180,(Y18-X18)+360,(Y18-X18)))),"") | AA18: =IF(AND(Calc!$E$62<>"",Calc!$E$2<>""),2*SQRT(V18*W18)*SIN(RADIANS(Z18/2)),"") | AB18: =IF(AND(Calc!$E$62<>"",Calc!$E$2<>""),(L18+O18)/2,"") | AC18: =IF(AND(Calc!$E$62<>"",Calc!$E$2<>""),(V18+W18)/2,"") | AD18: =IF(AND(Calc!$E$62<>"",Calc!$E$2<>""),X18+Y18,"") | AE18: =IF(AND(Calc!$E$62<>"",Calc!$E$2<>""),IF(V18*W18=0,AD18,IF(ABS(X18-Y18)>180,IF(AD18<360,(AD18+360)/2,(AD18-360)/2),AD18/2)),"") | AF18: =IF(AND(Calc!$E$62<>"",Calc!$E$2<>""),1-0.17*COS(RADIANS(AE18-30))+0.24*COS(RADIANS(2*AE18))+0.32*COS(RADIANS(3*AE18+6))-0.2*COS(RADIANS(4*AE18-63)),"") | AG18: =IF(AND(Calc!$E$62<>"",Calc!$E$2<>""),2*SQRT(AC18^7/(AC18^7+25^7)),"") | AH18: =IF(AND(Calc!$E$62<>"",Calc!$E$2<>""),1+0.015*(AB18-50)^2/SQRT(20+(AB18-50)^2),"") | AI18: =IF(AND(Calc!$E$62<>"",Calc!$E$2<>""),1+0.045*AC18,"") | AJ18: =IF(AND(Calc!$E$62<>"",Calc!$E$2<>""),1+0.015*AC18*AF18,"") | AK18: =IF(AND(Calc!$E$62<>"",Calc!$E$2<>""),-SIN(RADIANS(2*30*EXP(-(((AE18-275)/25)^2))))*AG18,"")
A21: For your own lights (a particular store LED, say), paste their spectra on the Custom lights sheet; they then appear in the list of conditions.
A22: WLab differences are material color differences; they correspond to perceived differences under a reference observing condition, like DeltaE00. WLab is not a color appearance space.

Sheet Spectra
A1: Paste spectral reflectance here: 380 to 730 nm every 10 nm, as fractions (0 to 1) or percent (0 to 100).
A2: Column B is the standard; columns C to L are the samples. Put names in row 4. If your instrument starts at 400 nm, repeat the 400 value at 380 and 390.
A4: nm | B4: Brand red standard (5R 5/6) | C4: Submission 1 (smooth) | D4: Submission 2 (jagged) | E4: Sample 3 | F4: Sample 4 | G4: Sample 5 | H4: Sample 6 | I4: Sample 7 | J4: Sample 8 | K4: Sample 9 | L4: Sample 10 | N4: Scale
A5: 380 | B5: 0.11796 | C5: 0.11792 | D5: 0.11796 | N5: =IF(MAX(B5:L40)>1.5,100,1)
A6: 390 | B6: 0.12925 | C6: 0.13531 | D6: 0.22305 | N6: (100 if the data look like percent)
A7: 400 | B7: 0.14565 | C7: 0.15707 | D7: 0.26253
A8: 410 | B8: 0.14825 | C8: 0.16294 | D8: 0.19991
A9: 420 | B9: 0.14569 | C9: 0.15824 | D9: 0.09235
A10: 430 | B10: 0.14305 | C10: 0.14861 | D10: 0.02345
A11: 440 | B11: 0.14183 | C11: 0.13804 | D11: 0.04394
A12: 450 | B12: 0.14016 | C12: 0.13154 | D12: 0.13535
A13: 460 | B13: 0.13801 | C13: 0.1304 | D13: 0.22714
A14: 470 | B14: 0.13623 | C14: 0.13626 | D14: 0.2495
A15: 480 | B15: 0.13284 | C15: 0.14183 | D15: 0.18239
A16: 490 | B16: 0.12803 | C16: 0.14286 | D16: 0.07437
A17: 500 | B17: 0.12475 | C17: 0.13779 | D17: 0.00648
A18: 510 | B18: 0.12302 | C18: 0.12961 | D18: 0.02787
... A40: 730 | B40: 0.3649 | C40: 0.33671 | D40: 0.3649

Sheet Weights
A1: Weights: X = sum over wavelength of weight x reflectance, for each condition (white Y = 100).
A2: Reflectance is used on 380-730 nm at 10 nm, interpolated to 5 nm and held constant beyond 730 nm.
B3: CIE 1931 2deg C | E3: CIE 1931 2deg D50 | H3: CIE 1931 2deg D65 | K3: CIE 1931 2deg A | N3: CIE 1931 2deg E | Q3: CIE 1931 2deg F2 | T3: CIE 1931 2deg F11 | W3: CIE 1964 10deg C | Z3: CIE 1964 10deg D50 | AC3: CIE 1964 10deg D65 | AF3: CIE 1964 10deg A | AI3: CIE 1964 10deg E | AL3: CIE 1964 10deg F2 | AO3: CIE 1964 10deg F11 | AR3: =IF(COUNT('Custom lights'!$B$8:$B$88)>0,'Custom lights'!$B$4,"") | AU3: =IF(COUNT('Custom lights'!$C$8:$C$88)>0,'Custom lights'!$C$4,"")
A4: nm | B4: X | C4: Y | D4: Z | E4: X | F4: Y | G4: Z | H4: X | I4: Y | J4: Z | K4: X | L4: Y | M4: Z | N4: X | O4: Y | P4: Z | Q4: X | R4: Y | S4: Z | T4: X | U4: Y | V4: Z | W4: X | X4: Y | Y4: Z | Z4: X | AA4: Y | AB4: Z | AC4: X | AD4: Y | AE4: Z | AF4: X | AG4: Y | AH4: Z | AI4: X | AJ4: Y | AK4: Z | AL4: X | AM4: Y | AN4: Z | AO4: X | AP4: Y | AQ4: Z | AR4: X | AS4: Y | AT4: Z | AU4: X | AV4: Y | AW4: Z
A5: 380 | B5: 0.0042160007 | C5: 0.00012043145 | D5: 0.019885062 | E5: 0.0030372239 | F5: 8.6751882e-05 | G5: 0.014325062 | H5: 0.0060020715 | I5: 0.00017142651 | J5: 0.028308468 | K5: 0.001185662 | L5: 3.3866013e-05 | M5: 0.0055921755 | N5: 0.011632408 | O5: 0.00033222083 | P5: 0.054863229 | Q5: 0.0011162845 | R5: 3.1888184e-05 | S5: 0.0052650676 | T5: 0.00066564234 | U5: 1.900401e-05 | V5: 0.0031392473 | W5: 0.00078708666 | X5: 8.5040251e-05 | Y5: 0.0034774982 | Z5: 0.00056568591 | AA5: 6.1093777e-05 | AB5: 0.0024991388 | AC5: 0.0010890872 | AD5: 0.00011758654 | AE5: 0.0048112407 | AF5: 0.00022738927 | AG5: 2.455822e-05 | AH5: 0.0010045831 | AI5: 0.0021044027 | AJ5: 0.00022715549 | AK5: 0.0092962312 | AL5: 0.00021916944 | AM5: 2.3684044e-05 | AN5: 0.00096835899 | AO5: 0.00011450797 | AP5: 1.2335806e-05 | AQ5: 0.0005056775 | AR5: =Custom1!$AV$5 | AS5: =Custom1!$AW$5 | AT5: =Custom1!$AX$5 | AU5: =Custom2!$AV$5 | AV5: =Custom2!$AW$5 | AW5: =Custom2!$AX$5
A6: 390 | B6: 0.021451061 | C6: 0.00060822406 | D6: 0.10142875 | E6: 0.014671075 | F6: 0.00041602348 | G6: 0.069373666 | H6: 0.026172318 | I6: 0.00074219109 | J6: 0.12375385 | K6: 0.0053081078 | L6: 0.00015051478 | M6: 0.025097744 | N6: 0.042982825 | O6: 0.0012189229 | P6: 0.20321621 | Q6: 0.0060393959 | R6: 0.00017123422 | S6: 0.028556879 | T6: 0.0013903388 | U6: 3.9443992e-05 | V6: 0.0065720408 | W6: 0.013829612 | X6: 0.001474376 | Y6: 0.061605745 | Z6: 0.0097649718 | AA6: 0.001040783 | AB6: 0.0435072 | AC6: 0.017002941 | AD6: 0.0018125409 | AE6: 0.075748067 | AF6: 0.0035375805 | AG6: 0.00037721231 | AH6: 0.015756956 | AI6: 0.027061505 | AJ6: 0.0028865891 | AK6: 0.12051241 | AL6: 0.0040757966 | AM6: 0.00043450081 | AN6: 0.018156497 | AO6: 0.00085196928 | AP6: 9.0966463e-05 | AQ6: 0.0037921464 | AR6: =Custom1!$AV$6 | AS6: =Custom1!$AW$6 | AT6: =Custom1!$AX$6 | AU6: =Custom2!$AV$6 | AV6: =Custom2!$AW$6 | AW6: =Custom2!$AX$6
A7: 400 | B7: 0.091551893 | C7: 0.0025374529 | D7: 0.43442226 | E7: 0.069925782 | F7: 0.0019378596 | G7: 0.3318 | H7: 0.11626304 | I7: 0.0032223815 | J7: 0.55166043 | K7: 0.02079739 | L7: 0.00057651632 | M7: 0.098682429 | N7: 0.13911162 | O7: 0.0038579729 | P7: 0.66001985 | Q7: 0.081744017 | R7: 0.0022593946 | S7: 0.38822062 | T7: 0.05699487 | U7: 0.0015737933 | V7: 0.27076645 | W7: 0.12630615 | X7: 0.013192011 | Y7: 0.57091434 | Z7: 0.09786591 | AA7: 0.010222225 | AB7: 0.44232823 | AC7: 0.16009444 | AD7: 0.016723567 | AE7: 0.72353107 | AF7: 0.02987212 | AG7: 0.0031204158 | AH7: 0.13500869 | AI7: 0.19042916 | AJ7: 0.019899678 | AK7: 0.86037498 | AL7: 0.13369393 | AM7: 0.013916407 | AN7: 0.60616622 | AO7: 0.097376125 | AP7: 0.010125541 | AQ7: 0.44191565 | AR7: =Custom1!$AV$7 | AS7: =Custom1!$AW$7 | AT7: =Custom1!$AX$7 | AU7: =Custom2!$AV$7 | AV7: =Custom2!$AW$7 | AW7: =Custom2!$AX$7
A8: 410 | B8: 0.36699227 | C8: 0.010242098 | D8: 1.7514236 | E8: 0.25367844 | F8: 0.0070778317 | G8: 1.2105314 | H8: 0.4059471 | I8: 0.011325379 | J8: 1.93709 | K8: 0.079014487 | L8: 0.0022049791 | M8: 0.37707562 | N8: 0.43946733 | O8: 0.012259417 | P8: 2.0969685 | Q8: 0.16890259 | R8: 0.0046974798 | S8: 0.80500419 | T8: 0.097558818 | U8: 0.0027089166 | V8: 0.4646839 | W8: 0.62493845 | X8: 0.064468049 | Y8: 2.8881457 | Z8: 0.43967257 | AA8: 0.045363119 | AB8: 2.0310777 | AC8: 0.6946521 | AD8: 0.071673759 | AE8: 3.2085685 | AF8: 0.14081256 | AG8: 0.014526761 | AH8: 0.65068197 | AI8: 0.75756355 | AJ8: 0.078169346 | AK8: 3.4986488 | AL8: 0.30023245 | AM8: 0.031039346 | AN8: 1.3800967 | AO8: 0.17323715 | AP8: 0.017928863 | AQ8: 0.79435248 | AR8: =Custom1!$AV$8 | AS8: =Custom1!$AW$8 | AT8: =Custom1!$AX$8 | AU8: =Custom2!$AV$8 | AV8: =Custom2!$AW$8 | AW8: =Custom2!$AX$8
A9: 420 | B9: 1.3158362 | C9: 0.041146194 | D9: 6.3361411 | E9: 0.7922093 | F9: 0.024671067 | G9: 3.8138408 | H9: 1.2214563 | I9: 0.038004853 | J9: 5.8800131 | K9: 0.27884456 | L9: 0.0087206913 | M9: 1.342728 | N9: 1.3128806 | O9: 0.040895916 | P9: 6.3205013 | Q9: 0.41126776 | R9: 0.012873975 | S9: 1.9804961 | T9: 0.25872968 | U9: 0.0081772223 | V9: 1.2466179 | W9: 1.7177658 | X9: 0.18326271 | Y9: 8.19923 | Z9: 1.0592879 | AA9: 0.11281033 | AB9: 5.0526742 | AC9: 1.6147612 | AD9: 0.17190002 | AE9: 7.7009768 | AF9: 0.38079653 | AG9: 0.040628351 | AH9: 1.8176346 | AI9: 1.745152 | AJ9: 0.18587105 | AK9: 8.3240571 | AL9: 0.55911557 | AM9: 0.059678069 | AN9: 2.6692722 | AO9: 0.34589032 | AP9: 0.037079358 | AQ9: 1.6541349 | AR9: =Custom1!$AV$9 | AS9: =Custom1!$AW$9 | AT9: =Custom1!$AX$9 | AU9: =Custom2!$AV$9 | AV9: =Custom2!$AW$9 | AW9: =Custom2!$AX$9
A10: 430 | B10: 2.9403963 | C10: 0.12592719 | D10: 14.38256 | E10: 1.5998216 | F10: 0.068691136 | G10: 7.8262983 | H10: 2.3663002 | I10: 0.10128612 | J10: 11.574045 | K10: 0.64077085 | L10: 0.027512324 | M10: 3.1346595 | N10: 2.5994408 | O10: 0.11075587 | P10: 12.711447 | Q10: 2.6219879 | R10: 0.12638163 | S10: 12.907206 | T10: 2.4611125 | U10: 0.11952662 | V10: 12.120561 | W10: 2.997732 | X10: 0.37571623 | Y10: 14.825485 | Z10: 1.6589423 | AA10: 0.20815906 | AB10: 8.2054752 | AC10: 2.4236587 | AD10: 0.30360417 | AE10: 11.98463 | AF10: 0.68305456 | AG10: 0.085728252 | AH10: 3.3788622 | AI10: 2.6826077 | AJ10: 0.33527078 | AK10: 13.260652 | AL10: 2.7321336 | AM10: 0.36536129 | AN10: 13.653347 | AO10: 2.5622866 | AP10: 0.34421059 | AQ10: 12.814698 | AR10: =Custom1!$AV$10 | AS10: =Custom1!$AW$10 | AT10: =Custom1!$AX$10 | AU10: =Custom2!$AV$10 | AV10: =Custom2!$AW$10 | AW10: =Custom2!$AX$10
A11: 440 | B11: 3.9044495 | C11: 0.26417864 | D11: 19.623134 | E11: 2.4286521 | F11: 0.16586419 | G11: 12.214117 | H11: 3.3858961 | I11: 0.23048777 | J11: 17.024307 | K11: 0.91484934 | L11: 0.062290481 | M11: 4.5999501 | N11: 3.2125286 | O11: 0.216739 | P11: 16.142376 | Q11: 3.7392361 | R11: 0.22524047 | S11: 18.647587 | T11: 3.7594098 | U11: 0.22822563 | V11: 18.757454 | W11: 3.896595 | X11: 0.64154197 | Y11: 20.005233 | Z11: 2.4650155 | AA11: 0.40831869 | AB11: 12.665225 | AC11: 3.3914976 | AD11: 0.56059401 | AE11: 17.420789 | AF11: 0.95547163 | AG11: 0.15795925 | AH11: 4.9079518 | AI11: 3.2399937 | AJ11: 0.53244389 | AK11: 16.630268 | AL11: 3.8754736 | AM11: 0.59254203 | AN11: 19.713536 | AO11: 3.9025309 | AP11: 0.59959982 | AQ11: 19.862917 | AR11: =Custom1!$AV$11 | AS11: =Custom1!$AW$11 | AT11: =Custom1!$AX$11 | AU11: =Custom2!$AV$11 | AV11: =Custom2!$AW$11 | AW11: =Custom2!$AX$11
A12: 450 | B12: 3.891676 | C12: 0.44697598 | D12: 20.548637 | E12: 2.7404672 | F12: 0.31669835 | G12: 14.480602 | H12: 3.6600527 | I12: 0.42192006 | J12: 19.334015 | K12: 1.0257415 | L12: 0.11894432 | M12: 5.4221905 | N12: 3.1330764 | O12: 0.35982791 | P12: 16.543006 | Q12: 1.5109049 | R12: 0.17473379 | S12: 7.9842872 | T12: 1.6259641 | U12: 0.18701961 | V12: 8.586808 | W12: 3.8743532 | X12: 0.9478256 | Y12: 20.852488 | Z12: 2.7727922 | AA12: 0.68184433 | AB12: 14.932959 | AC12: 3.6556064 | AD12: 0.89706401 | AE12: 19.682538 | AF12: 1.0678286 | AG12: 0.26334019 | AH12: 5.7526601 | AI12: 3.1525046 | AJ12: 0.77119716 | AK12: 16.967229 | AL12: 1.5689747 | AM12: 0.38605811 | AN12: 8.4502483 | AO12: 1.6911685 | AP12: 0.4142297 | AQ12: 9.1035891 | AR12: =Custom1!$AV$12 | AS12: =Custom1!$AW$12 | AT12: =Custom1!$AX$12 | AU12: =Custom2!$AV$12 | AV12: =Custom2!$AW$12 | AW12: =Custom2!$AX$12
A13: 460 | B13: 3.3330615 | C13: 0.70012652 | D13: 19.135701 | E13: 2.4713028 | F13: 0.52015271 | G13: 14.192853 | H13: 3.1973711 | I13: 0.67118418 | J13: 18.355049 | K13: 1.0054906 | L13: 0.21352114 | M13: 5.7826399 | N13: 2.6937962 | O13: 0.5659452 | P13: 15.466049 | Q13: 1.4083723 | R13: 0.29748759 | S13: 8.0928729 | T13: 1.3176009 | U13: 0.27339258 | V13: 7.5502595 | W13: 3.1523817 | X13: 1.35196 | Y13: 18.223308 | Z13: 2.3757168 | AA13: 1.020934 | AB13: 13.737684 | AC13: 3.0345004 | AD13: 1.3006069 | AE13: 17.540322 | AF13: 0.99396538 | AG13: 0.43091133 | AH13: 5.7551132 | AI13: 2.5749746 | AJ13: 1.1045307 | AK13: 14.885842 | AL13: 1.3892024 | AM13: 0.5990952 | AN13: 8.0372891 | AO13: 1.3034151 | AP13: 0.55228019 | AQ13: 7.5214939 | AR13: =Custom1!$AV$13 | AS13: =Custom1!$AW$13 | AT13: =Custom1!$AX$13 | AU13: =Custom2!$AV$13 | AV13: =Custom2!$AW$13 | AW13: =Custom2!$AX$13
A14: 470 | B14: 2.2768383 | C14: 1.0709951 | D14: 14.946242 | E14: 1.707979 | F14: 0.80522949 | G14: 11.21632 | H14: 2.1407521 | I14: 1.0052374 | J14: 14.048069 | K14: 0.77244617 | L14: 0.36850437 | M14: 5.0838163 | N14: 1.8340461 | O14: 0.86204287 | P14: 12.037811 | Q14: 1.005166 | R14: 0.47413105 | S14: 6.6017947 | T14: 0.74329638 | U14: 0.33907774 | V14: 4.8524226 | W14: 2.0468633 | X14: 1.9573581 | Y14: 13.742338 | Z14: 1.5606934 | AA14: 1.4958664 | AB14: 10.483454 | AC14: 1.9312784 | AD14: 1.8435907 | AE14: 12.960818 | AF14: 0.72579969 | AG14: 0.70403737 | AH14: 4.8887872 | AI14: 1.6665284 | AJ14: 1.592405 | AK14: 11.186808 | AL14: 0.94275151 | AM14: 0.90406256 | AN14: 6.3335908 | AO14: 0.6996716 | AP14: 0.6486746 | AQ14: 4.6649637 | AR14: =Custom1!$AV$14 | AS14: =Custom1!$AW$14 | AT14: =Custom1!$AX$14 | AU14: =Custom2!$AV$14 | AV14: =Custom2!$AW$14 | AW14: =Custom2!$AX$14
A15: 480 | B15: 1.1377973 | C15: 1.6256407 | D15: 9.5446141 | E15: 0.87696908 | F15: 1.2556399 | G15: 7.3612906 | H15: 1.0665622 | I15: 1.5199781 | J15: 8.9414415 | K15: 0.43221758 | L15: 0.62977601 | M15: 3.6450575 | N15: 0.91554914 | O15: 1.3100263 | P15: 7.6831916 | Q15: 0.51012779 | R15: 0.72994573 | S15: 4.2810445 | T15: 0.44247231 | U15: 0.77388109 | V15: 3.9269478 | W15: 0.88144996 | X15: 2.6966247 | Y15: 8.2830927 | Z15: 0.69035998 | AA15: 2.1171237 | AB15: 6.4935449 | AC15: 0.82941073 | AD15: 2.5304746 | AE15: 7.7868764 | AF15: 0.34906576 | AG15: 1.0912937 | AH15: 3.3062085 | AI15: 0.71668628 | AJ15: 2.1960857 | AK15: 6.7386104 | AL15: 0.41226272 | AM15: 1.2633312 | AN15: 3.8764285 | AO15: 0.34472512 | AP15: 1.3221418 | AQ15: 3.5279548 | AR15: =Custom1!$AV$15 | AS15: =Custom1!$AW$15 | AT15: =Custom1!$AX$15 | AU15: =Custom2!$AV$15 | AV15: =Custom2!$AW$15 | AW15: =Custom2!$AX$15
A16: 490 | B16: 0.38905407 | C16: 2.3776135 | D16: 5.3851079 | E16: 0.30185889 | F16: 1.8644651 | G16: 4.195767 | H16: 0.35679145 | I16: 2.1884088 | J16: 4.9448089 | K16: 0.16787464 | L16: 1.0606088 | M16: 2.3563865 | N16: 0.31975085 | O16: 1.9744679 | P16: 4.4448808 | Q16: 0.17739064 | R16: 1.0905193 | S16: 2.4615971 | T16: 0.32743989 | U16: 1.8718689 | V16: 4.4210848 | W16: 0.20327617 | X16: 3.5043054 | Y16: 4.3764479 | Z16: 0.15997099 | AA16: 2.7910088 | AB16: 3.465045 | AC16: 0.18704864 | AD16: 3.2352392 | AE16: 4.0318262 | AF16: 0.090778734 | AG16: 1.6310494 | AH16: 2.0006442 | AI16: 0.1683265 | AJ16: 2.9386848 | AK16: 3.6493258 | AL16: 0.096503166 | AM16: 1.676382 | AN16: 2.0869473 | AO16: 0.18056179 | AP16: 2.9015888 | AQ16: 3.76423 | AR16: =Custom1!$AV$16 | AS16: =Custom1!$AW$16 | AT16: =Custom1!$AX$16 | AU16: =Custom2!$AV$16 | AV16: =Custom2!$AW$16 | AW16: =Custom2!$AX$16
A17: 500 | B17: 0.072175139 | C17: 3.4333957 | D17: 2.9350136 | E17: 0.060635487 | F17: 2.9807904 | G17: 2.513704 | H17: 0.06945409 | I17: 3.384863 | J17: 2.864465 | K17: 0.036457317 | L17: 1.8305932 | M17: 1.5295254 | N17: 0.062934791 | O17: 3.0692993 | P17: 2.5960016 | Q17: 0.033810592 | R17: 1.6291804 | S17: 1.3847951 | T17: 0.031367203 | U17: 1.078733 | V17: 1.0639923 | W17: 0.066131575 | X17: 4.3915864 | Y17: 2.1571608 | Z17: 0.059133816 | AA17: 3.8675183 | AB17: 1.8748041 | AC17: 0.066075047 | AD17: 4.33716 | AE17: 2.1096642 | AF17: 0.037800696 | AG17: 2.4405125 | AH17: 1.1725748 | AI17: 0.060449075 | AJ17: 3.9608481 | AK17: 1.9256978 | AL17: 0.032974713 | AM17: 2.1723362 | AN17: 1.0612563 | AO17: 0.019084381 | AP17: 1.476797 | AQ17: 0.83195429 | AR17: =Custom1!$AV$17 | AS17: =Custom1!$AW$17 | AT17: =Custom1!$AX$17 | AU17: =Custom2!$AV$17 | AV17: =Custom2!$AW$17 | AW17: =Custom2!$AX$17
A18: 510 | B18: 0.11822478 | C18: 4.8507843 | D18: 1.5524879 | E18: 0.11533062 | F18: 4.6467 | G18: 1.4706614 | H18: 0.12678098 | I18: 5.1413885 | J18: 1.6331771 | K18: 0.078665813 | L18: 3.1097641 | M18: 0.9731308 | N18: 0.11721312 | O18: 4.7294677 | P18: 1.4982692 | Q18: 0.060298991 | R18: 2.4392895 | S18: 0.77431343 | T18: 0.011088917 | U18: 0.52877403 | V18: 0.18485574 | W18: 0.3483211 | X18: 5.2930795 | Y18: 1.023307 | Z18: 0.34281949 | AA18: 5.1467366 | AB18: 0.98506132 | AC18: 0.37304081 | AD18: 5.6235678 | AE18: 1.0797961 | AF18: 0.23867776 | AG18: 3.5391568 | AH18: 0.67056486 | AI18: 0.34658784 | AJ18: 5.2085082 | AK18: 0.99773762 | AL18: 0.18424104 | AM18: 2.7742235 | AN18: 0.53243511 | AO18: 0.036316325 | AP18: 0.61050329 | AQ18: 0.12787402 | AR18: =Custom1!$AV$18 | AS18: =Custom1!$AW$18 | AT18: =Custom1!$AX$18 | AU18: =Custom2!$AV$18 | AV18: =Custom2!$AW$18 | AW18: =Custom2!$AX$18
A19: 520 | B19: 0.60450032 | C19: 6.4446104 | D19: 0.74534894 | E19: 0.61935974 | F19: 6.5643223 | G19: 0.7549137 | H19: 0.66235466 | I19: 7.0434386 | J19: 0.8127706 | K19: 0.45172294 | L19: 4.7541596 | M19: 0.54265866 | N19: 0.62055108 | O19: 6.6009004 | P19: 0.76141739 | Q19: 0.32946839 | R19: 3.4787645 | S19: 0.39861348 | T19: 0.040227477 | U19: 0.44243248 | V19: 0.052875286 | W19: 0.99184327 | X19: 6.2789058 | Y19: 0.5119709 | Z19: 1.0307842 | AA19: 6.4987442 | AB19: 0.5272633 | AC19: 1.0894032 | AD19: 6.8844739 | AE19: 0.56021279 | AF19: 0.77164342 | AG19: 4.8407181 | AH19: 0.39020912 | AI19: 1.0282193 | AJ19: 6.4985842 | AK19: 0.52870654 | AL19: 0.56198499 | AM19: 3.533825 | AN19: 0.28579128 | AO19: 0.069785094 | AP19: 0.45164204 | AQ19: 0.037875018 | AR19: =Custom1!$AV$19 | AS19: =Custom1!$AW$19 | AT19: =Custom1!$AX$19 | AU19: =Custom2!$AV$19 | AV19: =Custom2!$AW$19 | AW19: =Custom2!$AX$19
A20: 530 | B20: 1.5405101 | C20: 7.9165869 | D20: 0.39415807 | E20: 1.6089326 | F20: 8.2772606 | G20: 0.41260795 | H20: 1.6851309 | I20: 8.6810866 | J20: 0.43357824 | K20: 1.2310148 | L20: 6.3032052 | M20: 0.31219717 | N20: 1.5589813 | O20: 8.0295669 | P20: 0.40102798 | Q20: 0.9364656 | R20: 4.7654756 | S20: 0.23401677 | T20: 0.27109707 | U20: 1.2251766 | V20: 0.050067985 | W20: 1.9895516 | X20: 7.3107413 | Y20: 0.25944529 | Z20: 2.1130743 | AA20: 7.7710774 | AB20: 0.27613301 | AC20: 2.1851675 | AD20: 8.0448571 | AE20: 0.28645575 | AF20: 1.6618122 | AG20: 6.0889554 | AH20: 0.21488208 | AI20: 2.0361446 | AJ20: 7.4951924 | AK20: 0.2668777 | AL20: 1.2588237 | AM20: 4.5900512 | AN20: 0.16050211 | AO20: 0.35444237 | AP20: 1.1762718 | AQ20: 0.033702369 | AR20: =Custom1!$AV$20 | AS20: =Custom1!$AW$20 | AT20: =Custom1!$AX$20 | AU20: =Custom2!$AV$20 | AV20: =Custom2!$AW$20 | AW20: =Custom2!$AX$20
A21: 540 | B21: 2.8001602 | C21: 9.1139109 | D21: 0.20006787 | E21: 2.8067136 | F21: 9.1519748 | G21: 0.20175556 | H21: 2.8878843 | I21: 9.4251738 | J21: 0.20818756 | K21: 2.3334769 | L21: 7.5798231 | M21: 0.16566886 | N21: 2.728539 | O21: 8.8977863 | P21: 0.19615066 | Q21: 2.863005 | R21: 8.8125874 | S21: 0.17155986 | T21: 8.5886164 | U21: 25.855278 | V21: 0.46607224 | W21: 3.2831321 | X21: 8.317595 | Y21: 0.12071927 | Z21: 3.3466265 | AA21: 8.4915605 | AB21: 0.12382992 | AC21: 3.399212 | AD21: 8.6315737 | AE21: 0.12615324 | AF21: 2.8614998 | AG21: 7.2372189 | AH21: 0.10451958 | AI21: 3.234482 | AJ21: 8.2075692 | AK21: 0.1196938 | AL21: 3.4682878 | AM21: 8.3800904 | AN21: 0.10553177 | AO21: 10.382259 | AP21: 24.613461 | AQ21: 0.28462478 | AR21: =Custom1!$AV$21 | AS21: =Custom1!$AW$21 | AT21: =Custom1!$AX$21 | AU21: =Custom2!$AV$21 | AV21: =Custom2!$AW$21 | AW21: =Custom2!$AX$21
A22: 550 | B22: 4.2899166 | C22: 9.7894739 | D22: 0.090203191 | E22: 4.2128804 | F22: 9.6217947 | G22: 0.088836221 | H22: 4.2567287 | I22: 9.7289962 | J22: 0.089996057 | K22: 3.7557353 | L22: 8.5494731 | M22: 0.078284974 | N22: 4.0677165 | O22: 9.2886137 | P22: 0.085745728 | Q22: 5.2666661 | R22: 12.309256 | S22: 0.12096961 | T22: 9.9580283 | U22: 24.555928 | V22: 0.27148091 | W22: 4.7564324 | X22: 8.8597886 | Y22: 0.037823983 | Z22: 4.7492079 | AA22: 8.852923 | AB22: 0.037942382 | AC22: 4.736718 | AD22: 8.8353044 | AE22: 0.038002772 | AF22: 4.3554557 | AG22: 8.0953105 | AH22: 0.034146992 | AI22: 4.5587299 | AJ22: 8.496541 | AK22: 0.036398452 | AL22: 6.1125489 | AM22: 11.628878 | AN22: 0.05580931 | AO22: 11.653755 | AP22: 23.239075 | AQ22: 0.1366233 | AR22: =Custom1!$AV$22 | AS22: =Custom1!$AW$22 | AT22: =Custom1!$AX$22 | AU22: =Custom2!$AV$22 | AV22: =Custom2!$AW$22 | AW22: =Custom2!$AX$22
A23: 560 | B23: 5.8688108 | C23: 9.7939208 | D23: 0.040275742 | E23: 5.6588528 | F23: 9.4463347 | G23: 0.03887779 | H23: 5.6243791 | I23: 9.3943172 | J23: 0.038718397 | K23: 5.5274307 | L23: 9.1942835 | M23: 0.037522374 | N23: 5.5669215 | O23: 9.2848703 | P23: 0.038135208 | Q23: 6.5903419 | R23: 10.916122 | S23: 0.044091356 | T23: 1.4590487 | U23: 2.5730979 | V23: 0.012072413 | W23: 6.3045248 | X23: 8.8927553 | Y23: 0.0024532931 | Z23: 6.1802758 | AA23: 8.7198001 | AB23: 0.0024199886 | AC23: 6.0631359 | AD23: 8.5590248 | AE23: 0.0023946459 | AF23: 6.2106046 | AG23: 8.7348813 | AH23: 0.0023116565 | AI23: 6.0439068 | AJ23: 8.520838 | AK23: 0.0023379871 | AL23: 7.3824113 | AM23: 10.343868 | AN23: 0.0025701886 | AO23: 1.6458838 | AP23: 2.4386605 | AQ23: 0.0013264338 | AR23: =Custom1!$AV$23 | AS23: =Custom1!$AW$23 | AT23: =Custom1!$AX$23 | AU23: =Custom2!$AV$23 | AV23: =Custom2!$AW$23 | AW23: =Custom2!$AX$23
A24: 570 | B24: 7.3009669 | C24: 9.1185945 | D24: 0.021044474 | E24: 7.1134303 | F24: 8.8738789 | G24: 0.020453013 | H24: 6.9639673 | I24: 8.692425 | J24: 0.020049473 | K24: 7.5765972 | L24: 9.4274982 | M24: 0.021652229 | N24: 7.1242651 | O24: 8.8857374 | P24: 0.020471354 | Q24: 9.9683499 | R24: 12.343154 | S24: 0.028196694 | T24: 1.2989237 | U24: 1.5628293 | V24: 0.0034794584 | W24: 7.6114016 | X24: 8.2872301 | Y24: 0 | Z24: 7.5380478 | AA24: 8.1988237 | AB24: 0 | AC24: 7.2843134 | AD24: 7.926887 | AE24: 0 | AF24: 8.2601629 | AG24: 8.9637969 | AH24: 0 | AI24: 7.5053544 | AJ24: 8.1618659 | AK24: 0 | AL24: 10.831599 | AM24: 11.703831 | AN24: 0 | AO24: 1.4072626 | AP24: 1.4827596 | AQ24: 0 | AR24: =Custom1!$AV$24 | AS24: =Custom1!$AW$24 | AT24: =Custom1!$AX$24 | AU24: =Custom2!$AV$24 | AV24: =Custom2!$AW$24 | AW24: =Custom2!$AX$24
A25: 580 | B25: 8.3825553 | C25: 7.9776567 | D25: 0.014948314 | E25: 8.5271628 | F25: 8.1080969 | G25: 0.015187693 | H25: 8.2030492 | I25: 7.8047169 | J25: 0.014623967 | K25: 9.6996902 | L25: 9.197267 | M25: 0.017201788 | N25: 8.5481355 | O25: 8.1223314 | P25: 0.015207292 | Q25: 13.442796 | R25: 12.815147 | S25: 0.024050855 | T25: 6.6331574 | U25: 6.1009207 | V25: 0.011245661 | W25: 8.4300773 | X25: 7.2438935 | Y25: 0 | Z25: 8.7171956 | AA25: 7.4849008 | AB25: 0 | AC25: 8.2774252 | AD25: 7.1110307 | AE25: 0 | AF25: 10.201962 | AG25: 8.7389899 | AH25: 0 | AI25: 8.6871587 | AJ25: 7.4546988 | AK25: 0 | AL25: 14.107428 | AM25: 12.139298 | AN25: 0 | AO25: 6.9439052 | AP25: 5.795011 | AQ25: 0 | AR25: =Custom1!$AV$25 | AS25: =Custom1!$AW$25 | AT25: =Custom1!$AX$25 | AU25: =Custom2!$AV$25 | AV25: =Custom2!$AW$25 | AW25: =Custom2!$AX$25
A26: 590 | B26: 8.9482098 | C26: 6.6308843 | D26: 0.010093608 | E26: 9.2134812 | F26: 6.8199076 | G26: 0.010377483 | H26: 8.6756239 | I26: 6.4266656 | J26: 0.0097845885 | K26: 11.53697 | L26: 8.5226254 | M26: 0.012940941 | N26: 9.5639826 | O26: 7.0777074 | P26: 0.010762083 | Q26: 12.961874 | R26: 9.6160126 | S26: 0.014647802 | T26: 8.6851556 | U26: 6.5037312 | V26: 0.0099732635 | W26: 8.8202346 | X26: 6.1586234 | Y26: 0 | Z26: 9.2315616 | AA26: 6.4401867 | AB26: 0 | AC26: 8.5803384 | AD26: 5.9895178 | AE26: 0 | AF26: 11.894492 | AG26: 8.2844726 | AH26: 0 | AI26: 9.5269011 | AJ26: 6.6449109 | AK26: 0 | AL26: 13.333586 | AM26: 9.3184282 | AN26: 0 | AO26: 8.9539308 | AP26: 6.304545 | AQ26: 0 | AR26: =Custom1!$AV$26 | AS26: =Custom1!$AW$26 | AT26: =Custom1!$AX$26 | AU26: =Custom2!$AV$26 | AV26: =Custom2!$AW$26 | AW26: =Custom2!$AX$26
A27: 600 | B27: 8.91884 | C27: 5.328765 | D27: 0.0067634328 | E27: 9.7956079 | F27: 5.8445337 | G27: 0.0074025738 | H27: 8.9786296 | I27: 5.3602847 | J27: 0.006795446 | K27: 12.636852 | L27: 7.5349885 | M27: 0.009534089 | N27: 9.8887168 | O27: 5.9044064 | P27: 0.0074866666 | Q27: 11.913922 | R27: 7.1396825 | S27: 0.0091040799 | T27: 6.1515181 | U27: 3.6758301 | V27: 0.0046613609 | W27: 8.5515947 | X27: 5.0342499 | Y27: 0 | Z27: 9.5465222 | AA27: 5.6138218 | AB27: 0 | AC27: 8.6374129 | AD27: 5.0816165 | AE27: 0 | AF27: 12.673021 | AG27: 7.4486504 | AH27: 0 | AI27: 9.5820613 | AJ27: 5.6379842 | AK27: 0 | AL27: 11.925652 | AM27: 7.0371811 | AN27: 0 | AO27: 6.1617314 | AP27: 3.6279898 | AQ27: 0 | AR27: =Custom1!$AV$27 | AS27: =Custom1!$AW$27 | AT27: =Custom1!$AX$27 | AU27: =Custom2!$AV$27 | AV27: =Custom2!$AW$27 | AW27: =Custom2!$AX$27
A28: 610 | B28: 8.2864091 | C28: 4.1840559 | D28: 0.0031599755 | E28: 9.4047065 | F28: 4.7474418 | G28: 0.003579972 | H28: 8.439968 | I28: 4.261948 | J28: 0.0032194839 | K28: 12.593556 | L28: 6.3519838 | M28: 0.0047715419 | N28: 9.3330657 | O28: 4.7119208 | P28: 0.0035561666 | Q28: 9.4206327 | R28: 4.7735054 | S28: 0.0036669704 | T28: 27.481149 | U28: 13.642115 | V28: 0.009157918 | W28: 7.7199691 | X28: 3.9756948 | Y28: 0 | Z28: 8.9071567 | AA28: 4.5860837 | AB28: 0 | AC28: 7.8901293 | AD28: 4.0636011 | AE28: 0 | AF28: 12.272823 | AG28: 6.3148142 | AH28: 0 | AI28: 8.7879172 | AJ28: 4.5251902 | AK28: 0 | AL28: 9.1645052 | AM28: 4.733084 | AN28: 0 | AO28: 26.672796 | AP28: 13.548113 | AQ28: 0 | AR28: =Custom1!$AV$28 | AS28: =Custom1!$AW$28 | AT28: =Custom1!$AX$28 | AU28: =Custom2!$AV$28 | AV28: =Custom2!$AW$28 | AW28: =Custom2!$AX$28
A29: 620 | B29: 7.0320998 | C29: 3.1537128 | D29: 0.0014898628 | E29: 7.9862498 | F29: 3.5822432 | G29: 0.0016942987 | H29: 7.03342 | I29: 3.155538 | J29: 0.0014940134 | K29: 11.293966 | L29: 5.0619037 | M29: 0.0023841527 | N29: 7.9515418 | O29: 3.5659929 | P29: 0.0016845 | Q29: 6.4135082 | R29: 2.8846858 | S29: 0.0013817302 | T29: 12.35667 | U29: 5.643801 | V29: 0.0028247506 | W29: 6.4096501 | X29: 2.9955504 | Y29: 0 | Z29: 7.4004792 | AA29: 3.4590878 | AB29: 0 | AC29: 6.4329904 | AD29: 3.0074004 | AE29: 0 | AF29: 10.769797 | AG29: 5.03074 | AH29: 0 | AI29: 7.3252587 | AJ29: 3.4234089 | AK29: 0 | AL29: 6.1017133 | AM29: 2.8583632 | AN29: 0 | AO29: 11.800561 | AP29: 5.5981932 | AQ29: 0 | AR29: =Custom1!$AV$29 | AS29: =Custom1!$AW$29 | AT29: =Custom1!$AX$29 | AU29: =Custom2!$AV$29 | AV29: =Custom2!$AW$29 | AW29: =Custom2!$AX$29
A30: 630 | B30: 5.3264873 | C30: 2.2065813 | D30: 0.00047529858 | E30: 5.9249977 | F30: 2.454585 | G30: 0.00052920199 | H30: 5.1218132 | I30: 2.122226 | J30: 0.00045856281 | K30: 8.9926513 | L30: 3.7238499 | M30: 0.00079798819 | N30: 6.0316797 | O30: 2.498675 | P30: 0.00053810416 | Q30: 3.758086 | R30: 1.5602757 | S30: 0.00034568867 | T30: 4.850749 | U30: 2.0200989 | V30: 0.00046021121 | W30: 4.8401104 | X30: 2.1248208 | Y30: 0 | Z30: 5.4732839 | AA30: 2.4028181 | AB30: 0 | AC30: 4.6700869 | AD30: 2.0505077 | AE30: 0 | AF30: 8.5486642 | AG30: 3.7516638 | AH30: 0 | AI30: 5.539538 | AJ30: 2.4318366 | AK30: 0 | AL30: 3.5651244 | AM30: 1.5678808 | AN30: 0 | AO30: 4.6150435 | AP30: 2.0348675 | AQ30: 0 | AR30: =Custom1!$AV$30 | AS30: =Custom1!$AW$30 | AT30: =Custom1!$AX$30 | AU30: =Custom2!$AV$30 | AV30: =Custom2!$AW$30 | AW30: =Custom2!$AX$30
A31: 640 | B31: 3.7102248 | C31: 1.4547877 | D31: 0.00016501773 | E31: 4.1990567 | F31: 1.6464243 | G31: 0.00018678939 | H31: 3.5429962 | I31: 1.389345 | J31: 0.00015783197 | K31: 6.5682175 | L31: 2.5747869 | M31: 0.00029118207 | N31: 4.2077406 | O31: 1.6498742 | P31: 0.00018716666 | Q31: 1.9769359 | R31: 0.77643629 | S31: 8.9862664e-05 | T31: 0.93358471 | U31: 0.36825742 | V31: 4.4308541e-05 | W31: 3.2566846 | X31: 1.3612722 | Y31: 0 | Z31: 3.7469412 | AA31: 1.5661682 | AB31: 0 | AC31: 3.1207485 | AD31: 1.3045757 | AE31: 0 | AF31: 6.0307582 | AG31: 2.5202048 | AH31: 0 | AI31: 3.7329233 | AJ31: 1.560346 | AK31: 0 | AL31: 1.8132176 | AM31: 0.7591544 | AN31: 0 | AO31: 0.86097362 | AP31: 0.36198389 | AQ31: 0 | AR31: =Custom1!$AV$31 | AS31: =Custom1!$AW$31 | AT31: =Custom1!$AX$31 | AU31: =Custom2!$AV$31 | AV31: =Custom2!$AW$31 | AW31: =Custom2!$AX$31
A32: 650 | B32: 2.3726545 | C32: 0.89773049 | D32: 2.066097e-05 | E32: 2.6317206 | F32: 0.99579068 | G32: 2.315697e-05 | H32: 2.1867928 | I32: 0.82748513 | J32: 1.9367103e-05 | K32: 4.3722745 | L32: 1.6541031 | M32: 3.7424276e-05 | N32: 2.6823323 | O32: 1.0149112 | P32: 2.3395833e-05 | Q32: 0.93770622 | R32: 0.35514415 | S32: 9.2714092e-06 | T32: 0.60314579 | U32: 0.22796684 | V32: 3.9954522e-06 | W32: 2.0342419 | X32: 0.81894888 | Y32: 0 | Z32: 2.2939183 | AA32: 0.92353431 | AB32: 0 | AC32: 1.8814129 | AD32: 0.75750111 | AE32: 0 | AF32: 3.9216892 | AG32: 1.5785932 | AH32: 0 | AI32: 2.3243749 | AJ32: 0.9357606 | AK32: 0 | AL32: 0.83948248 | AM32: 0.3383005 | AN32: 0 | AO32: 0.54006146 | AP32: 0.21714881 | AQ32: 0 | AR32: =Custom1!$AV$32 | AS32: =Custom1!$AW$32 | AT32: =Custom1!$AX$32 | AU32: =Custom2!$AV$32 | AV32: =Custom2!$AW$32 | AW32: =Custom2!$AX$32
A33: 660 | B33: 1.3818553 | C33: 0.51210248 | D33: 0 | E33: 1.5660917 | F33: 0.58033243 | G33: 0 | H33: 1.2733702 | I33: 0.47188103 | J33: 0 | K33: 2.6605203 | L33: 0.98587503 | M33: 0 | N33: 1.5668189 | O33: 0.58063779 | P33: 0 | Q33: 0.4056431 | R33: 0.15040664 | S33: 0 | T33: 0.29633945 | U33: 0.10988812 | V33: 0 | W33: 1.1624804 | X33: 0.45973766 | Y33: 0 | Z33: 1.3393216 | AA33: 0.52964157 | AB33: 0 | AC33: 1.0748684 | AD33: 0.4250758 | AE33: 0 | AF33: 2.341533 | AG33: 0.9259653 | AH33: 0 | AI33: 1.3321726 | AJ33: 0.52684001 | AK33: 0 | AL33: 0.35622087 | AM33: 0.1409344 | AN33: 0 | AO33: 0.2605894 | AP33: 0.10310536 | AQ33: 0 | AR33: =Custom1!$AV$33 | AS33: =Custom1!$AW$33 | AT33: =Custom1!$AX$33 | AU33: =Custom2!$AV$33 | AV33: =Custom2!$AW$33 | AW33: =Custom2!$AX$33
A34: 670 | B34: 0.72982332 | C34: 0.26745912 | D34: 0 | E34: 0.87209675 | F34: 0.31958644 | G34: 0 | H34: 0.69400747 | I34: 0.25432891 | J34: 0 | K34: 1.4849581 | L34: 0.54416059 | M34: 0 | N34: 0.84131416 | O34: 0.30831029 | P34: 0 | Q34: 0.16114426 | R34: 0.059071477 | S34: 0 | T34: 0.10469246 | U34: 0.038386598 | V34: 0 | W34: 0.61188774 | X34: 0.23967065 | Y34: 0 | Z34: 0.74334317 | AA34: 0.29115084 | AB34: 0 | AC34: 0.58387056 | AD34: 0.22869265 | AE34: 0 | AF34: 1.3024661 | AG34: 0.51013634 | AH34: 0 | AI34: 0.71288678 | AJ34: 0.27922552 | AK34: 0 | AL34: 0.14103202 | AM34: 0.055254568 | AN34: 0 | AO34: 0.091744149 | AP34: 0.035951696 | AQ34: 0 | AR34: =Custom1!$AV$34 | AS34: =Custom1!$AW$34 | AT34: =Custom1!$AX$34 | AU34: =Custom2!$AV$34 | AV34: =Custom2!$AW$34 | AW34: =Custom2!$AX$34
A35: 680 | B35: 0.37539494 | C35: 0.13653999 | D35: 0 | E35: 0.44692713 | F35: 0.16256275 | G35: 0 | H35: 0.35163429 | I35: 0.12790181 | J35: 0 | K35: 0.8141232 | L35: 0.29609841 | M35: 0 | N35: 0.44461441 | O35: 0.161712 | P35: 0 | Q35: 0.063180573 | R35: 0.022985036 | S35: 0 | T35: 0.048659554 | U35: 0.017692819 | V35: 0 | W35: 0.3012724 | X35: 0.11735931 | Y35: 0 | Z35: 0.36470414 | AA35: 0.14207081 | AB35: 0 | AC35: 0.28322646 | AD35: 0.11033132 | AE35: 0 | AF35: 0.68329495 | AG35: 0.26616646 | AH35: 0 | AI35: 0.36056648 | AJ35: 0.14045495 | AK35: 0 | AL35: 0.052997683 | AM35: 0.020647242 | AN35: 0 | AO35: 0.040719548 | AP35: 0.015859588 | AQ35: 0 | AR35: =Custom1!$AV$35 | AS35: =Custom1!$AW$35 | AT35: =Custom1!$AX$35 | AU35: =Custom2!$AV$35 | AV35: =Custom2!$AW$35 | AW35: =Custom2!$AX$35
A36: 690 | B36: 0.17810631 | C36: 0.064445948 | D36: 0 | E36: 0.20127567 | F36: 0.072830039 | G36: 0 | H36: 0.15896654 | I36: 0.057520811 | J36: 0 | K36: 0.41736329 | L36: 0.1510142 | M36: 0 | N36: 0.22024837 | O36: 0.079693226 | P36: 0 | Q36: 0.024507732 | R36: 0.0088683863 | S36: 0 | T36: 0.02964728 | U36: 0.01072837 | V36: 0 | W36: 0.14118539 | X36: 0.054870159 | Y36: 0 | Z36: 0.16219257 | AA36: 0.063034428 | AB36: 0 | AC36: 0.12643596 | AD36: 0.049138019 | AE36: 0 | AF36: 0.34617335 | AG36: 0.13453464 | AH36: 0 | AI36: 0.17646767 | AJ36: 0.06858167 | AK36: 0 | AL36: 0.020270706 | AM36: 0.0078782208 | AN36: 0 | AO36: 0.024558927 | AP36: 0.0095450036 | AQ36: 0 | AR36: =Custom1!$AV$36 | AS36: =Custom1!$AW$36 | AT36: =Custom1!$AX$36 | AU36: =Custom2!$AV$36 | AV36: =Custom2!$AW$36 | AW36: =Custom2!$AX$36
A37: 700 | B37: 0.08396443 | C37: 0.030326546 | D37: 0 | E37: 0.10112617 | F37: 0.036524843 | G37: 0 | H37: 0.078972229 | I37: 0.028523283 | J37: 0 | K37: 0.21381824 | L37: 0.077227112 | M37: 0 | N37: 0.10918601 | O37: 0.039436016 | P37: 0 | Q37: 0.0090727466 | R37: 0.003276977 | S37: 0 | T37: 0.014160361 | U37: 0.0051141618 | V37: 0 | W37: 0.064597685 | X37: 0.025081541 | Y37: 0 | Z37: 0.079038584 | AA37: 0.030688532 | AB37: 0 | AC37: 0.060922422 | AD37: 0.023654536 | AE37: 0 | AF37: 0.17198792 | AG37: 0.066778265 | AH37: 0 | AI37: 0.084864004 | AJ37: 0.032950403 | AK37: 0 | AL37: 0.0072963406 | AM37: 0.0028329785 | AN37: 0 | AO37: 0.011244305 | AP37: 0.0043660507 | AQ37: 0 | AR37: =Custom1!$AV$37 | AS37: =Custom1!$AW$37 | AT37: =Custom1!$AX$37 | AU37: =Custom2!$AV$37 | AV37: =Custom2!$AW$37 | AW37: =Custom2!$AX$37
A38: 710 | B38: 0.040640979 | C38: 0.014676846 | D38: 0 | E38: 0.051732614 | F38: 0.018682413 | G38: 0 | H38: 0.040980517 | I38: 0.014799467 | J38: 0 | K38: 0.1124362 | L38: 0.040604604 | M38: 0 | N38: 0.055682083 | O38: 0.020108719 | P38: 0 | Q38: 0.0036442153 | R38: 0.0013160467 | S38: 0 | T38: 0.018472152 | U38: 0.0066709197 | V38: 0 | W38: 0.029192637 | X38: 0.011337351 | Y38: 0 | Z38: 0.037779218 | AA38: 0.014672003 | AB38: 0 | AC38: 0.029534975 | AD38: 0.011470257 | AE38: 0 | AF38: 0.084444781 | AG38: 0.0327954 | AH38: 0 | AI38: 0.040407961 | AJ38: 0.015693015 | AK38: 0 | AL38: 0.0027356508 | AM38: 0.0010624154 | AN38: 0 | AO38: 0.013869444 | AP38: 0.0053861394 | AQ38: 0 | AR38: =Custom1!$AV$38 | AS38: =Custom1!$AW$38 | AT38: =Custom1!$AX$38 | AU38: =Custom2!$AV$38 | AV38: =Custom2!$AW$38 | AW38: =Custom2!$AX$38
A39: 720 | B39: 0.019280888 | C39: 0.0069634396 | D39: 0 | E39: 0.022899334 | F39: 0.0082702673 | G39: 0 | H39: 0.018245161 | I39: 0.0065893776 | J39: 0 | K39: 0.058133588 | L39: 0.020995385 | M39: 0 | N39: 0.027972058 | O39: 0.010102321 | P39: 0 | Q39: 0.0014198011 | R39: 0.0005127721 | S39: 0 | T39: 0.0024197552 | U39: 0.00087391468 | V39: 0 | W39: 0.013158759 | X39: 0.0051166685 | Y39: 0 | Z39: 0.015888805 | AA39: 0.0061781735 | AB39: 0 | AC39: 0.012494719 | AD39: 0.004858427 | AE39: 0 | AF39: 0.041492126 | AG39: 0.016134119 | AH39: 0 | AI39: 0.01928893 | AJ39: 0.007500417 | AK39: 0 | AL39: 0.0010118938 | AM39: 0.00039345417 | AN39: 0 | AO39: 0.0017428683 | AP39: 0.00067739903 | AQ39: 0 | AR39: =Custom1!$AV$39 | AS39: =Custom1!$AW$39 | AT39: =Custom1!$AX$39 | AU39: =Custom2!$AV$39 | AV39: =Custom2!$AW$39 | AW39: =Custom2!$AX$39
A40: 730 | B40: 0.016399802 | C40: 0.0059220224 | D40: 0 | E40: 0.022715912 | F40: 0.0082008684 | G40: 0 | H40: 0.018250136 | I40: 0.006588643 | J40: 0 | K40: 0.05781588 | L40: 0.02087226 | M40: 0 | N40: 0.026505139 | O40: 0.0095688957 | P40: 0 | Q40: 0.0010242653 | R40: 0.00036981141 | S40: 0 | T40: 0.000453547 | U40: 0.0001637589 | V40: 0 | W40: 0.010944189 | X40: 0.0042765698 | Y40: 0 | Z40: 0.015420378 | AA40: 0.0060256717 | AB40: 0 | AC40: 0.012227956 | AD40: 0.0047782238 | AE40: 0 | AF40: 0.040454101 | AG40: 0.015813489 | AH40: 0 | AI40: 0.01790671 | AJ40: 0.0069989606 | AK40: 0 | AL40: 0.0007131597 | AM40: 0.0002786379 | AN40: 0 | AO40: 0.00031663087 | AP40: 0.00012378165 | AQ40: 0 | AR40: =Custom1!$AV$40 | AS40: =Custom1!$AW$40 | AT40: =Custom1!$AX$40 | AU40: =Custom2!$AV$40 | AV40: =Custom2!$AW$40 | AW40: =Custom2!$AX$40

Sheet Custom lights
A1: Your own lights: paste a measured spectrum (380-780 nm every 5 nm, any scale) and give it a name.
A2: The workbook builds its Wpt normalization (Technical annex A.3) and adds it to the list of conditions on the Report sheet.
A4: Name | B4: Made-up white LED (example) | C4: Custom light 2 | D4: Example in column B: a made-up white LED (blue LED plus phosphor), not a measured light. Replace it with yours.
A5: Observer | B5: CIE 1931 2deg | C5: CIE 1931 2deg
A7: nm
A8: 380 | B8: 0.0764
A9: 385 | B9: 0.112
A10: 390 | B10: 0.1624
A11: 395 | B11: 0.2332
A12: 400 | B12: 0.3314
A13: 405 | B13: 0.4665
A14: 410 | B14: 0.6564
A15: 415 | B15: 0.9637
A16: 420 | B16: 1.6758
A17: 425 | B17: 3.8631
A18: 430 | B18: 10.2581
A19: 435 | B19: 24.8823
... A88: 780 | B88: 0.0062

Sheet Base
A1: The 40 base reflectances (Munsell Value 5 / Chroma 6) and their reference p, t (Technical annex A.4).
B4: nm | C4: 2.5B 5/6 | D4: 2.5BG 5/6 | E4: 2.5G 5/6 | F4: 2.5GY 5/6 | G4: 2.5PB 5/6 | H4: 2.5P 5/6 | I4: 2.5RP 5/6 | J4: 2.5R 5/6 | K4: 2.5YR 5/6 | L4: 2.5Y 5/6 | M4: 5B 5/6 | N4: 5BG 5/6 | O4: 5G 5/6 | P4: 5GY 5/6 | Q4: 5PB 5/6 | R4: 5P 5/6 | S4: 5RP 5/6 | T4: 5R 5/6 | U4: 5YR 5/6 | V4: 5Y 5/6 | W4: 7.5B 5/6 | X4: 7.5BG 5/6 | Y4: 7.5G 5/6 | Z4: 7.5GY 5/6 | AA4: 7.5PB 5/6 | AB4: 7.5P 5/6 | AC4: 7.5RP 5/6 | AD4: 7.5R 5/6 | AE4: 7.5YR 5/6 | AF4: 7.5Y 5/6 | AG4: 10B 5/6 | AH4: 10BG 5/6 | AI4: 10G 5/6 | AJ4: 10GY 5/6 | AK4: 10PB 5/6 | AL4: 10P 5/6 | AM4: 10RP 5/6 | AN4: 10R 5/6 | AO4: 10YR 5/6 | AP4: 10Y 5/6
B5: 380 | C5: 0.087548874 | D5: 0.070615775 | E5: 0.072654242 | F5: 0.043945072 | G5: 0.13444972 | H5: 0.17090173 | I5: 0.14416443 | J5: 0.12751313 | K5: 0.08953364 | L5: 0.046504431 | M5: 0.098664641 | N5: 0.067844822 | O5: 0.069651276 | P5: 0.049442946 | Q5: 0.14881474 | R5: 0.16883181 | S5: 0.1357076 | T5: 0.11796216 | U5: 0.075746326 | V5: 0.039570484 | W5: 0.10856559 | X5: 0.070539305 | Y5: 0.0725524 | Z5: 0.063164263 | AA5: 0.16539494 | AB5: 0.15518821 | AC5: 0.1384445 | AD5: 0.1116829 | AE5: 0.065309612 | AF5: 0.036687137 | AG5: 0.1208202 | AH5: 0.076434382 | AI5: 0.071377106 | AJ5: 0.078595165 | AK5: 0.16960801 | AL5: 0.14562743 | AM5: 0.13780126 | AN5: 0.10098715 | AO5: 0.055653122 | AP5: 0.038172428
B6: 385 | C6: 0.089122579 | D6: 0.071013222 | E6: 0.074970629 | F6: 0.043979868 | G6: 0.14532814 | H6: 0.18586544 | I6: 0.14697052 | J6: 0.12868761 | K6: 0.089693758 | L6: 0.046839798 | M6: 0.1057675 | N6: 0.073786526 | O6: 0.074519178 | P6: 0.049443242 | Q6: 0.15776074 | R6: 0.17169571 | S6: 0.14359834 | T6: 0.11961336 | U6: 0.075792021 | V6: 0.040077128 | W6: 0.11800558 | X6: 0.073259979 | Y6: 0.073301502 | Z6: 0.063164449 | AA6: 0.17078358 | AB6: 0.16178615 | AC6: 0.14430419 | AD6: 0.11331619 | AE6: 0.065333348 | AF6: 0.036918752 | AG6: 0.12780114 | AH6: 0.083315587 | AI6: 0.076689319 | AJ6: 0.07865495 | AK6: 0.17225306 | AL6: 0.15348406 | AM6: 0.1403994 | AN6: 0.10186626 | AO6: 0.055819022 | AP6: 0.03828879
B7: 390 | C7: 0.11278367 | D7: 0.088943059 | E7: 0.077287016 | F7: 0.044014664 | G7: 0.15620656 | H7: 0.20082915 | I7: 0.16793065 | J7: 0.14108923 | K7: 0.089853876 | L7: 0.047175032 | M7: 0.11646948 | N7: 0.095008095 | O7: 0.07938708 | P7: 0.049443538 | Q7: 0.16755051 | R7: 0.17746089 | S7: 0.15394712 | T7: 0.12925223 | U7: 0.075837717 | V7: 0.040583751 | W7: 0.12744557 | X7: 0.097975362 | Y7: 0.074050604 | Z7: 0.063164635 | AA7: 0.19966883 | AB7: 0.1963456 | AC7: 0.157357 | AD7: 0.12063671 | AE7: 0.065357085 | AF7: 0.037150367 | AG7: 0.13478209 | AH7: 0.11100201 | AI7: 0.082001532 | AJ7: 0.078714735 | AK7: 0.1762626 | AL7: 0.16458616 | AM7: 0.15236103 | AN7: 0.10471844 | AO7: 0.055984922 | AP7: 0.038405152
B8: 395 | C8: 0.14475281 | D8: 0.10835921 | E8: 0.079713966 | F8: 0.04404946 | G8: 0.19681885 | H8: 0.21837811 | I8: 0.19965425 | J8: 0.1545893 | K8: 0.090013994 | L8: 0.047510135 | M8: 0.14761381 | N8: 0.11905868 | O8: 0.092254799 | P8: 0.049443834 | Q8: 0.2106634 | R8: 0.22567665 | S8: 0.18338017 | T8: 0.13971535 | U8: 0.075883412 | V8: 0.041090351 | W8: 0.15826258 | X8: 0.12721664 | Y8: 0.088067495 | Z8: 0.063164822 | AA8: 0.24192886 | AB8: 0.2401796 | AC8: 0.17978172 | AD8: 0.12769112 | AE8: 0.065380821 | AF8: 0.037381982 | AG8: 0.16546128 | AH8: 0.14350983 | AI8: 0.10002653 | AJ8: 0.07877452 | AK8: 0.2158888 | AL8: 0.20485425 | AM8: 0.16856738 | AN8: 0.10716129 | AO8: 0.056150821 | AP8: 0.038521514
B9: 400 | C9: 0.17931493 | D9: 0.12404616 | E9: 0.085022998 | F9: 0.044084255 | G9: 0.24251791 | H9: 0.27307909 | I9: 0.23297369 | J9: 0.16320429 | K9: 0.090174112 | L9: 0.047845112 | M9: 0.18312129 | N9: 0.13842605 | O9: 0.10162134 | P9: 0.049444129 | Q9: 0.25865584 | R9: 0.28009908 | S9: 0.20929293 | T9: 0.14565224 | U9: 0.075929108 | V9: 0.041596931 | W9: 0.19435325 | X9: 0.1515247 | Y9: 0.097716164 | Z9: 0.063165008 | AA9: 0.28435826 | AB9: 0.28140116 | AC9: 0.19706144 | AD9: 0.13061625 | AE9: 0.065404558 | AF9: 0.037613597 | AG9: 0.20339451 | AH9: 0.174239 | AI9: 0.11456201 | AJ9: 0.078912481 | AK9: 0.26277293 | AL9: 0.24624104 | AM9: 0.17931097 | AN9: 0.10781944 | AO9: 0.056316721 | AP9: 0.038637876
B10: 405 | C10: 0.20687443 | D10: 0.13323403 | E10: 0.087889736 | F10: 0.044119051 | G10: 0.28147637 | H10: 0.31862133 | I10: 0.25586286 | J10: 0.16701781 | K10: 0.090523833 | L10: 0.048054177 | M10: 0.21422115 | N10: 0.15173143 | O10: 0.10743255 | P10: 0.049444425 | Q10: 0.2990569 | R10: 0.3235321 | S10: 0.22417187 | T10: 0.14831352 | U10: 0.076046425 | V10: 0.042371051 | W10: 0.22963026 | X10: 0.16634114 | Y10: 0.10359601 | Z10: 0.063165194 | AA10: 0.31782386 | AB10: 0.30389812 | AC10: 0.20564023 | AD10: 0.13140239 | AE10: 0.065387885 | AF10: 0.038698152 | AG10: 0.24150542 | AH10: 0.1942137 | AI10: 0.12296897 | AJ10: 0.078986684 | AK10: 0.30495553 | AL10: 0.27753054 | AM10: 0.18328333 | AN10: 0.10793951 | AO10: 0.0560886 | AP10: 0.038754238
B11: 410 | C11: 0.22250149 | D11: 0.13878737 | E11: 0.089277681 | F11: 0.044153619 | G11: 0.30614585 | H11: 0.34394805 | I11: 0.26544773 | J11: 0.16688539 | K11: 0.090374756 | L11: 0.047918791 | M11: 0.23507806 | N11: 0.1589861 | O11: 0.10957428 | P11: 0.049442946 | Q11: 0.32321493 | R11: 0.34819688 | S11: 0.22956708 | T11: 0.14824575 | U11: 0.075909593 | V11: 0.042131829 | W11: 0.25539447 | X11: 0.17711449 | Y11: 0.10663964 | Z11: 0.063164263 | AA11: 0.33609602 | AB11: 0.31507058 | AC11: 0.20720224 | AD11: 0.13090448 | AE11: 0.065360542 | AF11: 0.038394521 | AG11: 0.27112223 | AH11: 0.20650217 | AI11: 0.12742496 | AJ11: 0.079022891 | AK11: 0.33082564 | AL11: 0.29058925 | AM11: 0.18278427 | AN11: 0.10753051 | AO11: 0.056044617 | AP11: 0.039598833
B12: 415 | C12: 0.23112554 | D12: 0.14242949 | E12: 0.090059562 | F12: 0.044038598 | G12: 0.31910168 | H12: 0.35463621 | I12: 0.26883611 | J12: 0.16545171 | K12: 0.089733216 | L12: 0.04748886 | M12: 0.24554955 | N12: 0.16362696 | O12: 0.11131118 | P12: 0.049471994 | Q12: 0.33466601 | R12: 0.35663128 | S12: 0.23046577 | T12: 0.14688429 | U12: 0.076061417 | V12: 0.041524417 | W12: 0.26732011 | X12: 0.18243419 | Y12: 0.10932904 | Z12: 0.063379015 | AA12: 0.3452004 | AB12: 0.31717244 | AC12: 0.20627576 | AD12: 0.12930108 | AE12: 0.065324612 | AF12: 0.037985443 | AG12: 0.28511077 | AH12: 0.2125792 | AI12: 0.13107317 | AJ12: 0.079467392 | AK12: 0.34420473 | AL12: 0.29590907 | AM12: 0.18105277 | AN12: 0.10603221 | AO12: 0.055799387 | AP12: 0.039049385
B13: 420 | C13: 0.23490591 | D13: 0.14547734 | E13: 0.091402785 | F13: 0.043961458 | G13: 0.32477411 | H13: 0.35915885 | I13: 0.26903133 | J13: 0.16396405 | K13: 0.089883181 | L13: 0.047189291 | M13: 0.24948541 | N13: 0.16767722 | O13: 0.11321298 | P13: 0.049578328 | Q13: 0.34046914 | R13: 0.35895965 | S13: 0.22954814 | T13: 0.14568698 | U13: 0.075912242 | V13: 0.041061057 | W13: 0.27072116 | X13: 0.18738764 | Y13: 0.11206885 | Z13: 0.063626417 | AA13: 0.35069647 | AB13: 0.31737415 | AC13: 0.20348673 | AD13: 0.12791086 | AE13: 0.065346111 | AF13: 0.037718609 | AG13: 0.28992587 | AH13: 0.21804354 | AI13: 0.13351248 | AJ13: 0.079892204 | AK13: 0.35127464 | AL13: 0.29669071 | AM13: 0.17880689 | AN13: 0.10556962 | AO13: 0.055660183 | AP13: 0.038585959
B14: 425 | C14: 0.24380667 | D14: 0.14952576 | E14: 0.092889238 | F14: 0.04400334 | G14: 0.32985158 | H14: 0.36060913 | I14: 0.26779894 | J14: 0.16190403 | K14: 0.090181081 | L14: 0.046900481 | M14: 0.26195524 | N14: 0.17269636 | O14: 0.11443696 | P14: 0.049556065 | Q14: 0.34477845 | R14: 0.35667932 | S14: 0.2282651 | T14: 0.14411159 | U14: 0.075839406 | V14: 0.040434265 | W14: 0.28534503 | X14: 0.19365485 | Y14: 0.11515414 | Z14: 0.063847954 | AA14: 0.35480333 | AB14: 0.3162129 | AC14: 0.20094478 | AD14: 0.1266547 | AE14: 0.065428578 | AF14: 0.03718935 | AG14: 0.30306767 | AH14: 0.22466888 | AI14: 0.1366274 | AJ14: 0.08044237 | AK14: 0.35712505 | AL14: 0.29531674 | AM14: 0.1764607 | AN14: 0.10540705 | AO14: 0.055660293 | AP14: 0.038460597
B15: 430 | C15: 0.24731128 | D15: 0.15317733 | E15: 0.094578878 | F15: 0.044109658 | G15: 0.33539075 | H15: 0.36097722 | I15: 0.26513107 | J15: 0.16078064 | K15: 0.090174463 | L15: 0.046865028 | M15: 0.26651422 | N15: 0.17854621 | O15: 0.11620651 | P15: 0.049702677 | Q15: 0.34910868 | R15: 0.35277652 | S15: 0.22560829 | T15: 0.14304781 | U15: 0.07599782 | V15: 0.04020202 | W15: 0.28936709 | X15: 0.19944201 | Y15: 0.118692 | Z15: 0.064137818 | AA15: 0.35965333 | AB15: 0.31444488 | AC15: 0.19870275 | AD15: 0.12566224 | AE15: 0.065665638 | AF15: 0.036843514 | AG15: 0.30677162 | AH15: 0.23027928 | AI15: 0.14039732 | AJ15: 0.080913621 | AK15: 0.36080341 | AL15: 0.29226614 | AM15: 0.17529254 | AN15: 0.10491388 | AO15: 0.055787648 | AP15: 0.03819962
B16: 435 | C16: 0.25651701 | D16: 0.1578635 | E16: 0.096244486 | F16: 0.044477105 | G16: 0.34001804 | H16: 0.35810315 | I16: 0.26152996 | J16: 0.16019617 | K16: 0.089988002 | L16: 0.046810754 | M16: 0.27715935 | N16: 0.18298115 | O16: 0.11846873 | P16: 0.050050765 | Q16: 0.35210129 | R16: 0.34774172 | S16: 0.22344211 | T16: 0.14244978 | U16: 0.075878412 | V16: 0.039891732 | W16: 0.30056966 | X16: 0.2064263 | Y16: 0.12348078 | Z16: 0.064705375 | AA16: 0.3623523 | AB16: 0.31181826 | AC16: 0.19682302 | AD16: 0.12518538 | AE16: 0.065691515 | AF16: 0.036726779 | AG16: 0.31704135 | AH16: 0.23763965 | AI16: 0.14474471 | AJ16: 0.081708545 | AK16: 0.36377539 | AL16: 0.28844581 | AM16: 0.1746283 | AN16: 0.10462333 | AO16: 0.055930992 | AP16: 0.038188334
... B85: 780 | C85: 0.19181394 | D85: 0.12723474 | E85: 0.11266778 | F85: 0.20494558 | G85: 0.2580529 | H85: 0.36674138 | I85: 0.36593287 | J85: 0.37997148 | K85: 0.34824817 | L85: 0.25380439 | M85: 0.2581006 | N85: 0.13317117 | O85: 0.11047653 | P85: 0.17196628 | Q85: 0.27439644 | R85: 0.36557542 | S85: 0.39830989 | T85: 0.36324911 | U85: 0.32478681 | V85: 0.24247702 | W85: 0.28679958 | X85: 0.14536902 | Y85: 0.12675221 | Z85: 0.14609559 | AA85: 0.32014468 | AB85: 0.33205617 | AC85: 0.40346814 | AD85: 0.35547434 | AE85: 0.3088642 | AF85: 0.23280671 | AG85: 0.27728021 | AH85: 0.17325004 | AI85: 0.1311773 | AJ85: 0.12901469 | AK85: 0.36298774 | AL85: 0.32281635 | AM85: 0.39898199 | AN85: 0.35694081 | AO85: 0.26635868 | AP85: 0.21662566
B87: ref p | C87: -18.286733 | D87: -25.73747 | E87: -26.727513 | F87: -14.547943 | G87: -2.1543605 | H87: 16.444593 | I87: 25.61618 | J87: 26.695816 | K87: 20.134326 | L87: 3.0201305 | M87: -14.662318 | N87: -24.425411 | O87: -27.141775 | P87: -18.386623 | Q87: 2.4610905 | R87: 19.278193 | S87: 26.609814 | T87: 26.068302 | U87: 16.424746 | V87: -1.7814229 | W87: -10.750198 | X87: -23.207392 | Y87: -26.99351 | Z87: -22.626938 | AA87: 8.2508544 | AB87: 22.159519 | AC87: 27.027216 | AD87: 24.960942 | AE87: 12.796927 | AF87: -6.2742469 | AG87: -6.7637871 | AH87: -20.862292 | AI87: -26.474912 | AJ87: -24.946093 | AK87: 13.249721 | AL87: 24.180822 | AM87: 26.96348 | AN87: 22.990358 | AO87: 7.9935215 | AP87: -10.193624
B88: ref t | C88: -19.772693 | D88: -3.2592035 | E88: 9.3542767 | F88: 24.622564 | G88: -27.229742 | H88: -21.152011 | I88: -4.383212 | J88: 10.982796 | K88: 21.813906 | L88: 27.00548 | M88: -23.072228 | N88: -7.6296496 | O88: 5.5267831 | P88: 22.450283 | Q88: -27.136539 | R88: -17.713468 | S88: 0.99367154 | T88: 13.978104 | U88: 23.88414 | V88: 27.172141 | W88: -25.202882 | X88: -11.447483 | Y88: 2.6844398 | Z88: 18.610492 | AA88: -26.213569 | AB88: -13.139019 | AC88: 4.8202491 | AD88: 16.602786 | AE88: 25.245926 | AF88: 26.933903 | AG88: -26.378698 | AH88: -16.164733 | AI88: -0.23689008 | AJ88: 14.673293 | AK88: -24.245972 | AL88: -8.8070181 | AM88: 8.1618102 | AN88: 19.685469 | AO88: 26.379399 | AP88: 26.207984

Sheet Tables
A1: CIE observers and illuminants, 380-780 nm at 5 nm (from the companion package).
A4: nm | B4: CIE 1931 x | C4: CIE 1931 y | D4: CIE 1931 z | E4: CIE 1964 x | F4: CIE 1964 y | G4: CIE 1964 z | H4: CIE 2015 x | I4: CIE 2015 y | J4: CIE 2015 z | K4: A | L4: C | M4: D50 | N4: D65 | O4: E | P4: F2 | Q4: F11
A5: 380 | B5: 0.001368 | C5: 3.9e-05 | D5: 0.00645 | E5: 0.00016 | F5: 1.7e-05 | G5: 0.000705 | H5: 0 | I5: 0 | J5: 0 | K5: 9.7951 | L5: 33 | M5: 24.457147 | N5: 49.9755 | O5: 100 | P5: 1.18 | Q5: 0.91
A6: 385 | B6: 0.002236 | C6: 6.4e-05 | D6: 0.01055 | E6: 0.000662 | F6: 7.2e-05 | G6: 0.002928 | H6: 0 | I6: 0 | J6: 0 | K6: 10.8996 | L6: 39.92 | M6: 27.14728 | N6: 52.3118 | O6: 100 | P6: 1.48 | Q6: 0.63
A7: 390 | B7: 0.004243 | C7: 0.00012 | D7: 0.02005 | E7: 0.002362 | F7: 0.000253 | G7: 0.010482 | H7: 0.003769647 | I7: 0.0004146161 | J7: 0.0184726 | K7: 12.0853 | L7: 47.4 | M7: 29.837414 | N7: 54.6482 | O7: 100 | P7: 1.84 | Q7: 0.46
A8: 395 | B8: 0.00765 | C8: 0.000217 | D8: 0.03621 | E8: 0.007242 | F8: 0.000769 | G8: 0.032344 | H8: 0.009382967 | I8: 0.001059646 | J8: 0.04609784 | K8: 13.3543 | L8: 55.17 | M8: 39.547443 | N8: 68.7015 | O8: 100 | P8: 2.15 | Q8: 0.37
A9: 400 | B9: 0.01431 | C9: 0.000396 | D9: 0.06785 | E9: 0.01911 | F9: 0.002004 | G9: 0.086011 | H9: 0.02214302 | I9: 0.002452194 | J9: 0.109609 | K9: 14.708 | L9: 63.3 | M9: 49.257472 | N9: 82.7549 | O9: 100 | P9: 3.44 | Q9: 1.29
A10: 405 | B10: 0.02319 | C10: 0.00064 | D10: 0.1102 | E10: 0.0434 | F10: 0.004509 | G10: 0.19712 | H10: 0.04742986 | I10: 0.004971717 | J10: 0.2369246 | K10: 16.148 | L10: 71.81 | M10: 52.859364 | N10: 87.1204 | O10: 100 | P10: 15.69 | Q10: 12.68
A11: 410 | B11: 0.04351 | C11: 0.00121 | D11: 0.2074 | E11: 0.084736 | F11: 0.008756 | G11: 0.389366 | H11: 0.08953803 | I11: 0.00907986 | J11: 0.4508369 | K11: 17.6753 | L11: 80.6 | M11: 56.461255 | N11: 91.486 | O11: 100 | P11: 3.85 | Q11: 1.59
A12: 415 | B12: 0.07763 | C12: 0.00218 | D12: 0.3713 | E12: 0.140638 | F12: 0.014456 | G12: 0.65676 | H12: 0.1446214 | I12: 0.01429377 | J12: 0.7378822 | K12: 19.2907 | L12: 89.53 | M12: 58.222678 | N12: 92.4589 | O12: 100 | P12: 3.74 | Q12: 1.79
A13: 420 | B13: 0.13438 | C13: 0.004 | D13: 0.6456 | E13: 0.204492 | F13: 0.021391 | G13: 0.972542 | H13: 0.2035729 | I13: 0.02027369 | J13: 1.051821 | K13: 20.995 | L13: 98.1 | M13: 59.9841 | N13: 93.4318 | O13: 100 | P13: 4.19 | Q13: 2.46
A14: 425 | B14: 0.21477 | C14: 0.0073 | D14: 1.03905 | E14: 0.264737 | F14: 0.029497 | G14: 1.2825 | H14: 0.2488523 | I14: 0.02612106 | J14: 1.305008 | K14: 22.7883 | L14: 105.8 | M14: 58.878685 | N14: 90.057 | O14: 100 | P14: 4.62 | Q14: 3.33
A15: 430 | B15: 0.2839 | C15: 0.0116 | D15: 1.3856 | E15: 0.314679 | F15: 0.038676 | G15: 1.55348 | H15: 0.2918246 | I15: 0.03319038 | J15: 1.552826 | K15: 24.6709 | L15: 112.4 | M15: 57.77327 | N15: 86.6823 | O15: 100 | P15: 5.06 | Q15: 4.49
A16: 435 | B16: 0.3285 | C16: 0.01684 | D16: 1.62296 | E16: 0.357719 | F16: 0.049602 | G16: 1.7985 | H16: 0.3227087 | I16: 0.0415794 | J16: 1.74828 | K16: 26.6425 | L16: 117.75 | M16: 66.274622 | N16: 95.7736 | O16: 100 | P16: 34.98 | Q16: 33.94
... A85: 780 | B85: 4.2e-05 | C85: 1.5e-05 | D85: 0 | E85: 3.3e-05 | F85: 1.3e-05 | G85: 0 | H85: 3.806114e-05 | I85: 1.487243e-05 | J85: 0 | K85: 241.675 | L85: 0 | M85: 78.310068 | N85: 63.3828 | O85: 100 | P85: 0.27 | Q85: 0.09

Sheet Interp
A1: Interpolation from 10 nm reflectance (380-730 nm) to the 5 nm grid; values beyond 730 nm are held.
B4: 380 | C4: 390 | D4: 400 | E4: 410 | F4: 420 | G4: 430 | H4: 440 | I4: 450 | J4: 460 | K4: 470 | L4: 480 | M4: 490 | N4: 500 | O4: 510 | P4: 520 | Q4: 530 | R4: 540 | S4: 550 | T4: 560 | U4: 570 | V4: 580 | W4: 590 | X4: 600 | Y4: 610 | Z4: 620 | AA4: 630 | AB4: 640 | AC4: 650 | AD4: 660 | AE4: 670 | AF4: 680 | AG4: 690 | AH4: 700 | AI4: 710 | AJ4: 720 | AK4: 730
A5: 380 | B5: 1 | C5: 0 | D5: 0 | E5: 0 | F5: 0 | G5: 0 | H5: 0 | I5: 0 | J5: 0 | K5: 0 | L5: 0 | M5: 0 | N5: 0 | O5: 0 | P5: 0 | Q5: 0 | R5: 0 | S5: 0 | T5: 0 | U5: 0 | V5: 0 | W5: 0 | X5: 0 | Y5: 0 | Z5: 0 | AA5: 0 | AB5: 0 | AC5: 0 | AD5: 0 | AE5: 0 | AF5: 0 | AG5: 0 | AH5: 0 | AI5: 0 | AJ5: 0 | AK5: 0
A6: 385 | B6: 0.5 | C6: 0.5 | D6: 0 | E6: 0 | F6: 0 | G6: 0 | H6: 0 | I6: 0 | J6: 0 | K6: 0 | L6: 0 | M6: 0 | N6: 0 | O6: 0 | P6: 0 | Q6: 0 | R6: 0 | S6: 0 | T6: 0 | U6: 0 | V6: 0 | W6: 0 | X6: 0 | Y6: 0 | Z6: 0 | AA6: 0 | AB6: 0 | AC6: 0 | AD6: 0 | AE6: 0 | AF6: 0 | AG6: 0 | AH6: 0 | AI6: 0 | AJ6: 0 | AK6: 0
A7: 390 | B7: 0 | C7: 1 | D7: 0 | E7: 0 | F7: 0 | G7: 0 | H7: 0 | I7: 0 | J7: 0 | K7: 0 | L7: 0 | M7: 0 | N7: 0 | O7: 0 | P7: 0 | Q7: 0 | R7: 0 | S7: 0 | T7: 0 | U7: 0 | V7: 0 | W7: 0 | X7: 0 | Y7: 0 | Z7: 0 | AA7: 0 | AB7: 0 | AC7: 0 | AD7: 0 | AE7: 0 | AF7: 0 | AG7: 0 | AH7: 0 | AI7: 0 | AJ7: 0 | AK7: 0
A8: 395 | B8: 0 | C8: 0.5 | D8: 0.5 | E8: 0 | F8: 0 | G8: 0 | H8: 0 | I8: 0 | J8: 0 | K8: 0 | L8: 0 | M8: 0 | N8: 0 | O8: 0 | P8: 0 | Q8: 0 | R8: 0 | S8: 0 | T8: 0 | U8: 0 | V8: 0 | W8: 0 | X8: 0 | Y8: 0 | Z8: 0 | AA8: 0 | AB8: 0 | AC8: 0 | AD8: 0 | AE8: 0 | AF8: 0 | AG8: 0 | AH8: 0 | AI8: 0 | AJ8: 0 | AK8: 0
A9: 400 | B9: 0 | C9: 0 | D9: 1 | E9: 0 | F9: 0 | G9: 0 | H9: 0 | I9: 0 | J9: 0 | K9: 0 | L9: 0 | M9: 0 | N9: 0 | O9: 0 | P9: 0 | Q9: 0 | R9: 0 | S9: 0 | T9: 0 | U9: 0 | V9: 0 | W9: 0 | X9: 0 | Y9: 0 | Z9: 0 | AA9: 0 | AB9: 0 | AC9: 0 | AD9: 0 | AE9: 0 | AF9: 0 | AG9: 0 | AH9: 0 | AI9: 0 | AJ9: 0 | AK9: 0
A10: 405 | B10: 0 | C10: 0 | D10: 0.5 | E10: 0.5 | F10: 0 | G10: 0 | H10: 0 | I10: 0 | J10: 0 | K10: 0 | L10: 0 | M10: 0 | N10: 0 | O10: 0 | P10: 0 | Q10: 0 | R10: 0 | S10: 0 | T10: 0 | U10: 0 | V10: 0 | W10: 0 | X10: 0 | Y10: 0 | Z10: 0 | AA10: 0 | AB10: 0 | AC10: 0 | AD10: 0 | AE10: 0 | AF10: 0 | AG10: 0 | AH10: 0 | AI10: 0 | AJ10: 0 | AK10: 0
A11: 410 | B11: 0 | C11: 0 | D11: 0 | E11: 1 | F11: 0 | G11: 0 | H11: 0 | I11: 0 | J11: 0 | K11: 0 | L11: 0 | M11: 0 | N11: 0 | O11: 0 | P11: 0 | Q11: 0 | R11: 0 | S11: 0 | T11: 0 | U11: 0 | V11: 0 | W11: 0 | X11: 0 | Y11: 0 | Z11: 0 | AA11: 0 | AB11: 0 | AC11: 0 | AD11: 0 | AE11: 0 | AF11: 0 | AG11: 0 | AH11: 0 | AI11: 0 | AJ11: 0 | AK11: 0
A12: 415 | B12: 0 | C12: 0 | D12: 0 | E12: 0.5 | F12: 0.5 | G12: 0 | H12: 0 | I12: 0 | J12: 0 | K12: 0 | L12: 0 | M12: 0 | N12: 0 | O12: 0 | P12: 0 | Q12: 0 | R12: 0 | S12: 0 | T12: 0 | U12: 0 | V12: 0 | W12: 0 | X12: 0 | Y12: 0 | Z12: 0 | AA12: 0 | AB12: 0 | AC12: 0 | AD12: 0 | AE12: 0 | AF12: 0 | AG12: 0 | AH12: 0 | AI12: 0 | AJ12: 0 | AK12: 0
A13: 420 | B13: 0 | C13: 0 | D13: 0 | E13: 0 | F13: 1 | G13: 0 | H13: 0 | I13: 0 | J13: 0 | K13: 0 | L13: 0 | M13: 0 | N13: 0 | O13: 0 | P13: 0 | Q13: 0 | R13: 0 | S13: 0 | T13: 0 | U13: 0 | V13: 0 | W13: 0 | X13: 0 | Y13: 0 | Z13: 0 | AA13: 0 | AB13: 0 | AC13: 0 | AD13: 0 | AE13: 0 | AF13: 0 | AG13: 0 | AH13: 0 | AI13: 0 | AJ13: 0 | AK13: 0
A14: 425 | B14: 0 | C14: 0 | D14: 0 | E14: 0 | F14: 0.5 | G14: 0.5 | H14: 0 | I14: 0 | J14: 0 | K14: 0 | L14: 0 | M14: 0 | N14: 0 | O14: 0 | P14: 0 | Q14: 0 | R14: 0 | S14: 0 | T14: 0 | U14: 0 | V14: 0 | W14: 0 | X14: 0 | Y14: 0 | Z14: 0 | AA14: 0 | AB14: 0 | AC14: 0 | AD14: 0 | AE14: 0 | AF14: 0 | AG14: 0 | AH14: 0 | AI14: 0 | AJ14: 0 | AK14: 0
A15: 430 | B15: 0 | C15: 0 | D15: 0 | E15: 0 | F15: 0 | G15: 1 | H15: 0 | I15: 0 | J15: 0 | K15: 0 | L15: 0 | M15: 0 | N15: 0 | O15: 0 | P15: 0 | Q15: 0 | R15: 0 | S15: 0 | T15: 0 | U15: 0 | V15: 0 | W15: 0 | X15: 0 | Y15: 0 | Z15: 0 | AA15: 0 | AB15: 0 | AC15: 0 | AD15: 0 | AE15: 0 | AF15: 0 | AG15: 0 | AH15: 0 | AI15: 0 | AJ15: 0 | AK15: 0
A16: 435 | B16: 0 | C16: 0 | D16: 0 | E16: 0 | F16: 0 | G16: 0.5 | H16: 0.5 | I16: 0 | J16: 0 | K16: 0 | L16: 0 | M16: 0 | N16: 0 | O16: 0 | P16: 0 | Q16: 0 | R16: 0 | S16: 0 | T16: 0 | U16: 0 | V16: 0 | W16: 0 | X16: 0 | Y16: 0 | Z16: 0 | AA16: 0 | AB16: 0 | AC16: 0 | AD16: 0 | AE16: 0 | AF16: 0 | AG16: 0 | AH16: 0 | AI16: 0 | AJ16: 0 | AK16: 0
... A85: 780 | B85: 0 | C85: 0 | D85: 0 | E85: 0 | F85: 0 | G85: 0 | H85: 0 | I85: 0 | J85: 0 | K85: 0 | L85: 0 | M85: 0 | N85: 0 | O85: 0 | P85: 0 | Q85: 0 | R85: 0 | S85: 0 | T85: 0 | U85: 0 | V85: 0 | W85: 0 | X85: 0 | Y85: 0 | Z85: 0 | AA85: 0 | AB85: 0 | AC85: 0 | AD85: 0 | AE85: 0 | AF85: 0 | AG85: 0 | AH85: 0 | AI85: 0 | AJ85: 0 | AK85: 1

Sheet Custom1
A1: Wpt normalization for custom light 1
A3: k (white Y = 100) | B3: =100/SUMPRODUCT(INDEX(Tables!$B$5:$G$85,0,('Custom lights'!$B$5="CIE 1964 10deg")*3+2),'Custom lights'!$B$8:$B$88) | AR3: k x observer x light, 5 nm | AV3: Weights for 10 nm reflectance (380-730 nm)
AR5: =$B$3*INDEX(INDEX(Tables!$B$5:$G$85,0,('Custom lights'!$B$5="CIE 1964 10deg")*3+1),1)*INDEX('Custom lights'!$B$8:$B$88,1) | AS5: =$B$3*INDEX(INDEX(Tables!$B$5:$G$85,0,('Custom lights'!$B$5="CIE 1964 10deg")*3+2),1)*INDEX('Custom lights'!$B$8:$B$88,1) | AT5: =$B$3*INDEX(INDEX(Tables!$B$5:$G$85,0,('Custom lights'!$B$5="CIE 1964 10deg")*3+3),1)*INDEX('Custom lights'!$B$8:$B$88,1) | AV5: =SUMPRODUCT(AR$5:AR$85,Interp!$B$5:$B$85) | AW5: =SUMPRODUCT(AS$5:AS$85,Interp!$B$5:$B$85) | AX5: =SUMPRODUCT(AT$5:AT$85,Interp!$B$5:$B$85)
A6: White XYZ | B6: =$B$3*SUMPRODUCT(INDEX(Tables!$B$5:$G$85,0,('Custom lights'!$B$5="CIE 1964 10deg")*3+1),'Custom lights'!$B$8:$B$88) | C6: =$B$3*SUMPRODUCT(INDEX(Tables!$B$5:$G$85,0,('Custom lights'!$B$5="CIE 1964 10deg")*3+2),'Custom lights'!$B$8:$B$88) | D6: =$B$3*SUMPRODUCT(INDEX(Tables!$B$5:$G$85,0,('Custom lights'!$B$5="CIE 1964 10deg")*3+3),'Custom lights'!$B$8:$B$88) | AR6: =$B$3*INDEX(INDEX(Tables!$B$5:$G$85,0,('Custom lights'!$B$5="CIE 1964 10deg")*3+1),2)*INDEX('Custom lights'!$B$8:$B$88,2) | AS6: =$B$3*INDEX(INDEX(Tables!$B$5:$G$85,0,('Custom lights'!$B$5="CIE 1964 10deg")*3+2),2)*INDEX('Custom lights'!$B$8:$B$88,2) | AT6: =$B$3*INDEX(INDEX(Tables!$B$5:$G$85,0,('Custom lights'!$B$5="CIE 1964 10deg")*3+3),2)*INDEX('Custom lights'!$B$8:$B$88,2) | AV6: =SUMPRODUCT(AR$5:AR$85,Interp!$C$5:$C$85) | AW6: =SUMPRODUCT(AS$5:AS$85,Interp!$C$5:$C$85) | AX6: =SUMPRODUCT(AT$5:AT$85,Interp!$C$5:$C$85)
AR7: =$B$3*INDEX(INDEX(Tables!$B$5:$G$85,0,('Custom lights'!$B$5="CIE 1964 10deg")*3+1),3)*INDEX('Custom lights'!$B$8:$B$88,3) | AS7: =$B$3*INDEX(INDEX(Tables!$B$5:$G$85,0,('Custom lights'!$B$5="CIE 1964 10deg")*3+2),3)*INDEX('Custom lights'!$B$8:$B$88,3) | AT7: =$B$3*INDEX(INDEX(Tables!$B$5:$G$85,0,('Custom lights'!$B$5="CIE 1964 10deg")*3+3),3)*INDEX('Custom lights'!$B$8:$B$88,3) | AV7: =SUMPRODUCT(AR$5:AR$85,Interp!$D$5:$D$85) | AW7: =SUMPRODUCT(AS$5:AS$85,Interp!$D$5:$D$85) | AX7: =SUMPRODUCT(AT$5:AT$85,Interp!$D$5:$D$85)
A8: Base samples: XYZ (rows 9-11) | C8: =Base!C4 | D8: =Base!D4 | E8: =Base!E4 | F8: =Base!F4 | G8: =Base!G4 | H8: =Base!H4 | I8: =Base!I4 | J8: =Base!J4 | ... AP8: =Base!AP4 | AR8: =$B$3*INDEX(INDEX(Tables!$B$5:$G$85,0,('Custom lights'!$B$5="CIE 1964 10deg")*3+1),4)*INDEX('Custom lights'!$B$8:$B$88,4) | AS8: =$B$3*INDEX(INDEX(Tables!$B$5:$G$85,0,('Custom lights'!$B$5="CIE 1964 10deg")*3+2),4)*INDEX('Custom lights'!$B$8:$B$88,4) | AT8: =$B$3*INDEX(INDEX(Tables!$B$5:$G$85,0,('Custom lights'!$B$5="CIE 1964 10deg")*3+3),4)*INDEX('Custom lights'!$B$8:$B$88,4) | AV8: =SUMPRODUCT(AR$5:AR$85,Interp!$E$5:$E$85) | AW8: =SUMPRODUCT(AS$5:AS$85,Interp!$E$5:$E$85) | AX8: =SUMPRODUCT(AT$5:AT$85,Interp!$E$5:$E$85)
C9: =$B$3*SUMPRODUCT(Base!$C$5:$C$85,INDEX(Tables!$B$5:$G$85,0,('Custom lights'!$B$5="CIE 1964 10deg")*3+1),'Custom lights'!$B$8:$B$88) | D9: =$B$3*SUMPRODUCT(Base!$D$5:$D$85,INDEX(Tables!$B$5:$G$85,0,('Custom lights'!$B$5="CIE 1964 10deg")*3+1),'Custom lights'!$B$8:$B$88) | E9: =$B$3*SUMPRODUCT(Base!$E$5:$E$85,INDEX(Tables!$B$5:$G$85,0,('Custom lights'!$B$5="CIE 1964 10deg")*3+1),'Custom lights'!$B$8:$B$88) | F9: =$B$3*SUMPRODUCT(Base!$F$5:$F$85,INDEX(Tables!$B$5:$G$85,0,('Custom lights'!$B$5="CIE 1964 10deg")*3+1),'Custom lights'!$B$8:$B$88) | G9: =$B$3*SUMPRODUCT(Base!$G$5:$G$85,INDEX(Tables!$B$5:$G$85,0,('Custom lights'!$B$5="CIE 1964 10deg")*3+1),'Custom lights'!$B$8:$B$88) | H9: =$B$3*SUMPRODUCT(Base!$H$5:$H$85,INDEX(Tables!$B$5:$G$85,0,('Custom lights'!$B$5="CIE 1964 10deg")*3+1),'Custom lights'!$B$8:$B$88) | I9: =$B$3*SUMPRODUCT(Base!$I$5:$I$85,INDEX(Tables!$B$5:$G$85,0,('Custom lights'!$B$5="CIE 1964 10deg")*3+1),'Custom lights'!$B$8:$B$88) | J9: =$B$3*SUMPRODUCT(Base!$J$5:$J$85,INDEX(Tables!$B$5:$G$85,0,('Custom lights'!$B$5="CIE 1964 10deg")*3+1),'Custom lights'!$B$8:$B$88) | K9: =$B$3*SUMPRODUCT(Base!$K$5:$K$85,INDEX(Tables!$B$5:$G$85,0,('Custom lights'!$B$5="CIE 1964 10deg")*3+1),'Custom lights'!$B$8:$B$88) | L9: =$B$3*SUMPRODUCT(Base!$L$5:$L$85,INDEX(Tables!$B$5:$G$85,0,('Custom lights'!$B$5="CIE 1964 10deg")*3+1),'Custom lights'!$B$8:$B$88) | M9: =$B$3*SUMPRODUCT(Base!$M$5:$M$85,INDEX(Tables!$B$5:$G$85,0,('Custom lights'!$B$5="CIE 1964 10deg")*3+1),'Custom lights'!$B$8:$B$88) | N9: =$B$3*SUMPRODUCT(Base!$N$5:$N$85,INDEX(Tables!$B$5:$G$85,0,('Custom lights'!$B$5="CIE 1964 10deg")*3+1),'Custom lights'!$B$8:$B$88) | O9: =$B$3*SUMPRODUCT(Base!$O$5:$O$85,INDEX(Tables!$B$5:$G$85,0,('Custom lights'!$B$5="CIE 1964 10deg")*3+1),'Custom lights'!$B$8:$B$88) | P9: =$B$3*SUMPRODUCT(Base!$P$5:$P$85,INDEX(Tables!$B$5:$G$85,0,('Custom lights'!$B$5="CIE 1964 10deg")*3+1),'Custom lights'!$B$8:$B$88) | Q9: =$B$3*SUMPRODUCT(Base!$Q$5:$Q$85,INDEX(Tables!$B$5:$G$85,0,('Custom lights'!$B$5="CIE 1964 10deg")*3+1),'Custom lights'!$B$8:$B$88) | R9: =$B$3*SUMPRODUCT(Base!$R$5:$R$85,INDEX(Tables!$B$5:$G$85,0,('Custom lights'!$B$5="CIE 1964 10deg")*3+1),'Custom lights'!$B$8:$B$88) | S9: =$B$3*SUMPRODUCT(Base!$S$5:$S$85,INDEX(Tables!$B$5:$G$85,0,('Custom lights'!$B$5="CIE 1964 10deg")*3+1),'Custom lights'!$B$8:$B$88) | T9: =$B$3*SUMPRODUCT(Base!$T$5:$T$85,INDEX(Tables!$B$5:$G$85,0,('Custom lights'!$B$5="CIE 1964 10deg")*3+1),'Custom lights'!$B$8:$B$88) | U9: =$B$3*SUMPRODUCT(Base!$U$5:$U$85,INDEX(Tables!$B$5:$G$85,0,('Custom lights'!$B$5="CIE 1964 10deg")*3+1),'Custom lights'!$B$8:$B$88) | V9: =$B$3*SUMPRODUCT(Base!$V$5:$V$85,INDEX(Tables!$B$5:$G$85,0,('Custom lights'!$B$5="CIE 1964 10deg")*3+1),'Custom lights'!$B$8:$B$88) | W9: =$B$3*SUMPRODUCT(Base!$W$5:$W$85,INDEX(Tables!$B$5:$G$85,0,('Custom lights'!$B$5="CIE 1964 10deg")*3+1),'Custom lights'!$B$8:$B$88) | X9: =$B$3*SUMPRODUCT(Base!$X$5:$X$85,INDEX(Tables!$B$5:$G$85,0,('Custom lights'!$B$5="CIE 1964 10deg")*3+1),'Custom lights'!$B$8:$B$88) | Y9: =$B$3*SUMPRODUCT(Base!$Y$5:$Y$85,INDEX(Tables!$B$5:$G$85,0,('Custom lights'!$B$5="CIE 1964 10deg")*3+1),'Custom lights'!$B$8:$B$88) | Z9: =$B$3*SUMPRODUCT(Base!$Z$5:$Z$85,INDEX(Tables!$B$5:$G$85,0,('Custom lights'!$B$5="CIE 1964 10deg")*3+1),'Custom lights'!$B$8:$B$88) | AA9: =$B$3*SUMPRODUCT(Base!$AA$5:$AA$85,INDEX(Tables!$B$5:$G$85,0,('Custom lights'!$B$5="CIE 1964 10deg")*3+1),'Custom lights'!$B$8:$B$88) | AB9: =$B$3*SUMPRODUCT(Base!$AB$5:$AB$85,INDEX(Tables!$B$5:$G$85,0,('Custom lights'!$B$5="CIE 1964 10deg")*3+1),'Custom lights'!$B$8:$B$88) | AC9: =$B$3*SUMPRODUCT(Base!$AC$5:$AC$85,INDEX(Tables!$B$5:$G$85,0,('Custom lights'!$B$5="CIE 1964 10deg")*3+1),'Custom lights'!$B$8:$B$88) | AD9: =$B$3*SUMPRODUCT(Base!$AD$5:$AD$85,INDEX(Tables!$B$5:$G$85,0,('Custom lights'!$B$5="CIE 1964 10deg")*3+1),'Custom lights'!$B$8:$B$88) | AE9: =$B$3*SUMPRODUCT(Base!$AE$5:$AE$85,INDEX(Tables!$B$5:$G$85,0,('Custom lights'!$B$5="CIE 1964 10deg")*3+1),'Custom lights'!$B$8:$B$88) | AF9: =$B$3*SUMPRODUCT(Base!$AF$5:$AF$85,INDEX(Tables!$B$5:$G$85,0,('Custom lights'!$B$5="CIE 1964 10deg")*3+1),'Custom lights'!$B$8:$B$88) | AG9: =$B$3*SUMPRODUCT(Base!$AG$5:$AG$85,INDEX(Tables!$B$5:$G$85,0,('Custom lights'!$B$5="CIE 1964 10deg")*3+1),'Custom lights'!$B$8:$B$88) | AH9: =$B$3*SUMPRODUCT(Base!$AH$5:$AH$85,INDEX(Tables!$B$5:$G$85,0,('Custom lights'!$B$5="CIE 1964 10deg")*3+1),'Custom lights'!$B$8:$B$88) | AI9: =$B$3*SUMPRODUCT(Base!$AI$5:$AI$85,INDEX(Tables!$B$5:$G$85,0,('Custom lights'!$B$5="CIE 1964 10deg")*3+1),'Custom lights'!$B$8:$B$88) | AJ9: =$B$3*SUMPRODUCT(Base!$AJ$5:$AJ$85,INDEX(Tables!$B$5:$G$85,0,('Custom lights'!$B$5="CIE 1964 10deg")*3+1),'Custom lights'!$B$8:$B$88) | AK9: =$B$3*SUMPRODUCT(Base!$AK$5:$AK$85,INDEX(Tables!$B$5:$G$85,0,('Custom lights'!$B$5="CIE 1964 10deg")*3+1),'Custom lights'!$B$8:$B$88) | AL9: =$B$3*SUMPRODUCT(Base!$AL$5:$AL$85,INDEX(Tables!$B$5:$G$85,0,('Custom lights'!$B$5="CIE 1964 10deg")*3+1),'Custom lights'!$B$8:$B$88) | AM9: =$B$3*SUMPRODUCT(Base!$AM$5:$AM$85,INDEX(Tables!$B$5:$G$85,0,('Custom lights'!$B$5="CIE 1964 10deg")*3+1),'Custom lights'!$B$8:$B$88) | AN9: =$B$3*SUMPRODUCT(Base!$AN$5:$AN$85,INDEX(Tables!$B$5:$G$85,0,('Custom lights'!$B$5="CIE 1964 10deg")*3+1),'Custom lights'!$B$8:$B$88) | AO9: =$B$3*SUMPRODUCT(Base!$AO$5:$AO$85,INDEX(Tables!$B$5:$G$85,0,('Custom lights'!$B$5="CIE 1964 10deg")*3+1),'Custom lights'!$B$8:$B$88) | AP9: =$B$3*SUMPRODUCT(Base!$AP$5:$AP$85,INDEX(Tables!$B$5:$G$85,0,('Custom lights'!$B$5="CIE 1964 10deg")*3+1),'Custom lights'!$B$8:$B$88) | AR9: =$B$3*INDEX(INDEX(Tables!$B$5:$G$85,0,('Custom lights'!$B$5="CIE 1964 10deg")*3+1),5)*INDEX('Custom lights'!$B$8:$B$88,5) | AS9: =$B$3*INDEX(INDEX(Tables!$B$5:$G$85,0,('Custom lights'!$B$5="CIE 1964 10deg")*3+2),5)*INDEX('Custom lights'!$B$8:$B$88,5) | AT9: =$B$3*INDEX(INDEX(Tables!$B$5:$G$85,0,('Custom lights'!$B$5="CIE 1964 10deg")*3+3),5)*INDEX('Custom lights'!$B$8:$B$88,5) | AV9: =SUMPRODUCT(AR$5:AR$85,Interp!$F$5:$F$85) | AW9: =SUMPRODUCT(AS$5:AS$85,Interp!$F$5:$F$85) | AX9: =SUMPRODUCT(AT$5:AT$85,Interp!$F$5:$F$85)
C10: =$B$3*SUMPRODUCT(Base!$C$5:$C$85,INDEX(Tables!$B$5:$G$85,0,('Custom lights'!$B$5="CIE 1964 10deg")*3+2),'Custom lights'!$B$8:$B$88) | D10: =$B$3*SUMPRODUCT(Base!$D$5:$D$85,INDEX(Tables!$B$5:$G$85,0,('Custom lights'!$B$5="CIE 1964 10deg")*3+2),'Custom lights'!$B$8:$B$88) | E10: =$B$3*SUMPRODUCT(Base!$E$5:$E$85,INDEX(Tables!$B$5:$G$85,0,('Custom lights'!$B$5="CIE 1964 10deg")*3+2),'Custom lights'!$B$8:$B$88) | F10: =$B$3*SUMPRODUCT(Base!$F$5:$F$85,INDEX(Tables!$B$5:$G$85,0,('Custom lights'!$B$5="CIE 1964 10deg")*3+2),'Custom lights'!$B$8:$B$88) | G10: =$B$3*SUMPRODUCT(Base!$G$5:$G$85,INDEX(Tables!$B$5:$G$85,0,('Custom lights'!$B$5="CIE 1964 10deg")*3+2),'Custom lights'!$B$8:$B$88) | H10: =$B$3*SUMPRODUCT(Base!$H$5:$H$85,INDEX(Tables!$B$5:$G$85,0,('Custom lights'!$B$5="CIE 1964 10deg")*3+2),'Custom lights'!$B$8:$B$88) | I10: =$B$3*SUMPRODUCT(Base!$I$5:$I$85,INDEX(Tables!$B$5:$G$85,0,('Custom lights'!$B$5="CIE 1964 10deg")*3+2),'Custom lights'!$B$8:$B$88) | J10: =$B$3*SUMPRODUCT(Base!$J$5:$J$85,INDEX(Tables!$B$5:$G$85,0,('Custom lights'!$B$5="CIE 1964 10deg")*3+2),'Custom lights'!$B$8:$B$88) | K10: =$B$3*SUMPRODUCT(Base!$K$5:$K$85,INDEX(Tables!$B$5:$G$85,0,('Custom lights'!$B$5="CIE 1964 10deg")*3+2),'Custom lights'!$B$8:$B$88) | L10: =$B$3*SUMPRODUCT(Base!$L$5:$L$85,INDEX(Tables!$B$5:$G$85,0,('Custom lights'!$B$5="CIE 1964 10deg")*3+2),'Custom lights'!$B$8:$B$88) | M10: =$B$3*SUMPRODUCT(Base!$M$5:$M$85,INDEX(Tables!$B$5:$G$85,0,('Custom lights'!$B$5="CIE 1964 10deg")*3+2),'Custom lights'!$B$8:$B$88) | N10: =$B$3*SUMPRODUCT(Base!$N$5:$N$85,INDEX(Tables!$B$5:$G$85,0,('Custom lights'!$B$5="CIE 1964 10deg")*3+2),'Custom lights'!$B$8:$B$88) | O10: =$B$3*SUMPRODUCT(Base!$O$5:$O$85,INDEX(Tables!$B$5:$G$85,0,('Custom lights'!$B$5="CIE 1964 10deg")*3+2),'Custom lights'!$B$8:$B$88) | P10: =$B$3*SUMPRODUCT(Base!$P$5:$P$85,INDEX(Tables!$B$5:$G$85,0,('Custom lights'!$B$5="CIE 1964 10deg")*3+2),'Custom lights'!$B$8:$B$88) | Q10: =$B$3*SUMPRODUCT(Base!$Q$5:$Q$85,INDEX(Tables!$B$5:$G$85,0,('Custom lights'!$B$5="CIE 1964 10deg")*3+2),'Custom lights'!$B$8:$B$88) | R10: =$B$3*SUMPRODUCT(Base!$R$5:$R$85,INDEX(Tables!$B$5:$G$85,0,('Custom lights'!$B$5="CIE 1964 10deg")*3+2),'Custom lights'!$B$8:$B$88) | S10: =$B$3*SUMPRODUCT(Base!$S$5:$S$85,INDEX(Tables!$B$5:$G$85,0,('Custom lights'!$B$5="CIE 1964 10deg")*3+2),'Custom lights'!$B$8:$B$88) | T10: =$B$3*SUMPRODUCT(Base!$T$5:$T$85,INDEX(Tables!$B$5:$G$85,0,('Custom lights'!$B$5="CIE 1964 10deg")*3+2),'Custom lights'!$B$8:$B$88) | U10: =$B$3*SUMPRODUCT(Base!$U$5:$U$85,INDEX(Tables!$B$5:$G$85,0,('Custom lights'!$B$5="CIE 1964 10deg")*3+2),'Custom lights'!$B$8:$B$88) | V10: =$B$3*SUMPRODUCT(Base!$V$5:$V$85,INDEX(Tables!$B$5:$G$85,0,('Custom lights'!$B$5="CIE 1964 10deg")*3+2),'Custom lights'!$B$8:$B$88) | W10: =$B$3*SUMPRODUCT(Base!$W$5:$W$85,INDEX(Tables!$B$5:$G$85,0,('Custom lights'!$B$5="CIE 1964 10deg")*3+2),'Custom lights'!$B$8:$B$88) | X10: =$B$3*SUMPRODUCT(Base!$X$5:$X$85,INDEX(Tables!$B$5:$G$85,0,('Custom lights'!$B$5="CIE 1964 10deg")*3+2),'Custom lights'!$B$8:$B$88) | Y10: =$B$3*SUMPRODUCT(Base!$Y$5:$Y$85,INDEX(Tables!$B$5:$G$85,0,('Custom lights'!$B$5="CIE 1964 10deg")*3+2),'Custom lights'!$B$8:$B$88) | Z10: =$B$3*SUMPRODUCT(Base!$Z$5:$Z$85,INDEX(Tables!$B$5:$G$85,0,('Custom lights'!$B$5="CIE 1964 10deg")*3+2),'Custom lights'!$B$8:$B$88) | AA10: =$B$3*SUMPRODUCT(Base!$AA$5:$AA$85,INDEX(Tables!$B$5:$G$85,0,('Custom lights'!$B$5="CIE 1964 10deg")*3+2),'Custom lights'!$B$8:$B$88) | AB10: =$B$3*SUMPRODUCT(Base!$AB$5:$AB$85,INDEX(Tables!$B$5:$G$85,0,('Custom lights'!$B$5="CIE 1964 10deg")*3+2),'Custom lights'!$B$8:$B$88) | AC10: =$B$3*SUMPRODUCT(Base!$AC$5:$AC$85,INDEX(Tables!$B$5:$G$85,0,('Custom lights'!$B$5="CIE 1964 10deg")*3+2),'Custom lights'!$B$8:$B$88) | AD10: =$B$3*SUMPRODUCT(Base!$AD$5:$AD$85,INDEX(Tables!$B$5:$G$85,0,('Custom lights'!$B$5="CIE 1964 10deg")*3+2),'Custom lights'!$B$8:$B$88) | AE10: =$B$3*SUMPRODUCT(Base!$AE$5:$AE$85,INDEX(Tables!$B$5:$G$85,0,('Custom lights'!$B$5="CIE 1964 10deg")*3+2),'Custom lights'!$B$8:$B$88) | AF10: =$B$3*SUMPRODUCT(Base!$AF$5:$AF$85,INDEX(Tables!$B$5:$G$85,0,('Custom lights'!$B$5="CIE 1964 10deg")*3+2),'Custom lights'!$B$8:$B$88) | AG10: =$B$3*SUMPRODUCT(Base!$AG$5:$AG$85,INDEX(Tables!$B$5:$G$85,0,('Custom lights'!$B$5="CIE 1964 10deg")*3+2),'Custom lights'!$B$8:$B$88) | AH10: =$B$3*SUMPRODUCT(Base!$AH$5:$AH$85,INDEX(Tables!$B$5:$G$85,0,('Custom lights'!$B$5="CIE 1964 10deg")*3+2),'Custom lights'!$B$8:$B$88) | AI10: =$B$3*SUMPRODUCT(Base!$AI$5:$AI$85,INDEX(Tables!$B$5:$G$85,0,('Custom lights'!$B$5="CIE 1964 10deg")*3+2),'Custom lights'!$B$8:$B$88) | AJ10: =$B$3*SUMPRODUCT(Base!$AJ$5:$AJ$85,INDEX(Tables!$B$5:$G$85,0,('Custom lights'!$B$5="CIE 1964 10deg")*3+2),'Custom lights'!$B$8:$B$88) | AK10: =$B$3*SUMPRODUCT(Base!$AK$5:$AK$85,INDEX(Tables!$B$5:$G$85,0,('Custom lights'!$B$5="CIE 1964 10deg")*3+2),'Custom lights'!$B$8:$B$88) | AL10: =$B$3*SUMPRODUCT(Base!$AL$5:$AL$85,INDEX(Tables!$B$5:$G$85,0,('Custom lights'!$B$5="CIE 1964 10deg")*3+2),'Custom lights'!$B$8:$B$88) | AM10: =$B$3*SUMPRODUCT(Base!$AM$5:$AM$85,INDEX(Tables!$B$5:$G$85,0,('Custom lights'!$B$5="CIE 1964 10deg")*3+2),'Custom lights'!$B$8:$B$88) | AN10: =$B$3*SUMPRODUCT(Base!$AN$5:$AN$85,INDEX(Tables!$B$5:$G$85,0,('Custom lights'!$B$5="CIE 1964 10deg")*3+2),'Custom lights'!$B$8:$B$88) | AO10: =$B$3*SUMPRODUCT(Base!$AO$5:$AO$85,INDEX(Tables!$B$5:$G$85,0,('Custom lights'!$B$5="CIE 1964 10deg")*3+2),'Custom lights'!$B$8:$B$88) | AP10: =$B$3*SUMPRODUCT(Base!$AP$5:$AP$85,INDEX(Tables!$B$5:$G$85,0,('Custom lights'!$B$5="CIE 1964 10deg")*3+2),'Custom lights'!$B$8:$B$88) | AR10: =$B$3*INDEX(INDEX(Tables!$B$5:$G$85,0,('Custom lights'!$B$5="CIE 1964 10deg")*3+1),6)*INDEX('Custom lights'!$B$8:$B$88,6) | AS10: =$B$3*INDEX(INDEX(Tables!$B$5:$G$85,0,('Custom lights'!$B$5="CIE 1964 10deg")*3+2),6)*INDEX('Custom lights'!$B$8:$B$88,6) | AT10: =$B$3*INDEX(INDEX(Tables!$B$5:$G$85,0,('Custom lights'!$B$5="CIE 1964 10deg")*3+3),6)*INDEX('Custom lights'!$B$8:$B$88,6) | AV10: =SUMPRODUCT(AR$5:AR$85,Interp!$G$5:$G$85) | AW10: =SUMPRODUCT(AS$5:AS$85,Interp!$G$5:$G$85) | AX10: =SUMPRODUCT(AT$5:AT$85,Interp!$G$5:$G$85)
C11: =$B$3*SUMPRODUCT(Base!$C$5:$C$85,INDEX(Tables!$B$5:$G$85,0,('Custom lights'!$B$5="CIE 1964 10deg")*3+3),'Custom lights'!$B$8:$B$88) | D11: =$B$3*SUMPRODUCT(Base!$D$5:$D$85,INDEX(Tables!$B$5:$G$85,0,('Custom lights'!$B$5="CIE 1964 10deg")*3+3),'Custom lights'!$B$8:$B$88) | E11: =$B$3*SUMPRODUCT(Base!$E$5:$E$85,INDEX(Tables!$B$5:$G$85,0,('Custom lights'!$B$5="CIE 1964 10deg")*3+3),'Custom lights'!$B$8:$B$88) | F11: =$B$3*SUMPRODUCT(Base!$F$5:$F$85,INDEX(Tables!$B$5:$G$85,0,('Custom lights'!$B$5="CIE 1964 10deg")*3+3),'Custom lights'!$B$8:$B$88) | G11: =$B$3*SUMPRODUCT(Base!$G$5:$G$85,INDEX(Tables!$B$5:$G$85,0,('Custom lights'!$B$5="CIE 1964 10deg")*3+3),'Custom lights'!$B$8:$B$88) | H11: =$B$3*SUMPRODUCT(Base!$H$5:$H$85,INDEX(Tables!$B$5:$G$85,0,('Custom lights'!$B$5="CIE 1964 10deg")*3+3),'Custom lights'!$B$8:$B$88) | I11: =$B$3*SUMPRODUCT(Base!$I$5:$I$85,INDEX(Tables!$B$5:$G$85,0,('Custom lights'!$B$5="CIE 1964 10deg")*3+3),'Custom lights'!$B$8:$B$88) | J11: =$B$3*SUMPRODUCT(Base!$J$5:$J$85,INDEX(Tables!$B$5:$G$85,0,('Custom lights'!$B$5="CIE 1964 10deg")*3+3),'Custom lights'!$B$8:$B$88) | K11: =$B$3*SUMPRODUCT(Base!$K$5:$K$85,INDEX(Tables!$B$5:$G$85,0,('Custom lights'!$B$5="CIE 1964 10deg")*3+3),'Custom lights'!$B$8:$B$88) | L11: =$B$3*SUMPRODUCT(Base!$L$5:$L$85,INDEX(Tables!$B$5:$G$85,0,('Custom lights'!$B$5="CIE 1964 10deg")*3+3),'Custom lights'!$B$8:$B$88) | M11: =$B$3*SUMPRODUCT(Base!$M$5:$M$85,INDEX(Tables!$B$5:$G$85,0,('Custom lights'!$B$5="CIE 1964 10deg")*3+3),'Custom lights'!$B$8:$B$88) | N11: =$B$3*SUMPRODUCT(Base!$N$5:$N$85,INDEX(Tables!$B$5:$G$85,0,('Custom lights'!$B$5="CIE 1964 10deg")*3+3),'Custom lights'!$B$8:$B$88) | O11: =$B$3*SUMPRODUCT(Base!$O$5:$O$85,INDEX(Tables!$B$5:$G$85,0,('Custom lights'!$B$5="CIE 1964 10deg")*3+3),'Custom lights'!$B$8:$B$88) | P11: =$B$3*SUMPRODUCT(Base!$P$5:$P$85,INDEX(Tables!$B$5:$G$85,0,('Custom lights'!$B$5="CIE 1964 10deg")*3+3),'Custom lights'!$B$8:$B$88) | Q11: =$B$3*SUMPRODUCT(Base!$Q$5:$Q$85,INDEX(Tables!$B$5:$G$85,0,('Custom lights'!$B$5="CIE 1964 10deg")*3+3),'Custom lights'!$B$8:$B$88) | R11: =$B$3*SUMPRODUCT(Base!$R$5:$R$85,INDEX(Tables!$B$5:$G$85,0,('Custom lights'!$B$5="CIE 1964 10deg")*3+3),'Custom lights'!$B$8:$B$88) | S11: =$B$3*SUMPRODUCT(Base!$S$5:$S$85,INDEX(Tables!$B$5:$G$85,0,('Custom lights'!$B$5="CIE 1964 10deg")*3+3),'Custom lights'!$B$8:$B$88) | T11: =$B$3*SUMPRODUCT(Base!$T$5:$T$85,INDEX(Tables!$B$5:$G$85,0,('Custom lights'!$B$5="CIE 1964 10deg")*3+3),'Custom lights'!$B$8:$B$88) | U11: =$B$3*SUMPRODUCT(Base!$U$5:$U$85,INDEX(Tables!$B$5:$G$85,0,('Custom lights'!$B$5="CIE 1964 10deg")*3+3),'Custom lights'!$B$8:$B$88) | V11: =$B$3*SUMPRODUCT(Base!$V$5:$V$85,INDEX(Tables!$B$5:$G$85,0,('Custom lights'!$B$5="CIE 1964 10deg")*3+3),'Custom lights'!$B$8:$B$88) | W11: =$B$3*SUMPRODUCT(Base!$W$5:$W$85,INDEX(Tables!$B$5:$G$85,0,('Custom lights'!$B$5="CIE 1964 10deg")*3+3),'Custom lights'!$B$8:$B$88) | X11: =$B$3*SUMPRODUCT(Base!$X$5:$X$85,INDEX(Tables!$B$5:$G$85,0,('Custom lights'!$B$5="CIE 1964 10deg")*3+3),'Custom lights'!$B$8:$B$88) | Y11: =$B$3*SUMPRODUCT(Base!$Y$5:$Y$85,INDEX(Tables!$B$5:$G$85,0,('Custom lights'!$B$5="CIE 1964 10deg")*3+3),'Custom lights'!$B$8:$B$88) | Z11: =$B$3*SUMPRODUCT(Base!$Z$5:$Z$85,INDEX(Tables!$B$5:$G$85,0,('Custom lights'!$B$5="CIE 1964 10deg")*3+3),'Custom lights'!$B$8:$B$88) | AA11: =$B$3*SUMPRODUCT(Base!$AA$5:$AA$85,INDEX(Tables!$B$5:$G$85,0,('Custom lights'!$B$5="CIE 1964 10deg")*3+3),'Custom lights'!$B$8:$B$88) | AB11: =$B$3*SUMPRODUCT(Base!$AB$5:$AB$85,INDEX(Tables!$B$5:$G$85,0,('Custom lights'!$B$5="CIE 1964 10deg")*3+3),'Custom lights'!$B$8:$B$88) | AC11: =$B$3*SUMPRODUCT(Base!$AC$5:$AC$85,INDEX(Tables!$B$5:$G$85,0,('Custom lights'!$B$5="CIE 1964 10deg")*3+3),'Custom lights'!$B$8:$B$88) | AD11: =$B$3*SUMPRODUCT(Base!$AD$5:$AD$85,INDEX(Tables!$B$5:$G$85,0,('Custom lights'!$B$5="CIE 1964 10deg")*3+3),'Custom lights'!$B$8:$B$88) | AE11: =$B$3*SUMPRODUCT(Base!$AE$5:$AE$85,INDEX(Tables!$B$5:$G$85,0,('Custom lights'!$B$5="CIE 1964 10deg")*3+3),'Custom lights'!$B$8:$B$88) | AF11: =$B$3*SUMPRODUCT(Base!$AF$5:$AF$85,INDEX(Tables!$B$5:$G$85,0,('Custom lights'!$B$5="CIE 1964 10deg")*3+3),'Custom lights'!$B$8:$B$88) | AG11: =$B$3*SUMPRODUCT(Base!$AG$5:$AG$85,INDEX(Tables!$B$5:$G$85,0,('Custom lights'!$B$5="CIE 1964 10deg")*3+3),'Custom lights'!$B$8:$B$88) | AH11: =$B$3*SUMPRODUCT(Base!$AH$5:$AH$85,INDEX(Tables!$B$5:$G$85,0,('Custom lights'!$B$5="CIE 1964 10deg")*3+3),'Custom lights'!$B$8:$B$88) | AI11: =$B$3*SUMPRODUCT(Base!$AI$5:$AI$85,INDEX(Tables!$B$5:$G$85,0,('Custom lights'!$B$5="CIE 1964 10deg")*3+3),'Custom lights'!$B$8:$B$88) | AJ11: =$B$3*SUMPRODUCT(Base!$AJ$5:$AJ$85,INDEX(Tables!$B$5:$G$85,0,('Custom lights'!$B$5="CIE 1964 10deg")*3+3),'Custom lights'!$B$8:$B$88) | AK11: =$B$3*SUMPRODUCT(Base!$AK$5:$AK$85,INDEX(Tables!$B$5:$G$85,0,('Custom lights'!$B$5="CIE 1964 10deg")*3+3),'Custom lights'!$B$8:$B$88) | AL11: =$B$3*SUMPRODUCT(Base!$AL$5:$AL$85,INDEX(Tables!$B$5:$G$85,0,('Custom lights'!$B$5="CIE 1964 10deg")*3+3),'Custom lights'!$B$8:$B$88) | AM11: =$B$3*SUMPRODUCT(Base!$AM$5:$AM$85,INDEX(Tables!$B$5:$G$85,0,('Custom lights'!$B$5="CIE 1964 10deg")*3+3),'Custom lights'!$B$8:$B$88) | AN11: =$B$3*SUMPRODUCT(Base!$AN$5:$AN$85,INDEX(Tables!$B$5:$G$85,0,('Custom lights'!$B$5="CIE 1964 10deg")*3+3),'Custom lights'!$B$8:$B$88) | AO11: =$B$3*SUMPRODUCT(Base!$AO$5:$AO$85,INDEX(Tables!$B$5:$G$85,0,('Custom lights'!$B$5="CIE 1964 10deg")*3+3),'Custom lights'!$B$8:$B$88) | AP11: =$B$3*SUMPRODUCT(Base!$AP$5:$AP$85,INDEX(Tables!$B$5:$G$85,0,('Custom lights'!$B$5="CIE 1964 10deg")*3+3),'Custom lights'!$B$8:$B$88) | AR11: =$B$3*INDEX(INDEX(Tables!$B$5:$G$85,0,('Custom lights'!$B$5="CIE 1964 10deg")*3+1),7)*INDEX('Custom lights'!$B$8:$B$88,7) | AS11: =$B$3*INDEX(INDEX(Tables!$B$5:$G$85,0,('Custom lights'!$B$5="CIE 1964 10deg")*3+2),7)*INDEX('Custom lights'!$B$8:$B$88,7) | AT11: =$B$3*INDEX(INDEX(Tables!$B$5:$G$85,0,('Custom lights'!$B$5="CIE 1964 10deg")*3+3),7)*INDEX('Custom lights'!$B$8:$B$88,7) | AV11: =SUMPRODUCT(AR$5:AR$85,Interp!$H$5:$H$85) | AW11: =SUMPRODUCT(AS$5:AS$85,Interp!$H$5:$H$85) | AX11: =SUMPRODUCT(AT$5:AT$85,Interp!$H$5:$H$85)
AR12: =$B$3*INDEX(INDEX(Tables!$B$5:$G$85,0,('Custom lights'!$B$5="CIE 1964 10deg")*3+1),8)*INDEX('Custom lights'!$B$8:$B$88,8) | AS12: =$B$3*INDEX(INDEX(Tables!$B$5:$G$85,0,('Custom lights'!$B$5="CIE 1964 10deg")*3+2),8)*INDEX('Custom lights'!$B$8:$B$88,8) | AT12: =$B$3*INDEX(INDEX(Tables!$B$5:$G$85,0,('Custom lights'!$B$5="CIE 1964 10deg")*3+3),8)*INDEX('Custom lights'!$B$8:$B$88,8) | AV12: =SUMPRODUCT(AR$5:AR$85,Interp!$I$5:$I$85) | AW12: =SUMPRODUCT(AS$5:AS$85,Interp!$I$5:$I$85) | AX12: =SUMPRODUCT(AT$5:AT$85,Interp!$I$5:$I$85)
A13: Step 1. Rotate white onto the first axis | AR13: =$B$3*INDEX(INDEX(Tables!$B$5:$G$85,0,('Custom lights'!$B$5="CIE 1964 10deg")*3+1),9)*INDEX('Custom lights'!$B$8:$B$88,9) | AS13: =$B$3*INDEX(INDEX(Tables!$B$5:$G$85,0,('Custom lights'!$B$5="CIE 1964 10deg")*3+2),9)*INDEX('Custom lights'!$B$8:$B$88,9) | AT13: =$B$3*INDEX(INDEX(Tables!$B$5:$G$85,0,('Custom lights'!$B$5="CIE 1964 10deg")*3+3),9)*INDEX('Custom lights'!$B$8:$B$88,9) | AV13: =SUMPRODUCT(AR$5:AR$85,Interp!$J$5:$J$85) | AW13: =SUMPRODUCT(AS$5:AS$85,Interp!$J$5:$J$85) | AX13: =SUMPRODUCT(AT$5:AT$85,Interp!$J$5:$J$85)
A14: phi3 | B14: =-ATAN2($C$6,$D$6) | AR14: =$B$3*INDEX(INDEX(Tables!$B$5:$G$85,0,('Custom lights'!$B$5="CIE 1964 10deg")*3+1),10)*INDEX('Custom lights'!$B$8:$B$88,10) | AS14: =$B$3*INDEX(INDEX(Tables!$B$5:$G$85,0,('Custom lights'!$B$5="CIE 1964 10deg")*3+2),10)*INDEX('Custom lights'!$B$8:$B$88,10) | AT14: =$B$3*INDEX(INDEX(Tables!$B$5:$G$85,0,('Custom lights'!$B$5="CIE 1964 10deg")*3+3),10)*INDEX('Custom lights'!$B$8:$B$88,10) | AV14: =SUMPRODUCT(AR$5:AR$85,Interp!$K$5:$K$85) | AW14: =SUMPRODUCT(AS$5:AS$85,Interp!$K$5:$K$85) | AX14: =SUMPRODUCT(AT$5:AT$85,Interp!$K$5:$K$85)
B15: =1 | C15: =0 | D15: =0 | AR15: =$B$3*INDEX(INDEX(Tables!$B$5:$G$85,0,('Custom lights'!$B$5="CIE 1964 10deg")*3+1),11)*INDEX('Custom lights'!$B$8:$B$88,11) | AS15: =$B$3*INDEX(INDEX(Tables!$B$5:$G$85,0,('Custom lights'!$B$5="CIE 1964 10deg")*3+2),11)*INDEX('Custom lights'!$B$8:$B$88,11) | AT15: =$B$3*INDEX(INDEX(Tables!$B$5:$G$85,0,('Custom lights'!$B$5="CIE 1964 10deg")*3+3),11)*INDEX('Custom lights'!$B$8:$B$88,11) | AV15: =SUMPRODUCT(AR$5:AR$85,Interp!$L$5:$L$85) | AW15: =SUMPRODUCT(AS$5:AS$85,Interp!$L$5:$L$85) | AX15: =SUMPRODUCT(AT$5:AT$85,Interp!$L$5:$L$85)
B16: =0 | C16: =COS($B$14) | D16: =-SIN($B$14) | AR16: =$B$3*INDEX(INDEX(Tables!$B$5:$G$85,0,('Custom lights'!$B$5="CIE 1964 10deg")*3+1),12)*INDEX('Custom lights'!$B$8:$B$88,12) | AS16: =$B$3*INDEX(INDEX(Tables!$B$5:$G$85,0,('Custom lights'!$B$5="CIE 1964 10deg")*3+2),12)*INDEX('Custom lights'!$B$8:$B$88,12) | AT16: =$B$3*INDEX(INDEX(Tables!$B$5:$G$85,0,('Custom lights'!$B$5="CIE 1964 10deg")*3+3),12)*INDEX('Custom lights'!$B$8:$B$88,12) | AV16: =SUMPRODUCT(AR$5:AR$85,Interp!$M$5:$M$85) | AW16: =SUMPRODUCT(AS$5:AS$85,Interp!$M$5:$M$85) | AX16: =SUMPRODUCT(AT$5:AT$85,Interp!$M$5:$M$85)
B17: =0 | C17: =SIN($B$14) | D17: =COS($B$14) | AR17: =$B$3*INDEX(INDEX(Tables!$B$5:$G$85,0,('Custom lights'!$B$5="CIE 1964 10deg")*3+1),13)*INDEX('Custom lights'!$B$8:$B$88,13) | AS17: =$B$3*INDEX(INDEX(Tables!$B$5:$G$85,0,('Custom lights'!$B$5="CIE 1964 10deg")*3+2),13)*INDEX('Custom lights'!$B$8:$B$88,13) | AT17: =$B$3*INDEX(INDEX(Tables!$B$5:$G$85,0,('Custom lights'!$B$5="CIE 1964 10deg")*3+3),13)*INDEX('Custom lights'!$B$8:$B$88,13) | AV17: =SUMPRODUCT(AR$5:AR$85,Interp!$N$5:$N$85) | AW17: =SUMPRODUCT(AS$5:AS$85,Interp!$N$5:$N$85) | AX17: =SUMPRODUCT(AT$5:AT$85,Interp!$N$5:$N$85)
AR18: =$B$3*INDEX(INDEX(Tables!$B$5:$G$85,0,('Custom lights'!$B$5="CIE 1964 10deg")*3+1),14)*INDEX('Custom lights'!$B$8:$B$88,14) | AS18: =$B$3*INDEX(INDEX(Tables!$B$5:$G$85,0,('Custom lights'!$B$5="CIE 1964 10deg")*3+2),14)*INDEX('Custom lights'!$B$8:$B$88,14) | AT18: =$B$3*INDEX(INDEX(Tables!$B$5:$G$85,0,('Custom lights'!$B$5="CIE 1964 10deg")*3+3),14)*INDEX('Custom lights'!$B$8:$B$88,14) | AV18: =SUMPRODUCT(AR$5:AR$85,Interp!$O$5:$O$85) | AW18: =SUMPRODUCT(AS$5:AS$85,Interp!$O$5:$O$85) | AX18: =SUMPRODUCT(AT$5:AT$85,Interp!$O$5:$O$85)
A19: white after R3 | B19: =$B$15*$B$6+$C$15*$C$6+$D$15*$D$6 | C19: =$B$16*$B$6+$C$16*$C$6+$D$16*$D$6 | D19: =$B$17*$B$6+$C$17*$C$6+$D$17*$D$6 | AR19: =$B$3*INDEX(INDEX(Tables!$B$5:$G$85,0,('Custom lights'!$B$5="CIE 1964 10deg")*3+1),15)*INDEX('Custom lights'!$B$8:$B$88,15) | AS19: =$B$3*INDEX(INDEX(Tables!$B$5:$G$85,0,('Custom lights'!$B$5="CIE 1964 10deg")*3+2),15)*INDEX('Custom lights'!$B$8:$B$88,15) | AT19: =$B$3*INDEX(INDEX(Tables!$B$5:$G$85,0,('Custom lights'!$B$5="CIE 1964 10deg")*3+3),15)*INDEX('Custom lights'!$B$8:$B$88,15) | AV19: =SUMPRODUCT(AR$5:AR$85,Interp!$P$5:$P$85) | AW19: =SUMPRODUCT(AS$5:AS$85,Interp!$P$5:$P$85) | AX19: =SUMPRODUCT(AT$5:AT$85,Interp!$P$5:$P$85)
A20: phi2 | B20: =-ATAN2($B$19,$C$19) | AR20: =$B$3*INDEX(INDEX(Tables!$B$5:$G$85,0,('Custom lights'!$B$5="CIE 1964 10deg")*3+1),16)*INDEX('Custom lights'!$B$8:$B$88,16) | AS20: =$B$3*INDEX(INDEX(Tables!$B$5:$G$85,0,('Custom lights'!$B$5="CIE 1964 10deg")*3+2),16)*INDEX('Custom lights'!$B$8:$B$88,16) | AT20: =$B$3*INDEX(INDEX(Tables!$B$5:$G$85,0,('Custom lights'!$B$5="CIE 1964 10deg")*3+3),16)*INDEX('Custom lights'!$B$8:$B$88,16) | AV20: =SUMPRODUCT(AR$5:AR$85,Interp!$Q$5:$Q$85) | AW20: =SUMPRODUCT(AS$5:AS$85,Interp!$Q$5:$Q$85) | AX20: =SUMPRODUCT(AT$5:AT$85,Interp!$Q$5:$Q$85)
B21: =COS($B$20) | C21: =-SIN($B$20) | D21: =0 | AR21: =$B$3*INDEX(INDEX(Tables!$B$5:$G$85,0,('Custom lights'!$B$5="CIE 1964 10deg")*3+1),17)*INDEX('Custom lights'!$B$8:$B$88,17) | AS21: =$B$3*INDEX(INDEX(Tables!$B$5:$G$85,0,('Custom lights'!$B$5="CIE 1964 10deg")*3+2),17)*INDEX('Custom lights'!$B$8:$B$88,17) | AT21: =$B$3*INDEX(INDEX(Tables!$B$5:$G$85,0,('Custom lights'!$B$5="CIE 1964 10deg")*3+3),17)*INDEX('Custom lights'!$B$8:$B$88,17) | AV21: =SUMPRODUCT(AR$5:AR$85,Interp!$R$5:$R$85) | AW21: =SUMPRODUCT(AS$5:AS$85,Interp!$R$5:$R$85) | AX21: =SUMPRODUCT(AT$5:AT$85,Interp!$R$5:$R$85)
B22: =SIN($B$20) | C22: =COS($B$20) | D22: =0 | AR22: =$B$3*INDEX(INDEX(Tables!$B$5:$G$85,0,('Custom lights'!$B$5="CIE 1964 10deg")*3+1),18)*INDEX('Custom lights'!$B$8:$B$88,18) | AS22: =$B$3*INDEX(INDEX(Tables!$B$5:$G$85,0,('Custom lights'!$B$5="CIE 1964 10deg")*3+2),18)*INDEX('Custom lights'!$B$8:$B$88,18) | AT22: =$B$3*INDEX(INDEX(Tables!$B$5:$G$85,0,('Custom lights'!$B$5="CIE 1964 10deg")*3+3),18)*INDEX('Custom lights'!$B$8:$B$88,18) | AV22: =SUMPRODUCT(AR$5:AR$85,Interp!$S$5:$S$85) | AW22: =SUMPRODUCT(AS$5:AS$85,Interp!$S$5:$S$85) | AX22: =SUMPRODUCT(AT$5:AT$85,Interp!$S$5:$S$85)
B23: =0 | C23: =0 | D23: =1 | AR23: =$B$3*INDEX(INDEX(Tables!$B$5:$G$85,0,('Custom lights'!$B$5="CIE 1964 10deg")*3+1),19)*INDEX('Custom lights'!$B$8:$B$88,19) | AS23: =$B$3*INDEX(INDEX(Tables!$B$5:$G$85,0,('Custom lights'!$B$5="CIE 1964 10deg")*3+2),19)*INDEX('Custom lights'!$B$8:$B$88,19) | AT23: =$B$3*INDEX(INDEX(Tables!$B$5:$G$85,0,('Custom lights'!$B$5="CIE 1964 10deg")*3+3),19)*INDEX('Custom lights'!$B$8:$B$88,19) | AV23: =SUMPRODUCT(AR$5:AR$85,Interp!$T$5:$T$85) | AW23: =SUMPRODUCT(AS$5:AS$85,Interp!$T$5:$T$85) | AX23: =SUMPRODUCT(AT$5:AT$85,Interp!$T$5:$T$85)
AR24: =$B$3*INDEX(INDEX(Tables!$B$5:$G$85,0,('Custom lights'!$B$5="CIE 1964 10deg")*3+1),20)*INDEX('Custom lights'!$B$8:$B$88,20) | AS24: =$B$3*INDEX(INDEX(Tables!$B$5:$G$85,0,('Custom lights'!$B$5="CIE 1964 10deg")*3+2),20)*INDEX('Custom lights'!$B$8:$B$88,20) | AT24: =$B$3*INDEX(INDEX(Tables!$B$5:$G$85,0,('Custom lights'!$B$5="CIE 1964 10deg")*3+3),20)*INDEX('Custom lights'!$B$8:$B$88,20) | AV24: =SUMPRODUCT(AR$5:AR$85,Interp!$U$5:$U$85) | AW24: =SUMPRODUCT(AS$5:AS$85,Interp!$U$5:$U$85) | AX24: =SUMPRODUCT(AT$5:AT$85,Interp!$U$5:$U$85)
A25: R = R2 R3 | B25: =$B$21*$B$15+$C$21*$B$16+$D$21*$B$17 | C25: =$B$21*$C$15+$C$21*$C$16+$D$21*$C$17 | D25: =$B$21*$D$15+$C$21*$D$16+$D$21*$D$17 | AR25: =$B$3*INDEX(INDEX(Tables!$B$5:$G$85,0,('Custom lights'!$B$5="CIE 1964 10deg")*3+1),21)*INDEX('Custom lights'!$B$8:$B$88,21) | AS25: =$B$3*INDEX(INDEX(Tables!$B$5:$G$85,0,('Custom lights'!$B$5="CIE 1964 10deg")*3+2),21)*INDEX('Custom lights'!$B$8:$B$88,21) | AT25: =$B$3*INDEX(INDEX(Tables!$B$5:$G$85,0,('Custom lights'!$B$5="CIE 1964 10deg")*3+3),21)*INDEX('Custom lights'!$B$8:$B$88,21) | AV25: =SUMPRODUCT(AR$5:AR$85,Interp!$V$5:$V$85) | AW25: =SUMPRODUCT(AS$5:AS$85,Interp!$V$5:$V$85) | AX25: =SUMPRODUCT(AT$5:AT$85,Interp!$V$5:$V$85)
B26: =$B$22*$B$15+$C$22*$B$16+$D$22*$B$17 | C26: =$B$22*$C$15+$C$22*$C$16+$D$22*$C$17 | D26: =$B$22*$D$15+$C$22*$D$16+$D$22*$D$17 | AR26: =$B$3*INDEX(INDEX(Tables!$B$5:$G$85,0,('Custom lights'!$B$5="CIE 1964 10deg")*3+1),22)*INDEX('Custom lights'!$B$8:$B$88,22) | AS26: =$B$3*INDEX(INDEX(Tables!$B$5:$G$85,0,('Custom lights'!$B$5="CIE 1964 10deg")*3+2),22)*INDEX('Custom lights'!$B$8:$B$88,22) | AT26: =$B$3*INDEX(INDEX(Tables!$B$5:$G$85,0,('Custom lights'!$B$5="CIE 1964 10deg")*3+3),22)*INDEX('Custom lights'!$B$8:$B$88,22) | AV26: =SUMPRODUCT(AR$5:AR$85,Interp!$W$5:$W$85) | AW26: =SUMPRODUCT(AS$5:AS$85,Interp!$W$5:$W$85) | AX26: =SUMPRODUCT(AT$5:AT$85,Interp!$W$5:$W$85)
B27: =$B$23*$B$15+$C$23*$B$16+$D$23*$B$17 | C27: =$B$23*$C$15+$C$23*$C$16+$D$23*$C$17 | D27: =$B$23*$D$15+$C$23*$D$16+$D$23*$D$17 | AR27: =$B$3*INDEX(INDEX(Tables!$B$5:$G$85,0,('Custom lights'!$B$5="CIE 1964 10deg")*3+1),23)*INDEX('Custom lights'!$B$8:$B$88,23) | AS27: =$B$3*INDEX(INDEX(Tables!$B$5:$G$85,0,('Custom lights'!$B$5="CIE 1964 10deg")*3+2),23)*INDEX('Custom lights'!$B$8:$B$88,23) | AT27: =$B$3*INDEX(INDEX(Tables!$B$5:$G$85,0,('Custom lights'!$B$5="CIE 1964 10deg")*3+3),23)*INDEX('Custom lights'!$B$8:$B$88,23) | AV27: =SUMPRODUCT(AR$5:AR$85,Interp!$X$5:$X$85) | AW27: =SUMPRODUCT(AS$5:AS$85,Interp!$X$5:$X$85) | AX27: =SUMPRODUCT(AT$5:AT$85,Interp!$X$5:$X$85)
AR28: =$B$3*INDEX(INDEX(Tables!$B$5:$G$85,0,('Custom lights'!$B$5="CIE 1964 10deg")*3+1),24)*INDEX('Custom lights'!$B$8:$B$88,24) | AS28: =$B$3*INDEX(INDEX(Tables!$B$5:$G$85,0,('Custom lights'!$B$5="CIE 1964 10deg")*3+2),24)*INDEX('Custom lights'!$B$8:$B$88,24) | AT28: =$B$3*INDEX(INDEX(Tables!$B$5:$G$85,0,('Custom lights'!$B$5="CIE 1964 10deg")*3+3),24)*INDEX('Custom lights'!$B$8:$B$88,24) | AV28: =SUMPRODUCT(AR$5:AR$85,Interp!$Y$5:$Y$85) | AW28: =SUMPRODUCT(AS$5:AS$85,Interp!$Y$5:$Y$85) | AX28: =SUMPRODUCT(AT$5:AT$85,Interp!$Y$5:$Y$85)
A29: Step 2. White W | B29: =$B$25*$B$6+$C$25*$C$6+$D$25*$D$6 | AR29: =$B$3*INDEX(INDEX(Tables!$B$5:$G$85,0,('Custom lights'!$B$5="CIE 1964 10deg")*3+1),25)*INDEX('Custom lights'!$B$8:$B$88,25) | AS29: =$B$3*INDEX(INDEX(Tables!$B$5:$G$85,0,('Custom lights'!$B$5="CIE 1964 10deg")*3+2),25)*INDEX('Custom lights'!$B$8:$B$88,25) | AT29: =$B$3*INDEX(INDEX(Tables!$B$5:$G$85,0,('Custom lights'!$B$5="CIE 1964 10deg")*3+3),25)*INDEX('Custom lights'!$B$8:$B$88,25) | AV29: =SUMPRODUCT(AR$5:AR$85,Interp!$Z$5:$Z$85) | AW29: =SUMPRODUCT(AS$5:AS$85,Interp!$Z$5:$Z$85) | AX29: =SUMPRODUCT(AT$5:AT$85,Interp!$Z$5:$Z$85)
AR30: =$B$3*INDEX(INDEX(Tables!$B$5:$G$85,0,('Custom lights'!$B$5="CIE 1964 10deg")*3+1),26)*INDEX('Custom lights'!$B$8:$B$88,26) | AS30: =$B$3*INDEX(INDEX(Tables!$B$5:$G$85,0,('Custom lights'!$B$5="CIE 1964 10deg")*3+2),26)*INDEX('Custom lights'!$B$8:$B$88,26) | AT30: =$B$3*INDEX(INDEX(Tables!$B$5:$G$85,0,('Custom lights'!$B$5="CIE 1964 10deg")*3+3),26)*INDEX('Custom lights'!$B$8:$B$88,26) | AV30: =SUMPRODUCT(AR$5:AR$85,Interp!$AA$5:$AA$85) | AW30: =SUMPRODUCT(AS$5:AS$85,Interp!$AA$5:$AA$85) | AX30: =SUMPRODUCT(AT$5:AT$85,Interp!$AA$5:$AA$85)
A31: M1 | B31: =$B$25*100/$B$29 | C31: =$C$25*100/$B$29 | D31: =$D$25*100/$B$29 | AR31: =$B$3*INDEX(INDEX(Tables!$B$5:$G$85,0,('Custom lights'!$B$5="CIE 1964 10deg")*3+1),27)*INDEX('Custom lights'!$B$8:$B$88,27) | AS31: =$B$3*INDEX(INDEX(Tables!$B$5:$G$85,0,('Custom lights'!$B$5="CIE 1964 10deg")*3+2),27)*INDEX('Custom lights'!$B$8:$B$88,27) | AT31: =$B$3*INDEX(INDEX(Tables!$B$5:$G$85,0,('Custom lights'!$B$5="CIE 1964 10deg")*3+3),27)*INDEX('Custom lights'!$B$8:$B$88,27) | AV31: =SUMPRODUCT(AR$5:AR$85,Interp!$AB$5:$AB$85) | AW31: =SUMPRODUCT(AS$5:AS$85,Interp!$AB$5:$AB$85) | AX31: =SUMPRODUCT(AT$5:AT$85,Interp!$AB$5:$AB$85)
B32: =$B$26 | C32: =$C$26 | D32: =$D$26 | AR32: =$B$3*INDEX(INDEX(Tables!$B$5:$G$85,0,('Custom lights'!$B$5="CIE 1964 10deg")*3+1),28)*INDEX('Custom lights'!$B$8:$B$88,28) | AS32: =$B$3*INDEX(INDEX(Tables!$B$5:$G$85,0,('Custom lights'!$B$5="CIE 1964 10deg")*3+2),28)*INDEX('Custom lights'!$B$8:$B$88,28) | AT32: =$B$3*INDEX(INDEX(Tables!$B$5:$G$85,0,('Custom lights'!$B$5="CIE 1964 10deg")*3+3),28)*INDEX('Custom lights'!$B$8:$B$88,28) | AV32: =SUMPRODUCT(AR$5:AR$85,Interp!$AC$5:$AC$85) | AW32: =SUMPRODUCT(AS$5:AS$85,Interp!$AC$5:$AC$85) | AX32: =SUMPRODUCT(AT$5:AT$85,Interp!$AC$5:$AC$85)
B33: =$B$27 | C33: =$C$27 | D33: =$D$27 | AR33: =$B$3*INDEX(INDEX(Tables!$B$5:$G$85,0,('Custom lights'!$B$5="CIE 1964 10deg")*3+1),29)*INDEX('Custom lights'!$B$8:$B$88,29) | AS33: =$B$3*INDEX(INDEX(Tables!$B$5:$G$85,0,('Custom lights'!$B$5="CIE 1964 10deg")*3+2),29)*INDEX('Custom lights'!$B$8:$B$88,29) | AT33: =$B$3*INDEX(INDEX(Tables!$B$5:$G$85,0,('Custom lights'!$B$5="CIE 1964 10deg")*3+3),29)*INDEX('Custom lights'!$B$8:$B$88,29) | AV33: =SUMPRODUCT(AR$5:AR$85,Interp!$AD$5:$AD$85) | AW33: =SUMPRODUCT(AS$5:AS$85,Interp!$AD$5:$AD$85) | AX33: =SUMPRODUCT(AT$5:AT$85,Interp!$AD$5:$AD$85)
AR34: =$B$3*INDEX(INDEX(Tables!$B$5:$G$85,0,('Custom lights'!$B$5="CIE 1964 10deg")*3+1),30)*INDEX('Custom lights'!$B$8:$B$88,30) | AS34: =$B$3*INDEX(INDEX(Tables!$B$5:$G$85,0,('Custom lights'!$B$5="CIE 1964 10deg")*3+2),30)*INDEX('Custom lights'!$B$8:$B$88,30) | AT34: =$B$3*INDEX(INDEX(Tables!$B$5:$G$85,0,('Custom lights'!$B$5="CIE 1964 10deg")*3+3),30)*INDEX('Custom lights'!$B$8:$B$88,30) | AV34: =SUMPRODUCT(AR$5:AR$85,Interp!$AE$5:$AE$85) | AW34: =SUMPRODUCT(AS$5:AS$85,Interp!$AE$5:$AE$85) | AX34: =SUMPRODUCT(AT$5:AT$85,Interp!$AE$5:$AE$85)
A35: Step 3. M1 times base XYZ (u, v, z in rows 35-37) | C35: =$B$31*C9+$C$31*C10+$D$31*C11 | D35: =$B$31*D9+$C$31*D10+$D$31*D11 | E35: =$B$31*E9+$C$31*E10+$D$31*E11 | F35: =$B$31*F9+$C$31*F10+$D$31*F11 | G35: =$B$31*G9+$C$31*G10+$D$31*G11 | H35: =$B$31*H9+$C$31*H10+$D$31*H11 | I35: =$B$31*I9+$C$31*I10+$D$31*I11 | J35: =$B$31*J9+$C$31*J10+$D$31*J11 | ... AP35: =$B$31*AP9+$C$31*AP10+$D$31*AP11 | AR35: =$B$3*INDEX(INDEX(Tables!$B$5:$G$85,0,('Custom lights'!$B$5="CIE 1964 10deg")*3+1),31)*INDEX('Custom lights'!$B$8:$B$88,31) | AS35: =$B$3*INDEX(INDEX(Tables!$B$5:$G$85,0,('Custom lights'!$B$5="CIE 1964 10deg")*3+2),31)*INDEX('Custom lights'!$B$8:$B$88,31) | AT35: =$B$3*INDEX(INDEX(Tables!$B$5:$G$85,0,('Custom lights'!$B$5="CIE 1964 10deg")*3+3),31)*INDEX('Custom lights'!$B$8:$B$88,31) | AV35: =SUMPRODUCT(AR$5:AR$85,Interp!$AF$5:$AF$85) | AW35: =SUMPRODUCT(AS$5:AS$85,Interp!$AF$5:$AF$85) | AX35: =SUMPRODUCT(AT$5:AT$85,Interp!$AF$5:$AF$85)
C36: =$B$32*C9+$C$32*C10+$D$32*C11 | D36: =$B$32*D9+$C$32*D10+$D$32*D11 | E36: =$B$32*E9+$C$32*E10+$D$32*E11 | F36: =$B$32*F9+$C$32*F10+$D$32*F11 | G36: =$B$32*G9+$C$32*G10+$D$32*G11 | H36: =$B$32*H9+$C$32*H10+$D$32*H11 | I36: =$B$32*I9+$C$32*I10+$D$32*I11 | J36: =$B$32*J9+$C$32*J10+$D$32*J11 | ... AP36: =$B$32*AP9+$C$32*AP10+$D$32*AP11 | AR36: =$B$3*INDEX(INDEX(Tables!$B$5:$G$85,0,('Custom lights'!$B$5="CIE 1964 10deg")*3+1),32)*INDEX('Custom lights'!$B$8:$B$88,32) | AS36: =$B$3*INDEX(INDEX(Tables!$B$5:$G$85,0,('Custom lights'!$B$5="CIE 1964 10deg")*3+2),32)*INDEX('Custom lights'!$B$8:$B$88,32) | AT36: =$B$3*INDEX(INDEX(Tables!$B$5:$G$85,0,('Custom lights'!$B$5="CIE 1964 10deg")*3+3),32)*INDEX('Custom lights'!$B$8:$B$88,32) | AV36: =SUMPRODUCT(AR$5:AR$85,Interp!$AG$5:$AG$85) | AW36: =SUMPRODUCT(AS$5:AS$85,Interp!$AG$5:$AG$85) | AX36: =SUMPRODUCT(AT$5:AT$85,Interp!$AG$5:$AG$85)
C37: =$B$33*C9+$C$33*C10+$D$33*C11 | D37: =$B$33*D9+$C$33*D10+$D$33*D11 | E37: =$B$33*E9+$C$33*E10+$D$33*E11 | F37: =$B$33*F9+$C$33*F10+$D$33*F11 | G37: =$B$33*G9+$C$33*G10+$D$33*G11 | H37: =$B$33*H9+$C$33*H10+$D$33*H11 | I37: =$B$33*I9+$C$33*I10+$D$33*I11 | J37: =$B$33*J9+$C$33*J10+$D$33*J11 | ... AP37: =$B$33*AP9+$C$33*AP10+$D$33*AP11 | AR37: =$B$3*INDEX(INDEX(Tables!$B$5:$G$85,0,('Custom lights'!$B$5="CIE 1964 10deg")*3+1),33)*INDEX('Custom lights'!$B$8:$B$88,33) | AS37: =$B$3*INDEX(INDEX(Tables!$B$5:$G$85,0,('Custom lights'!$B$5="CIE 1964 10deg")*3+2),33)*INDEX('Custom lights'!$B$8:$B$88,33) | AT37: =$B$3*INDEX(INDEX(Tables!$B$5:$G$85,0,('Custom lights'!$B$5="CIE 1964 10deg")*3+3),33)*INDEX('Custom lights'!$B$8:$B$88,33) | AV37: =SUMPRODUCT(AR$5:AR$85,Interp!$AH$5:$AH$85) | AW37: =SUMPRODUCT(AS$5:AS$85,Interp!$AH$5:$AH$85) | AX37: =SUMPRODUCT(AT$5:AT$85,Interp!$AH$5:$AH$85)
AR38: =$B$3*INDEX(INDEX(Tables!$B$5:$G$85,0,('Custom lights'!$B$5="CIE 1964 10deg")*3+1),34)*INDEX('Custom lights'!$B$8:$B$88,34) | AS38: =$B$3*INDEX(INDEX(Tables!$B$5:$G$85,0,('Custom lights'!$B$5="CIE 1964 10deg")*3+2),34)*INDEX('Custom lights'!$B$8:$B$88,34) | AT38: =$B$3*INDEX(INDEX(Tables!$B$5:$G$85,0,('Custom lights'!$B$5="CIE 1964 10deg")*3+3),34)*INDEX('Custom lights'!$B$8:$B$88,34) | AV38: =SUMPRODUCT(AR$5:AR$85,Interp!$AI$5:$AI$85) | AW38: =SUMPRODUCT(AS$5:AS$85,Interp!$AI$5:$AI$85) | AX38: =SUMPRODUCT(AT$5:AT$85,Interp!$AI$5:$AI$85)
B39: Svv | C39: Svz | D39: Sv | E39: Szz | F39: Sz | G39: n | H39: Suv | I39: Suz | J39: Su | AR39: =$B$3*INDEX(INDEX(Tables!$B$5:$G$85,0,('Custom lights'!$B$5="CIE 1964 10deg")*3+1),35)*INDEX('Custom lights'!$B$8:$B$88,35) | AS39: =$B$3*INDEX(INDEX(Tables!$B$5:$G$85,0,('Custom lights'!$B$5="CIE 1964 10deg")*3+2),35)*INDEX('Custom lights'!$B$8:$B$88,35) | AT39: =$B$3*INDEX(INDEX(Tables!$B$5:$G$85,0,('Custom lights'!$B$5="CIE 1964 10deg")*3+3),35)*INDEX('Custom lights'!$B$8:$B$88,35) | AV39: =SUMPRODUCT(AR$5:AR$85,Interp!$AJ$5:$AJ$85) | AW39: =SUMPRODUCT(AS$5:AS$85,Interp!$AJ$5:$AJ$85) | AX39: =SUMPRODUCT(AT$5:AT$85,Interp!$AJ$5:$AJ$85)
B40: =SUMPRODUCT($C$36:$AP$36,$C$36:$AP$36) | C40: =SUMPRODUCT($C$36:$AP$36,$C$37:$AP$37) | D40: =SUM($C$36:$AP$36) | E40: =SUMPRODUCT($C$37:$AP$37,$C$37:$AP$37) | F40: =SUM($C$37:$AP$37) | G40: =COUNT($C$35:$AP$35) | H40: =SUMPRODUCT($C$35:$AP$35,$C$36:$AP$36) | I40: =SUMPRODUCT($C$35:$AP$35,$C$37:$AP$37) | J40: =SUM($C$35:$AP$35) | AR40: =$B$3*INDEX(INDEX(Tables!$B$5:$G$85,0,('Custom lights'!$B$5="CIE 1964 10deg")*3+1),36)*INDEX('Custom lights'!$B$8:$B$88,36) | AS40: =$B$3*INDEX(INDEX(Tables!$B$5:$G$85,0,('Custom lights'!$B$5="CIE 1964 10deg")*3+2),36)*INDEX('Custom lights'!$B$8:$B$88,36) | AT40: =$B$3*INDEX(INDEX(Tables!$B$5:$G$85,0,('Custom lights'!$B$5="CIE 1964 10deg")*3+3),36)*INDEX('Custom lights'!$B$8:$B$88,36) | AV40: =SUMPRODUCT(AR$5:AR$85,Interp!$AK$5:$AK$85) | AW40: =SUMPRODUCT(AS$5:AS$85,Interp!$AK$5:$AK$85) | AX40: =SUMPRODUCT(AT$5:AT$85,Interp!$AK$5:$AK$85)
AR41: =$B$3*INDEX(INDEX(Tables!$B$5:$G$85,0,('Custom lights'!$B$5="CIE 1964 10deg")*3+1),37)*INDEX('Custom lights'!$B$8:$B$88,37) | AS41: =$B$3*INDEX(INDEX(Tables!$B$5:$G$85,0,('Custom lights'!$B$5="CIE 1964 10deg")*3+2),37)*INDEX('Custom lights'!$B$8:$B$88,37) | AT41: =$B$3*INDEX(INDEX(Tables!$B$5:$G$85,0,('Custom lights'!$B$5="CIE 1964 10deg")*3+3),37)*INDEX('Custom lights'!$B$8:$B$88,37)
A42: det | B42: =($B$40*($E$40*$G$40-$F$40*$F$40)-$C$40*($C$40*$G$40-$F$40*$D$40)+$D$40*($C$40*$F$40-$E$40*$D$40)) | AR42: =$B$3*INDEX(INDEX(Tables!$B$5:$G$85,0,('Custom lights'!$B$5="CIE 1964 10deg")*3+1),38)*INDEX('Custom lights'!$B$8:$B$88,38) | AS42: =$B$3*INDEX(INDEX(Tables!$B$5:$G$85,0,('Custom lights'!$B$5="CIE 1964 10deg")*3+2),38)*INDEX('Custom lights'!$B$8:$B$88,38) | AT42: =$B$3*INDEX(INDEX(Tables!$B$5:$G$85,0,('Custom lights'!$B$5="CIE 1964 10deg")*3+3),38)*INDEX('Custom lights'!$B$8:$B$88,38)
A43: alpha1, alpha2, alpha0 | B43: =($H$40*($E$40*$G$40-$F$40*$F$40)-$C$40*($I$40*$G$40-$F$40*$J$40)+$D$40*($I$40*$F$40-$E$40*$J$40))/$B$42 | C43: =($B$40*($I$40*$G$40-$F$40*$J$40)-$H$40*($C$40*$G$40-$F$40*$D$40)+$D$40*($C$40*$J$40-$I$40*$D$40))/$B$42 | D43: =($B$40*($E$40*$J$40-$I$40*$F$40)-$C$40*($C$40*$J$40-$I$40*$D$40)+$H$40*($C$40*$F$40-$E$40*$D$40))/$B$42 | AR43: =$B$3*INDEX(INDEX(Tables!$B$5:$G$85,0,('Custom lights'!$B$5="CIE 1964 10deg")*3+1),39)*INDEX('Custom lights'!$B$8:$B$88,39) | AS43: =$B$3*INDEX(INDEX(Tables!$B$5:$G$85,0,('Custom lights'!$B$5="CIE 1964 10deg")*3+2),39)*INDEX('Custom lights'!$B$8:$B$88,39) | AT43: =$B$3*INDEX(INDEX(Tables!$B$5:$G$85,0,('Custom lights'!$B$5="CIE 1964 10deg")*3+3),39)*INDEX('Custom lights'!$B$8:$B$88,39)
AR44: =$B$3*INDEX(INDEX(Tables!$B$5:$G$85,0,('Custom lights'!$B$5="CIE 1964 10deg")*3+1),40)*INDEX('Custom lights'!$B$8:$B$88,40) | AS44: =$B$3*INDEX(INDEX(Tables!$B$5:$G$85,0,('Custom lights'!$B$5="CIE 1964 10deg")*3+2),40)*INDEX('Custom lights'!$B$8:$B$88,40) | AT44: =$B$3*INDEX(INDEX(Tables!$B$5:$G$85,0,('Custom lights'!$B$5="CIE 1964 10deg")*3+3),40)*INDEX('Custom lights'!$B$8:$B$88,40)
A45: M2 (leveled) | B45: =$B$31-$B$43*$B$32-$C$43*$B$33 | C45: =$C$31-$B$43*$C$32-$C$43*$C$33 | D45: =$D$31-$B$43*$D$32-$C$43*$D$33 | AR45: =$B$3*INDEX(INDEX(Tables!$B$5:$G$85,0,('Custom lights'!$B$5="CIE 1964 10deg")*3+1),41)*INDEX('Custom lights'!$B$8:$B$88,41) | AS45: =$B$3*INDEX(INDEX(Tables!$B$5:$G$85,0,('Custom lights'!$B$5="CIE 1964 10deg")*3+2),41)*INDEX('Custom lights'!$B$8:$B$88,41) | AT45: =$B$3*INDEX(INDEX(Tables!$B$5:$G$85,0,('Custom lights'!$B$5="CIE 1964 10deg")*3+3),41)*INDEX('Custom lights'!$B$8:$B$88,41)
B46: =$B$32 | C46: =$C$32 | D46: =$D$32 | AR46: =$B$3*INDEX(INDEX(Tables!$B$5:$G$85,0,('Custom lights'!$B$5="CIE 1964 10deg")*3+1),42)*INDEX('Custom lights'!$B$8:$B$88,42) | AS46: =$B$3*INDEX(INDEX(Tables!$B$5:$G$85,0,('Custom lights'!$B$5="CIE 1964 10deg")*3+2),42)*INDEX('Custom lights'!$B$8:$B$88,42) | AT46: =$B$3*INDEX(INDEX(Tables!$B$5:$G$85,0,('Custom lights'!$B$5="CIE 1964 10deg")*3+3),42)*INDEX('Custom lights'!$B$8:$B$88,42)
B47: =$B$33 | C47: =$C$33 | D47: =$D$33 | AR47: =$B$3*INDEX(INDEX(Tables!$B$5:$G$85,0,('Custom lights'!$B$5="CIE 1964 10deg")*3+1),43)*INDEX('Custom lights'!$B$8:$B$88,43) | AS47: =$B$3*INDEX(INDEX(Tables!$B$5:$G$85,0,('Custom lights'!$B$5="CIE 1964 10deg")*3+2),43)*INDEX('Custom lights'!$B$8:$B$88,43) | AT47: =$B$3*INDEX(INDEX(Tables!$B$5:$G$85,0,('Custom lights'!$B$5="CIE 1964 10deg")*3+3),43)*INDEX('Custom lights'!$B$8:$B$88,43)
AR48: =$B$3*INDEX(INDEX(Tables!$B$5:$G$85,0,('Custom lights'!$B$5="CIE 1964 10deg")*3+1),44)*INDEX('Custom lights'!$B$8:$B$88,44) | AS48: =$B$3*INDEX(INDEX(Tables!$B$5:$G$85,0,('Custom lights'!$B$5="CIE 1964 10deg")*3+2),44)*INDEX('Custom lights'!$B$8:$B$88,44) | AT48: =$B$3*INDEX(INDEX(Tables!$B$5:$G$85,0,('Custom lights'!$B$5="CIE 1964 10deg")*3+3),44)*INDEX('Custom lights'!$B$8:$B$88,44)
A49: Step 4. q = rows 2-3 of M2 times base XYZ (rows 49-50) | C49: =$B$46*C9+$C$46*C10+$D$46*C11 | D49: =$B$46*D9+$C$46*D10+$D$46*D11 | E49: =$B$46*E9+$C$46*E10+$D$46*E11 | F49: =$B$46*F9+$C$46*F10+$D$46*F11 | G49: =$B$46*G9+$C$46*G10+$D$46*G11 | H49: =$B$46*H9+$C$46*H10+$D$46*H11 | I49: =$B$46*I9+$C$46*I10+$D$46*I11 | J49: =$B$46*J9+$C$46*J10+$D$46*J11 | ... AP49: =$B$46*AP9+$C$46*AP10+$D$46*AP11 | AR49: =$B$3*INDEX(INDEX(Tables!$B$5:$G$85,0,('Custom lights'!$B$5="CIE 1964 10deg")*3+1),45)*INDEX('Custom lights'!$B$8:$B$88,45) | AS49: =$B$3*INDEX(INDEX(Tables!$B$5:$G$85,0,('Custom lights'!$B$5="CIE 1964 10deg")*3+2),45)*INDEX('Custom lights'!$B$8:$B$88,45) | AT49: =$B$3*INDEX(INDEX(Tables!$B$5:$G$85,0,('Custom lights'!$B$5="CIE 1964 10deg")*3+3),45)*INDEX('Custom lights'!$B$8:$B$88,45)
C50: =$B$47*C9+$C$47*C10+$D$47*C11 | D50: =$B$47*D9+$C$47*D10+$D$47*D11 | E50: =$B$47*E9+$C$47*E10+$D$47*E11 | F50: =$B$47*F9+$C$47*F10+$D$47*F11 | G50: =$B$47*G9+$C$47*G10+$D$47*G11 | H50: =$B$47*H9+$C$47*H10+$D$47*H11 | I50: =$B$47*I9+$C$47*I10+$D$47*I11 | J50: =$B$47*J9+$C$47*J10+$D$47*J11 | ... AP50: =$B$47*AP9+$C$47*AP10+$D$47*AP11 | AR50: =$B$3*INDEX(INDEX(Tables!$B$5:$G$85,0,('Custom lights'!$B$5="CIE 1964 10deg")*3+1),46)*INDEX('Custom lights'!$B$8:$B$88,46) | AS50: =$B$3*INDEX(INDEX(Tables!$B$5:$G$85,0,('Custom lights'!$B$5="CIE 1964 10deg")*3+2),46)*INDEX('Custom lights'!$B$8:$B$88,46) | AT50: =$B$3*INDEX(INDEX(Tables!$B$5:$G$85,0,('Custom lights'!$B$5="CIE 1964 10deg")*3+3),46)*INDEX('Custom lights'!$B$8:$B$88,46)
AR51: =$B$3*INDEX(INDEX(Tables!$B$5:$G$85,0,('Custom lights'!$B$5="CIE 1964 10deg")*3+1),47)*INDEX('Custom lights'!$B$8:$B$88,47) | AS51: =$B$3*INDEX(INDEX(Tables!$B$5:$G$85,0,('Custom lights'!$B$5="CIE 1964 10deg")*3+2),47)*INDEX('Custom lights'!$B$8:$B$88,47) | AT51: =$B$3*INDEX(INDEX(Tables!$B$5:$G$85,0,('Custom lights'!$B$5="CIE 1964 10deg")*3+3),47)*INDEX('Custom lights'!$B$8:$B$88,47)
B52: S11 | C52: S12 | D52: S22 | E52: Sp1 | F52: Sp2 | G52: St1 | H52: St2 | AR52: =$B$3*INDEX(INDEX(Tables!$B$5:$G$85,0,('Custom lights'!$B$5="CIE 1964 10deg")*3+1),48)*INDEX('Custom lights'!$B$8:$B$88,48) | AS52: =$B$3*INDEX(INDEX(Tables!$B$5:$G$85,0,('Custom lights'!$B$5="CIE 1964 10deg")*3+2),48)*INDEX('Custom lights'!$B$8:$B$88,48) | AT52: =$B$3*INDEX(INDEX(Tables!$B$5:$G$85,0,('Custom lights'!$B$5="CIE 1964 10deg")*3+3),48)*INDEX('Custom lights'!$B$8:$B$88,48)
B53: =SUMPRODUCT($C$49:$AP$49,$C$49:$AP$49) | C53: =SUMPRODUCT($C$49:$AP$49,$C$50:$AP$50) | D53: =SUMPRODUCT($C$50:$AP$50,$C$50:$AP$50) | E53: =SUMPRODUCT(Base!$C$87:$AP$87,$C$49:$AP$49) | F53: =SUMPRODUCT(Base!$C$87:$AP$87,$C$50:$AP$50) | G53: =SUMPRODUCT(Base!$C$88:$AP$88,$C$49:$AP$49) | H53: =SUMPRODUCT(Base!$C$88:$AP$88,$C$50:$AP$50) | AR53: =$B$3*INDEX(INDEX(Tables!$B$5:$G$85,0,('Custom lights'!$B$5="CIE 1964 10deg")*3+1),49)*INDEX('Custom lights'!$B$8:$B$88,49) | AS53: =$B$3*INDEX(INDEX(Tables!$B$5:$G$85,0,('Custom lights'!$B$5="CIE 1964 10deg")*3+2),49)*INDEX('Custom lights'!$B$8:$B$88,49) | AT53: =$B$3*INDEX(INDEX(Tables!$B$5:$G$85,0,('Custom lights'!$B$5="CIE 1964 10deg")*3+3),49)*INDEX('Custom lights'!$B$8:$B$88,49)
AR54: =$B$3*INDEX(INDEX(Tables!$B$5:$G$85,0,('Custom lights'!$B$5="CIE 1964 10deg")*3+1),50)*INDEX('Custom lights'!$B$8:$B$88,50) | AS54: =$B$3*INDEX(INDEX(Tables!$B$5:$G$85,0,('Custom lights'!$B$5="CIE 1964 10deg")*3+2),50)*INDEX('Custom lights'!$B$8:$B$88,50) | AT54: =$B$3*INDEX(INDEX(Tables!$B$5:$G$85,0,('Custom lights'!$B$5="CIE 1964 10deg")*3+3),50)*INDEX('Custom lights'!$B$8:$B$88,50)
A55: det | B55: =$B$53*$D$53-$C$53^2 | AR55: =$B$3*INDEX(INDEX(Tables!$B$5:$G$85,0,('Custom lights'!$B$5="CIE 1964 10deg")*3+1),51)*INDEX('Custom lights'!$B$8:$B$88,51) | AS55: =$B$3*INDEX(INDEX(Tables!$B$5:$G$85,0,('Custom lights'!$B$5="CIE 1964 10deg")*3+2),51)*INDEX('Custom lights'!$B$8:$B$88,51) | AT55: =$B$3*INDEX(INDEX(Tables!$B$5:$G$85,0,('Custom lights'!$B$5="CIE 1964 10deg")*3+3),51)*INDEX('Custom lights'!$B$8:$B$88,51)
A56: F (2 x 2) | B56: =($E$53*$D$53-$F$53*$C$53)/$B$55 | C56: =(-$E$53*$C$53+$F$53*$B$53)/$B$55 | AR56: =$B$3*INDEX(INDEX(Tables!$B$5:$G$85,0,('Custom lights'!$B$5="CIE 1964 10deg")*3+1),52)*INDEX('Custom lights'!$B$8:$B$88,52) | AS56: =$B$3*INDEX(INDEX(Tables!$B$5:$G$85,0,('Custom lights'!$B$5="CIE 1964 10deg")*3+2),52)*INDEX('Custom lights'!$B$8:$B$88,52) | AT56: =$B$3*INDEX(INDEX(Tables!$B$5:$G$85,0,('Custom lights'!$B$5="CIE 1964 10deg")*3+3),52)*INDEX('Custom lights'!$B$8:$B$88,52)
B57: =($G$53*$D$53-$H$53*$C$53)/$B$55 | C57: =(-$G$53*$C$53+$H$53*$B$53)/$B$55 | AR57: =$B$3*INDEX(INDEX(Tables!$B$5:$G$85,0,('Custom lights'!$B$5="CIE 1964 10deg")*3+1),53)*INDEX('Custom lights'!$B$8:$B$88,53) | AS57: =$B$3*INDEX(INDEX(Tables!$B$5:$G$85,0,('Custom lights'!$B$5="CIE 1964 10deg")*3+2),53)*INDEX('Custom lights'!$B$8:$B$88,53) | AT57: =$B$3*INDEX(INDEX(Tables!$B$5:$G$85,0,('Custom lights'!$B$5="CIE 1964 10deg")*3+3),53)*INDEX('Custom lights'!$B$8:$B$88,53)
AR58: =$B$3*INDEX(INDEX(Tables!$B$5:$G$85,0,('Custom lights'!$B$5="CIE 1964 10deg")*3+1),54)*INDEX('Custom lights'!$B$8:$B$88,54) | AS58: =$B$3*INDEX(INDEX(Tables!$B$5:$G$85,0,('Custom lights'!$B$5="CIE 1964 10deg")*3+2),54)*INDEX('Custom lights'!$B$8:$B$88,54) | AT58: =$B$3*INDEX(INDEX(Tables!$B$5:$G$85,0,('Custom lights'!$B$5="CIE 1964 10deg")*3+3),54)*INDEX('Custom lights'!$B$8:$B$88,54)
A59: Result: A, XYZ to Wpt | B59: =$B$45 | C59: =$C$45 | D59: =$D$45 | F59: det A | G59: =($B$59*($C$60*$D$61-$D$60*$C$61)-$C$59*($B$60*$D$61-$D$60*$B$61)+$D$59*($B$60*$C$61-$C$60*$B$61)) | AR59: =$B$3*INDEX(INDEX(Tables!$B$5:$G$85,0,('Custom lights'!$B$5="CIE 1964 10deg")*3+1),55)*INDEX('Custom lights'!$B$8:$B$88,55) | AS59: =$B$3*INDEX(INDEX(Tables!$B$5:$G$85,0,('Custom lights'!$B$5="CIE 1964 10deg")*3+2),55)*INDEX('Custom lights'!$B$8:$B$88,55) | AT59: =$B$3*INDEX(INDEX(Tables!$B$5:$G$85,0,('Custom lights'!$B$5="CIE 1964 10deg")*3+3),55)*INDEX('Custom lights'!$B$8:$B$88,55)
B60: =$B$56*$B$46+$C$56*$B$47 | C60: =$B$56*$C$46+$C$56*$C$47 | D60: =$B$56*$D$46+$C$56*$D$47 | AR60: =$B$3*INDEX(INDEX(Tables!$B$5:$G$85,0,('Custom lights'!$B$5="CIE 1964 10deg")*3+1),56)*INDEX('Custom lights'!$B$8:$B$88,56) | AS60: =$B$3*INDEX(INDEX(Tables!$B$5:$G$85,0,('Custom lights'!$B$5="CIE 1964 10deg")*3+2),56)*INDEX('Custom lights'!$B$8:$B$88,56) | AT60: =$B$3*INDEX(INDEX(Tables!$B$5:$G$85,0,('Custom lights'!$B$5="CIE 1964 10deg")*3+3),56)*INDEX('Custom lights'!$B$8:$B$88,56)
B61: =$B$57*$B$46+$C$57*$B$47 | C61: =$B$57*$C$46+$C$57*$C$47 | D61: =$B$57*$D$46+$C$57*$D$47 | AR61: =$B$3*INDEX(INDEX(Tables!$B$5:$G$85,0,('Custom lights'!$B$5="CIE 1964 10deg")*3+1),57)*INDEX('Custom lights'!$B$8:$B$88,57) | AS61: =$B$3*INDEX(INDEX(Tables!$B$5:$G$85,0,('Custom lights'!$B$5="CIE 1964 10deg")*3+2),57)*INDEX('Custom lights'!$B$8:$B$88,57) | AT61: =$B$3*INDEX(INDEX(Tables!$B$5:$G$85,0,('Custom lights'!$B$5="CIE 1964 10deg")*3+3),57)*INDEX('Custom lights'!$B$8:$B$88,57)
AR62: =$B$3*INDEX(INDEX(Tables!$B$5:$G$85,0,('Custom lights'!$B$5="CIE 1964 10deg")*3+1),58)*INDEX('Custom lights'!$B$8:$B$88,58) | AS62: =$B$3*INDEX(INDEX(Tables!$B$5:$G$85,0,('Custom lights'!$B$5="CIE 1964 10deg")*3+2),58)*INDEX('Custom lights'!$B$8:$B$88,58) | AT62: =$B$3*INDEX(INDEX(Tables!$B$5:$G$85,0,('Custom lights'!$B$5="CIE 1964 10deg")*3+3),58)*INDEX('Custom lights'!$B$8:$B$88,58)
A63: Inverse: Wpt to XYZ | B63: =($C$60*$D$61-$D$60*$C$61)/$G$59 | C63: =($C$61*$D$59-$D$61*$C$59)/$G$59 | D63: =($C$59*$D$60-$D$59*$C$60)/$G$59 | AR63: =$B$3*INDEX(INDEX(Tables!$B$5:$G$85,0,('Custom lights'!$B$5="CIE 1964 10deg")*3+1),59)*INDEX('Custom lights'!$B$8:$B$88,59) | AS63: =$B$3*INDEX(INDEX(Tables!$B$5:$G$85,0,('Custom lights'!$B$5="CIE 1964 10deg")*3+2),59)*INDEX('Custom lights'!$B$8:$B$88,59) | AT63: =$B$3*INDEX(INDEX(Tables!$B$5:$G$85,0,('Custom lights'!$B$5="CIE 1964 10deg")*3+3),59)*INDEX('Custom lights'!$B$8:$B$88,59)
B64: =($D$60*$B$61-$B$60*$D$61)/$G$59 | C64: =($D$61*$B$59-$B$61*$D$59)/$G$59 | D64: =($D$59*$B$60-$B$59*$D$60)/$G$59 | AR64: =$B$3*INDEX(INDEX(Tables!$B$5:$G$85,0,('Custom lights'!$B$5="CIE 1964 10deg")*3+1),60)*INDEX('Custom lights'!$B$8:$B$88,60) | AS64: =$B$3*INDEX(INDEX(Tables!$B$5:$G$85,0,('Custom lights'!$B$5="CIE 1964 10deg")*3+2),60)*INDEX('Custom lights'!$B$8:$B$88,60) | AT64: =$B$3*INDEX(INDEX(Tables!$B$5:$G$85,0,('Custom lights'!$B$5="CIE 1964 10deg")*3+3),60)*INDEX('Custom lights'!$B$8:$B$88,60)
B65: =($B$60*$C$61-$C$60*$B$61)/$G$59 | C65: =($B$61*$C$59-$C$61*$B$59)/$G$59 | D65: =($B$59*$C$60-$C$59*$B$60)/$G$59 | AR65: =$B$3*INDEX(INDEX(Tables!$B$5:$G$85,0,('Custom lights'!$B$5="CIE 1964 10deg")*3+1),61)*INDEX('Custom lights'!$B$8:$B$88,61) | AS65: =$B$3*INDEX(INDEX(Tables!$B$5:$G$85,0,('Custom lights'!$B$5="CIE 1964 10deg")*3+2),61)*INDEX('Custom lights'!$B$8:$B$88,61) | AT65: =$B$3*INDEX(INDEX(Tables!$B$5:$G$85,0,('Custom lights'!$B$5="CIE 1964 10deg")*3+3),61)*INDEX('Custom lights'!$B$8:$B$88,61)
AR66: =$B$3*INDEX(INDEX(Tables!$B$5:$G$85,0,('Custom lights'!$B$5="CIE 1964 10deg")*3+1),62)*INDEX('Custom lights'!$B$8:$B$88,62) | AS66: =$B$3*INDEX(INDEX(Tables!$B$5:$G$85,0,('Custom lights'!$B$5="CIE 1964 10deg")*3+2),62)*INDEX('Custom lights'!$B$8:$B$88,62) | AT66: =$B$3*INDEX(INDEX(Tables!$B$5:$G$85,0,('Custom lights'!$B$5="CIE 1964 10deg")*3+3),62)*INDEX('Custom lights'!$B$8:$B$88,62)
AR67: =$B$3*INDEX(INDEX(Tables!$B$5:$G$85,0,('Custom lights'!$B$5="CIE 1964 10deg")*3+1),63)*INDEX('Custom lights'!$B$8:$B$88,63) | AS67: =$B$3*INDEX(INDEX(Tables!$B$5:$G$85,0,('Custom lights'!$B$5="CIE 1964 10deg")*3+2),63)*INDEX('Custom lights'!$B$8:$B$88,63) | AT67: =$B$3*INDEX(INDEX(Tables!$B$5:$G$85,0,('Custom lights'!$B$5="CIE 1964 10deg")*3+3),63)*INDEX('Custom lights'!$B$8:$B$88,63)
AR68: =$B$3*INDEX(INDEX(Tables!$B$5:$G$85,0,('Custom lights'!$B$5="CIE 1964 10deg")*3+1),64)*INDEX('Custom lights'!$B$8:$B$88,64) | AS68: =$B$3*INDEX(INDEX(Tables!$B$5:$G$85,0,('Custom lights'!$B$5="CIE 1964 10deg")*3+2),64)*INDEX('Custom lights'!$B$8:$B$88,64) | AT68: =$B$3*INDEX(INDEX(Tables!$B$5:$G$85,0,('Custom lights'!$B$5="CIE 1964 10deg")*3+3),64)*INDEX('Custom lights'!$B$8:$B$88,64)
AR69: =$B$3*INDEX(INDEX(Tables!$B$5:$G$85,0,('Custom lights'!$B$5="CIE 1964 10deg")*3+1),65)*INDEX('Custom lights'!$B$8:$B$88,65) | AS69: =$B$3*INDEX(INDEX(Tables!$B$5:$G$85,0,('Custom lights'!$B$5="CIE 1964 10deg")*3+2),65)*INDEX('Custom lights'!$B$8:$B$88,65) | AT69: =$B$3*INDEX(INDEX(Tables!$B$5:$G$85,0,('Custom lights'!$B$5="CIE 1964 10deg")*3+3),65)*INDEX('Custom lights'!$B$8:$B$88,65)
AR70: =$B$3*INDEX(INDEX(Tables!$B$5:$G$85,0,('Custom lights'!$B$5="CIE 1964 10deg")*3+1),66)*INDEX('Custom lights'!$B$8:$B$88,66) | AS70: =$B$3*INDEX(INDEX(Tables!$B$5:$G$85,0,('Custom lights'!$B$5="CIE 1964 10deg")*3+2),66)*INDEX('Custom lights'!$B$8:$B$88,66) | AT70: =$B$3*INDEX(INDEX(Tables!$B$5:$G$85,0,('Custom lights'!$B$5="CIE 1964 10deg")*3+3),66)*INDEX('Custom lights'!$B$8:$B$88,66)
AR71: =$B$3*INDEX(INDEX(Tables!$B$5:$G$85,0,('Custom lights'!$B$5="CIE 1964 10deg")*3+1),67)*INDEX('Custom lights'!$B$8:$B$88,67) | AS71: =$B$3*INDEX(INDEX(Tables!$B$5:$G$85,0,('Custom lights'!$B$5="CIE 1964 10deg")*3+2),67)*INDEX('Custom lights'!$B$8:$B$88,67) | AT71: =$B$3*INDEX(INDEX(Tables!$B$5:$G$85,0,('Custom lights'!$B$5="CIE 1964 10deg")*3+3),67)*INDEX('Custom lights'!$B$8:$B$88,67)
AR72: =$B$3*INDEX(INDEX(Tables!$B$5:$G$85,0,('Custom lights'!$B$5="CIE 1964 10deg")*3+1),68)*INDEX('Custom lights'!$B$8:$B$88,68) | AS72: =$B$3*INDEX(INDEX(Tables!$B$5:$G$85,0,('Custom lights'!$B$5="CIE 1964 10deg")*3+2),68)*INDEX('Custom lights'!$B$8:$B$88,68) | AT72: =$B$3*INDEX(INDEX(Tables!$B$5:$G$85,0,('Custom lights'!$B$5="CIE 1964 10deg")*3+3),68)*INDEX('Custom lights'!$B$8:$B$88,68)
AR73: =$B$3*INDEX(INDEX(Tables!$B$5:$G$85,0,('Custom lights'!$B$5="CIE 1964 10deg")*3+1),69)*INDEX('Custom lights'!$B$8:$B$88,69) | AS73: =$B$3*INDEX(INDEX(Tables!$B$5:$G$85,0,('Custom lights'!$B$5="CIE 1964 10deg")*3+2),69)*INDEX('Custom lights'!$B$8:$B$88,69) | AT73: =$B$3*INDEX(INDEX(Tables!$B$5:$G$85,0,('Custom lights'!$B$5="CIE 1964 10deg")*3+3),69)*INDEX('Custom lights'!$B$8:$B$88,69)
AR74: =$B$3*INDEX(INDEX(Tables!$B$5:$G$85,0,('Custom lights'!$B$5="CIE 1964 10deg")*3+1),70)*INDEX('Custom lights'!$B$8:$B$88,70) | AS74: =$B$3*INDEX(INDEX(Tables!$B$5:$G$85,0,('Custom lights'!$B$5="CIE 1964 10deg")*3+2),70)*INDEX('Custom lights'!$B$8:$B$88,70) | AT74: =$B$3*INDEX(INDEX(Tables!$B$5:$G$85,0,('Custom lights'!$B$5="CIE 1964 10deg")*3+3),70)*INDEX('Custom lights'!$B$8:$B$88,70)
AR75: =$B$3*INDEX(INDEX(Tables!$B$5:$G$85,0,('Custom lights'!$B$5="CIE 1964 10deg")*3+1),71)*INDEX('Custom lights'!$B$8:$B$88,71) | AS75: =$B$3*INDEX(INDEX(Tables!$B$5:$G$85,0,('Custom lights'!$B$5="CIE 1964 10deg")*3+2),71)*INDEX('Custom lights'!$B$8:$B$88,71) | AT75: =$B$3*INDEX(INDEX(Tables!$B$5:$G$85,0,('Custom lights'!$B$5="CIE 1964 10deg")*3+3),71)*INDEX('Custom lights'!$B$8:$B$88,71)
AR76: =$B$3*INDEX(INDEX(Tables!$B$5:$G$85,0,('Custom lights'!$B$5="CIE 1964 10deg")*3+1),72)*INDEX('Custom lights'!$B$8:$B$88,72) | AS76: =$B$3*INDEX(INDEX(Tables!$B$5:$G$85,0,('Custom lights'!$B$5="CIE 1964 10deg")*3+2),72)*INDEX('Custom lights'!$B$8:$B$88,72) | AT76: =$B$3*INDEX(INDEX(Tables!$B$5:$G$85,0,('Custom lights'!$B$5="CIE 1964 10deg")*3+3),72)*INDEX('Custom lights'!$B$8:$B$88,72)
AR77: =$B$3*INDEX(INDEX(Tables!$B$5:$G$85,0,('Custom lights'!$B$5="CIE 1964 10deg")*3+1),73)*INDEX('Custom lights'!$B$8:$B$88,73) | AS77: =$B$3*INDEX(INDEX(Tables!$B$5:$G$85,0,('Custom lights'!$B$5="CIE 1964 10deg")*3+2),73)*INDEX('Custom lights'!$B$8:$B$88,73) | AT77: =$B$3*INDEX(INDEX(Tables!$B$5:$G$85,0,('Custom lights'!$B$5="CIE 1964 10deg")*3+3),73)*INDEX('Custom lights'!$B$8:$B$88,73)
AR78: =$B$3*INDEX(INDEX(Tables!$B$5:$G$85,0,('Custom lights'!$B$5="CIE 1964 10deg")*3+1),74)*INDEX('Custom lights'!$B$8:$B$88,74) | AS78: =$B$3*INDEX(INDEX(Tables!$B$5:$G$85,0,('Custom lights'!$B$5="CIE 1964 10deg")*3+2),74)*INDEX('Custom lights'!$B$8:$B$88,74) | AT78: =$B$3*INDEX(INDEX(Tables!$B$5:$G$85,0,('Custom lights'!$B$5="CIE 1964 10deg")*3+3),74)*INDEX('Custom lights'!$B$8:$B$88,74)
AR79: =$B$3*INDEX(INDEX(Tables!$B$5:$G$85,0,('Custom lights'!$B$5="CIE 1964 10deg")*3+1),75)*INDEX('Custom lights'!$B$8:$B$88,75) | AS79: =$B$3*INDEX(INDEX(Tables!$B$5:$G$85,0,('Custom lights'!$B$5="CIE 1964 10deg")*3+2),75)*INDEX('Custom lights'!$B$8:$B$88,75) | AT79: =$B$3*INDEX(INDEX(Tables!$B$5:$G$85,0,('Custom lights'!$B$5="CIE 1964 10deg")*3+3),75)*INDEX('Custom lights'!$B$8:$B$88,75)
AR80: =$B$3*INDEX(INDEX(Tables!$B$5:$G$85,0,('Custom lights'!$B$5="CIE 1964 10deg")*3+1),76)*INDEX('Custom lights'!$B$8:$B$88,76) | AS80: =$B$3*INDEX(INDEX(Tables!$B$5:$G$85,0,('Custom lights'!$B$5="CIE 1964 10deg")*3+2),76)*INDEX('Custom lights'!$B$8:$B$88,76) | AT80: =$B$3*INDEX(INDEX(Tables!$B$5:$G$85,0,('Custom lights'!$B$5="CIE 1964 10deg")*3+3),76)*INDEX('Custom lights'!$B$8:$B$88,76)
AR81: =$B$3*INDEX(INDEX(Tables!$B$5:$G$85,0,('Custom lights'!$B$5="CIE 1964 10deg")*3+1),77)*INDEX('Custom lights'!$B$8:$B$88,77) | AS81: =$B$3*INDEX(INDEX(Tables!$B$5:$G$85,0,('Custom lights'!$B$5="CIE 1964 10deg")*3+2),77)*INDEX('Custom lights'!$B$8:$B$88,77) | AT81: =$B$3*INDEX(INDEX(Tables!$B$5:$G$85,0,('Custom lights'!$B$5="CIE 1964 10deg")*3+3),77)*INDEX('Custom lights'!$B$8:$B$88,77)
AR82: =$B$3*INDEX(INDEX(Tables!$B$5:$G$85,0,('Custom lights'!$B$5="CIE 1964 10deg")*3+1),78)*INDEX('Custom lights'!$B$8:$B$88,78) | AS82: =$B$3*INDEX(INDEX(Tables!$B$5:$G$85,0,('Custom lights'!$B$5="CIE 1964 10deg")*3+2),78)*INDEX('Custom lights'!$B$8:$B$88,78) | AT82: =$B$3*INDEX(INDEX(Tables!$B$5:$G$85,0,('Custom lights'!$B$5="CIE 1964 10deg")*3+3),78)*INDEX('Custom lights'!$B$8:$B$88,78)
AR83: =$B$3*INDEX(INDEX(Tables!$B$5:$G$85,0,('Custom lights'!$B$5="CIE 1964 10deg")*3+1),79)*INDEX('Custom lights'!$B$8:$B$88,79) | AS83: =$B$3*INDEX(INDEX(Tables!$B$5:$G$85,0,('Custom lights'!$B$5="CIE 1964 10deg")*3+2),79)*INDEX('Custom lights'!$B$8:$B$88,79) | AT83: =$B$3*INDEX(INDEX(Tables!$B$5:$G$85,0,('Custom lights'!$B$5="CIE 1964 10deg")*3+3),79)*INDEX('Custom lights'!$B$8:$B$88,79)
AR84: =$B$3*INDEX(INDEX(Tables!$B$5:$G$85,0,('Custom lights'!$B$5="CIE 1964 10deg")*3+1),80)*INDEX('Custom lights'!$B$8:$B$88,80) | AS84: =$B$3*INDEX(INDEX(Tables!$B$5:$G$85,0,('Custom lights'!$B$5="CIE 1964 10deg")*3+2),80)*INDEX('Custom lights'!$B$8:$B$88,80) | AT84: =$B$3*INDEX(INDEX(Tables!$B$5:$G$85,0,('Custom lights'!$B$5="CIE 1964 10deg")*3+3),80)*INDEX('Custom lights'!$B$8:$B$88,80)
AR85: =$B$3*INDEX(INDEX(Tables!$B$5:$G$85,0,('Custom lights'!$B$5="CIE 1964 10deg")*3+1),81)*INDEX('Custom lights'!$B$8:$B$88,81) | AS85: =$B$3*INDEX(INDEX(Tables!$B$5:$G$85,0,('Custom lights'!$B$5="CIE 1964 10deg")*3+2),81)*INDEX('Custom lights'!$B$8:$B$88,81) | AT85: =$B$3*INDEX(INDEX(Tables!$B$5:$G$85,0,('Custom lights'!$B$5="CIE 1964 10deg")*3+3),81)*INDEX('Custom lights'!$B$8:$B$88,81)

Sheet Custom2
A1: Wpt normalization for custom light 2
A3: k (white Y = 100) | B3: =100/SUMPRODUCT(INDEX(Tables!$B$5:$G$85,0,('Custom lights'!$C$5="CIE 1964 10deg")*3+2),'Custom lights'!$C$8:$C$88) | AR3: k x observer x light, 5 nm | AV3: Weights for 10 nm reflectance (380-730 nm)
AR5: =$B$3*INDEX(INDEX(Tables!$B$5:$G$85,0,('Custom lights'!$C$5="CIE 1964 10deg")*3+1),1)*INDEX('Custom lights'!$C$8:$C$88,1) | AS5: =$B$3*INDEX(INDEX(Tables!$B$5:$G$85,0,('Custom lights'!$C$5="CIE 1964 10deg")*3+2),1)*INDEX('Custom lights'!$C$8:$C$88,1) | AT5: =$B$3*INDEX(INDEX(Tables!$B$5:$G$85,0,('Custom lights'!$C$5="CIE 1964 10deg")*3+3),1)*INDEX('Custom lights'!$C$8:$C$88,1) | AV5: =SUMPRODUCT(AR$5:AR$85,Interp!$B$5:$B$85) | AW5: =SUMPRODUCT(AS$5:AS$85,Interp!$B$5:$B$85) | AX5: =SUMPRODUCT(AT$5:AT$85,Interp!$B$5:$B$85)
A6: White XYZ | B6: =$B$3*SUMPRODUCT(INDEX(Tables!$B$5:$G$85,0,('Custom lights'!$C$5="CIE 1964 10deg")*3+1),'Custom lights'!$C$8:$C$88) | C6: =$B$3*SUMPRODUCT(INDEX(Tables!$B$5:$G$85,0,('Custom lights'!$C$5="CIE 1964 10deg")*3+2),'Custom lights'!$C$8:$C$88) | D6: =$B$3*SUMPRODUCT(INDEX(Tables!$B$5:$G$85,0,('Custom lights'!$C$5="CIE 1964 10deg")*3+3),'Custom lights'!$C$8:$C$88) | AR6: =$B$3*INDEX(INDEX(Tables!$B$5:$G$85,0,('Custom lights'!$C$5="CIE 1964 10deg")*3+1),2)*INDEX('Custom lights'!$C$8:$C$88,2) | AS6: =$B$3*INDEX(INDEX(Tables!$B$5:$G$85,0,('Custom lights'!$C$5="CIE 1964 10deg")*3+2),2)*INDEX('Custom lights'!$C$8:$C$88,2) | AT6: =$B$3*INDEX(INDEX(Tables!$B$5:$G$85,0,('Custom lights'!$C$5="CIE 1964 10deg")*3+3),2)*INDEX('Custom lights'!$C$8:$C$88,2) | AV6: =SUMPRODUCT(AR$5:AR$85,Interp!$C$5:$C$85) | AW6: =SUMPRODUCT(AS$5:AS$85,Interp!$C$5:$C$85) | AX6: =SUMPRODUCT(AT$5:AT$85,Interp!$C$5:$C$85)
AR7: =$B$3*INDEX(INDEX(Tables!$B$5:$G$85,0,('Custom lights'!$C$5="CIE 1964 10deg")*3+1),3)*INDEX('Custom lights'!$C$8:$C$88,3) | AS7: =$B$3*INDEX(INDEX(Tables!$B$5:$G$85,0,('Custom lights'!$C$5="CIE 1964 10deg")*3+2),3)*INDEX('Custom lights'!$C$8:$C$88,3) | AT7: =$B$3*INDEX(INDEX(Tables!$B$5:$G$85,0,('Custom lights'!$C$5="CIE 1964 10deg")*3+3),3)*INDEX('Custom lights'!$C$8:$C$88,3) | AV7: =SUMPRODUCT(AR$5:AR$85,Interp!$D$5:$D$85) | AW7: =SUMPRODUCT(AS$5:AS$85,Interp!$D$5:$D$85) | AX7: =SUMPRODUCT(AT$5:AT$85,Interp!$D$5:$D$85)
A8: Base samples: XYZ (rows 9-11) | C8: =Base!C4 | D8: =Base!D4 | E8: =Base!E4 | F8: =Base!F4 | G8: =Base!G4 | H8: =Base!H4 | I8: =Base!I4 | J8: =Base!J4 | ... AP8: =Base!AP4 | AR8: =$B$3*INDEX(INDEX(Tables!$B$5:$G$85,0,('Custom lights'!$C$5="CIE 1964 10deg")*3+1),4)*INDEX('Custom lights'!$C$8:$C$88,4) | AS8: =$B$3*INDEX(INDEX(Tables!$B$5:$G$85,0,('Custom lights'!$C$5="CIE 1964 10deg")*3+2),4)*INDEX('Custom lights'!$C$8:$C$88,4) | AT8: =$B$3*INDEX(INDEX(Tables!$B$5:$G$85,0,('Custom lights'!$C$5="CIE 1964 10deg")*3+3),4)*INDEX('Custom lights'!$C$8:$C$88,4) | AV8: =SUMPRODUCT(AR$5:AR$85,Interp!$E$5:$E$85) | AW8: =SUMPRODUCT(AS$5:AS$85,Interp!$E$5:$E$85) | AX8: =SUMPRODUCT(AT$5:AT$85,Interp!$E$5:$E$85)
C9: =$B$3*SUMPRODUCT(Base!$C$5:$C$85,INDEX(Tables!$B$5:$G$85,0,('Custom lights'!$C$5="CIE 1964 10deg")*3+1),'Custom lights'!$C$8:$C$88) | D9: =$B$3*SUMPRODUCT(Base!$D$5:$D$85,INDEX(Tables!$B$5:$G$85,0,('Custom lights'!$C$5="CIE 1964 10deg")*3+1),'Custom lights'!$C$8:$C$88) | E9: =$B$3*SUMPRODUCT(Base!$E$5:$E$85,INDEX(Tables!$B$5:$G$85,0,('Custom lights'!$C$5="CIE 1964 10deg")*3+1),'Custom lights'!$C$8:$C$88) | F9: =$B$3*SUMPRODUCT(Base!$F$5:$F$85,INDEX(Tables!$B$5:$G$85,0,('Custom lights'!$C$5="CIE 1964 10deg")*3+1),'Custom lights'!$C$8:$C$88) | G9: =$B$3*SUMPRODUCT(Base!$G$5:$G$85,INDEX(Tables!$B$5:$G$85,0,('Custom lights'!$C$5="CIE 1964 10deg")*3+1),'Custom lights'!$C$8:$C$88) | H9: =$B$3*SUMPRODUCT(Base!$H$5:$H$85,INDEX(Tables!$B$5:$G$85,0,('Custom lights'!$C$5="CIE 1964 10deg")*3+1),'Custom lights'!$C$8:$C$88) | I9: =$B$3*SUMPRODUCT(Base!$I$5:$I$85,INDEX(Tables!$B$5:$G$85,0,('Custom lights'!$C$5="CIE 1964 10deg")*3+1),'Custom lights'!$C$8:$C$88) | J9: =$B$3*SUMPRODUCT(Base!$J$5:$J$85,INDEX(Tables!$B$5:$G$85,0,('Custom lights'!$C$5="CIE 1964 10deg")*3+1),'Custom lights'!$C$8:$C$88) | K9: =$B$3*SUMPRODUCT(Base!$K$5:$K$85,INDEX(Tables!$B$5:$G$85,0,('Custom lights'!$C$5="CIE 1964 10deg")*3+1),'Custom lights'!$C$8:$C$88) | L9: =$B$3*SUMPRODUCT(Base!$L$5:$L$85,INDEX(Tables!$B$5:$G$85,0,('Custom lights'!$C$5="CIE 1964 10deg")*3+1),'Custom lights'!$C$8:$C$88) | M9: =$B$3*SUMPRODUCT(Base!$M$5:$M$85,INDEX(Tables!$B$5:$G$85,0,('Custom lights'!$C$5="CIE 1964 10deg")*3+1),'Custom lights'!$C$8:$C$88) | N9: =$B$3*SUMPRODUCT(Base!$N$5:$N$85,INDEX(Tables!$B$5:$G$85,0,('Custom lights'!$C$5="CIE 1964 10deg")*3+1),'Custom lights'!$C$8:$C$88) | O9: =$B$3*SUMPRODUCT(Base!$O$5:$O$85,INDEX(Tables!$B$5:$G$85,0,('Custom lights'!$C$5="CIE 1964 10deg")*3+1),'Custom lights'!$C$8:$C$88) | P9: =$B$3*SUMPRODUCT(Base!$P$5:$P$85,INDEX(Tables!$B$5:$G$85,0,('Custom lights'!$C$5="CIE 1964 10deg")*3+1),'Custom lights'!$C$8:$C$88) | Q9: =$B$3*SUMPRODUCT(Base!$Q$5:$Q$85,INDEX(Tables!$B$5:$G$85,0,('Custom lights'!$C$5="CIE 1964 10deg")*3+1),'Custom lights'!$C$8:$C$88) | R9: =$B$3*SUMPRODUCT(Base!$R$5:$R$85,INDEX(Tables!$B$5:$G$85,0,('Custom lights'!$C$5="CIE 1964 10deg")*3+1),'Custom lights'!$C$8:$C$88) | S9: =$B$3*SUMPRODUCT(Base!$S$5:$S$85,INDEX(Tables!$B$5:$G$85,0,('Custom lights'!$C$5="CIE 1964 10deg")*3+1),'Custom lights'!$C$8:$C$88) | T9: =$B$3*SUMPRODUCT(Base!$T$5:$T$85,INDEX(Tables!$B$5:$G$85,0,('Custom lights'!$C$5="CIE 1964 10deg")*3+1),'Custom lights'!$C$8:$C$88) | U9: =$B$3*SUMPRODUCT(Base!$U$5:$U$85,INDEX(Tables!$B$5:$G$85,0,('Custom lights'!$C$5="CIE 1964 10deg")*3+1),'Custom lights'!$C$8:$C$88) | V9: =$B$3*SUMPRODUCT(Base!$V$5:$V$85,INDEX(Tables!$B$5:$G$85,0,('Custom lights'!$C$5="CIE 1964 10deg")*3+1),'Custom lights'!$C$8:$C$88) | W9: =$B$3*SUMPRODUCT(Base!$W$5:$W$85,INDEX(Tables!$B$5:$G$85,0,('Custom lights'!$C$5="CIE 1964 10deg")*3+1),'Custom lights'!$C$8:$C$88) | X9: =$B$3*SUMPRODUCT(Base!$X$5:$X$85,INDEX(Tables!$B$5:$G$85,0,('Custom lights'!$C$5="CIE 1964 10deg")*3+1),'Custom lights'!$C$8:$C$88) | Y9: =$B$3*SUMPRODUCT(Base!$Y$5:$Y$85,INDEX(Tables!$B$5:$G$85,0,('Custom lights'!$C$5="CIE 1964 10deg")*3+1),'Custom lights'!$C$8:$C$88) | Z9: =$B$3*SUMPRODUCT(Base!$Z$5:$Z$85,INDEX(Tables!$B$5:$G$85,0,('Custom lights'!$C$5="CIE 1964 10deg")*3+1),'Custom lights'!$C$8:$C$88) | AA9: =$B$3*SUMPRODUCT(Base!$AA$5:$AA$85,INDEX(Tables!$B$5:$G$85,0,('Custom lights'!$C$5="CIE 1964 10deg")*3+1),'Custom lights'!$C$8:$C$88) | AB9: =$B$3*SUMPRODUCT(Base!$AB$5:$AB$85,INDEX(Tables!$B$5:$G$85,0,('Custom lights'!$C$5="CIE 1964 10deg")*3+1),'Custom lights'!$C$8:$C$88) | AC9: =$B$3*SUMPRODUCT(Base!$AC$5:$AC$85,INDEX(Tables!$B$5:$G$85,0,('Custom lights'!$C$5="CIE 1964 10deg")*3+1),'Custom lights'!$C$8:$C$88) | AD9: =$B$3*SUMPRODUCT(Base!$AD$5:$AD$85,INDEX(Tables!$B$5:$G$85,0,('Custom lights'!$C$5="CIE 1964 10deg")*3+1),'Custom lights'!$C$8:$C$88) | AE9: =$B$3*SUMPRODUCT(Base!$AE$5:$AE$85,INDEX(Tables!$B$5:$G$85,0,('Custom lights'!$C$5="CIE 1964 10deg")*3+1),'Custom lights'!$C$8:$C$88) | AF9: =$B$3*SUMPRODUCT(Base!$AF$5:$AF$85,INDEX(Tables!$B$5:$G$85,0,('Custom lights'!$C$5="CIE 1964 10deg")*3+1),'Custom lights'!$C$8:$C$88) | AG9: =$B$3*SUMPRODUCT(Base!$AG$5:$AG$85,INDEX(Tables!$B$5:$G$85,0,('Custom lights'!$C$5="CIE 1964 10deg")*3+1),'Custom lights'!$C$8:$C$88) | AH9: =$B$3*SUMPRODUCT(Base!$AH$5:$AH$85,INDEX(Tables!$B$5:$G$85,0,('Custom lights'!$C$5="CIE 1964 10deg")*3+1),'Custom lights'!$C$8:$C$88) | AI9: =$B$3*SUMPRODUCT(Base!$AI$5:$AI$85,INDEX(Tables!$B$5:$G$85,0,('Custom lights'!$C$5="CIE 1964 10deg")*3+1),'Custom lights'!$C$8:$C$88) | AJ9: =$B$3*SUMPRODUCT(Base!$AJ$5:$AJ$85,INDEX(Tables!$B$5:$G$85,0,('Custom lights'!$C$5="CIE 1964 10deg")*3+1),'Custom lights'!$C$8:$C$88) | AK9: =$B$3*SUMPRODUCT(Base!$AK$5:$AK$85,INDEX(Tables!$B$5:$G$85,0,('Custom lights'!$C$5="CIE 1964 10deg")*3+1),'Custom lights'!$C$8:$C$88) | AL9: =$B$3*SUMPRODUCT(Base!$AL$5:$AL$85,INDEX(Tables!$B$5:$G$85,0,('Custom lights'!$C$5="CIE 1964 10deg")*3+1),'Custom lights'!$C$8:$C$88) | AM9: =$B$3*SUMPRODUCT(Base!$AM$5:$AM$85,INDEX(Tables!$B$5:$G$85,0,('Custom lights'!$C$5="CIE 1964 10deg")*3+1),'Custom lights'!$C$8:$C$88) | AN9: =$B$3*SUMPRODUCT(Base!$AN$5:$AN$85,INDEX(Tables!$B$5:$G$85,0,('Custom lights'!$C$5="CIE 1964 10deg")*3+1),'Custom lights'!$C$8:$C$88) | AO9: =$B$3*SUMPRODUCT(Base!$AO$5:$AO$85,INDEX(Tables!$B$5:$G$85,0,('Custom lights'!$C$5="CIE 1964 10deg")*3+1),'Custom lights'!$C$8:$C$88) | AP9: =$B$3*SUMPRODUCT(Base!$AP$5:$AP$85,INDEX(Tables!$B$5:$G$85,0,('Custom lights'!$C$5="CIE 1964 10deg")*3+1),'Custom lights'!$C$8:$C$88) | AR9: =$B$3*INDEX(INDEX(Tables!$B$5:$G$85,0,('Custom lights'!$C$5="CIE 1964 10deg")*3+1),5)*INDEX('Custom lights'!$C$8:$C$88,5) | AS9: =$B$3*INDEX(INDEX(Tables!$B$5:$G$85,0,('Custom lights'!$C$5="CIE 1964 10deg")*3+2),5)*INDEX('Custom lights'!$C$8:$C$88,5) | AT9: =$B$3*INDEX(INDEX(Tables!$B$5:$G$85,0,('Custom lights'!$C$5="CIE 1964 10deg")*3+3),5)*INDEX('Custom lights'!$C$8:$C$88,5) | AV9: =SUMPRODUCT(AR$5:AR$85,Interp!$F$5:$F$85) | AW9: =SUMPRODUCT(AS$5:AS$85,Interp!$F$5:$F$85) | AX9: =SUMPRODUCT(AT$5:AT$85,Interp!$F$5:$F$85)
C10: =$B$3*SUMPRODUCT(Base!$C$5:$C$85,INDEX(Tables!$B$5:$G$85,0,('Custom lights'!$C$5="CIE 1964 10deg")*3+2),'Custom lights'!$C$8:$C$88) | D10: =$B$3*SUMPRODUCT(Base!$D$5:$D$85,INDEX(Tables!$B$5:$G$85,0,('Custom lights'!$C$5="CIE 1964 10deg")*3+2),'Custom lights'!$C$8:$C$88) | E10: =$B$3*SUMPRODUCT(Base!$E$5:$E$85,INDEX(Tables!$B$5:$G$85,0,('Custom lights'!$C$5="CIE 1964 10deg")*3+2),'Custom lights'!$C$8:$C$88) | F10: =$B$3*SUMPRODUCT(Base!$F$5:$F$85,INDEX(Tables!$B$5:$G$85,0,('Custom lights'!$C$5="CIE 1964 10deg")*3+2),'Custom lights'!$C$8:$C$88) | G10: =$B$3*SUMPRODUCT(Base!$G$5:$G$85,INDEX(Tables!$B$5:$G$85,0,('Custom lights'!$C$5="CIE 1964 10deg")*3+2),'Custom lights'!$C$8:$C$88) | H10: =$B$3*SUMPRODUCT(Base!$H$5:$H$85,INDEX(Tables!$B$5:$G$85,0,('Custom lights'!$C$5="CIE 1964 10deg")*3+2),'Custom lights'!$C$8:$C$88) | I10: =$B$3*SUMPRODUCT(Base!$I$5:$I$85,INDEX(Tables!$B$5:$G$85,0,('Custom lights'!$C$5="CIE 1964 10deg")*3+2),'Custom lights'!$C$8:$C$88) | J10: =$B$3*SUMPRODUCT(Base!$J$5:$J$85,INDEX(Tables!$B$5:$G$85,0,('Custom lights'!$C$5="CIE 1964 10deg")*3+2),'Custom lights'!$C$8:$C$88) | K10: =$B$3*SUMPRODUCT(Base!$K$5:$K$85,INDEX(Tables!$B$5:$G$85,0,('Custom lights'!$C$5="CIE 1964 10deg")*3+2),'Custom lights'!$C$8:$C$88) | L10: =$B$3*SUMPRODUCT(Base!$L$5:$L$85,INDEX(Tables!$B$5:$G$85,0,('Custom lights'!$C$5="CIE 1964 10deg")*3+2),'Custom lights'!$C$8:$C$88) | M10: =$B$3*SUMPRODUCT(Base!$M$5:$M$85,INDEX(Tables!$B$5:$G$85,0,('Custom lights'!$C$5="CIE 1964 10deg")*3+2),'Custom lights'!$C$8:$C$88) | N10: =$B$3*SUMPRODUCT(Base!$N$5:$N$85,INDEX(Tables!$B$5:$G$85,0,('Custom lights'!$C$5="CIE 1964 10deg")*3+2),'Custom lights'!$C$8:$C$88) | O10: =$B$3*SUMPRODUCT(Base!$O$5:$O$85,INDEX(Tables!$B$5:$G$85,0,('Custom lights'!$C$5="CIE 1964 10deg")*3+2),'Custom lights'!$C$8:$C$88) | P10: =$B$3*SUMPRODUCT(Base!$P$5:$P$85,INDEX(Tables!$B$5:$G$85,0,('Custom lights'!$C$5="CIE 1964 10deg")*3+2),'Custom lights'!$C$8:$C$88) | Q10: =$B$3*SUMPRODUCT(Base!$Q$5:$Q$85,INDEX(Tables!$B$5:$G$85,0,('Custom lights'!$C$5="CIE 1964 10deg")*3+2),'Custom lights'!$C$8:$C$88) | R10: =$B$3*SUMPRODUCT(Base!$R$5:$R$85,INDEX(Tables!$B$5:$G$85,0,('Custom lights'!$C$5="CIE 1964 10deg")*3+2),'Custom lights'!$C$8:$C$88) | S10: =$B$3*SUMPRODUCT(Base!$S$5:$S$85,INDEX(Tables!$B$5:$G$85,0,('Custom lights'!$C$5="CIE 1964 10deg")*3+2),'Custom lights'!$C$8:$C$88) | T10: =$B$3*SUMPRODUCT(Base!$T$5:$T$85,INDEX(Tables!$B$5:$G$85,0,('Custom lights'!$C$5="CIE 1964 10deg")*3+2),'Custom lights'!$C$8:$C$88) | U10: =$B$3*SUMPRODUCT(Base!$U$5:$U$85,INDEX(Tables!$B$5:$G$85,0,('Custom lights'!$C$5="CIE 1964 10deg")*3+2),'Custom lights'!$C$8:$C$88) | V10: =$B$3*SUMPRODUCT(Base!$V$5:$V$85,INDEX(Tables!$B$5:$G$85,0,('Custom lights'!$C$5="CIE 1964 10deg")*3+2),'Custom lights'!$C$8:$C$88) | W10: =$B$3*SUMPRODUCT(Base!$W$5:$W$85,INDEX(Tables!$B$5:$G$85,0,('Custom lights'!$C$5="CIE 1964 10deg")*3+2),'Custom lights'!$C$8:$C$88) | X10: =$B$3*SUMPRODUCT(Base!$X$5:$X$85,INDEX(Tables!$B$5:$G$85,0,('Custom lights'!$C$5="CIE 1964 10deg")*3+2),'Custom lights'!$C$8:$C$88) | Y10: =$B$3*SUMPRODUCT(Base!$Y$5:$Y$85,INDEX(Tables!$B$5:$G$85,0,('Custom lights'!$C$5="CIE 1964 10deg")*3+2),'Custom lights'!$C$8:$C$88) | Z10: =$B$3*SUMPRODUCT(Base!$Z$5:$Z$85,INDEX(Tables!$B$5:$G$85,0,('Custom lights'!$C$5="CIE 1964 10deg")*3+2),'Custom lights'!$C$8:$C$88) | AA10: =$B$3*SUMPRODUCT(Base!$AA$5:$AA$85,INDEX(Tables!$B$5:$G$85,0,('Custom lights'!$C$5="CIE 1964 10deg")*3+2),'Custom lights'!$C$8:$C$88) | AB10: =$B$3*SUMPRODUCT(Base!$AB$5:$AB$85,INDEX(Tables!$B$5:$G$85,0,('Custom lights'!$C$5="CIE 1964 10deg")*3+2),'Custom lights'!$C$8:$C$88) | AC10: =$B$3*SUMPRODUCT(Base!$AC$5:$AC$85,INDEX(Tables!$B$5:$G$85,0,('Custom lights'!$C$5="CIE 1964 10deg")*3+2),'Custom lights'!$C$8:$C$88) | AD10: =$B$3*SUMPRODUCT(Base!$AD$5:$AD$85,INDEX(Tables!$B$5:$G$85,0,('Custom lights'!$C$5="CIE 1964 10deg")*3+2),'Custom lights'!$C$8:$C$88) | AE10: =$B$3*SUMPRODUCT(Base!$AE$5:$AE$85,INDEX(Tables!$B$5:$G$85,0,('Custom lights'!$C$5="CIE 1964 10deg")*3+2),'Custom lights'!$C$8:$C$88) | AF10: =$B$3*SUMPRODUCT(Base!$AF$5:$AF$85,INDEX(Tables!$B$5:$G$85,0,('Custom lights'!$C$5="CIE 1964 10deg")*3+2),'Custom lights'!$C$8:$C$88) | AG10: =$B$3*SUMPRODUCT(Base!$AG$5:$AG$85,INDEX(Tables!$B$5:$G$85,0,('Custom lights'!$C$5="CIE 1964 10deg")*3+2),'Custom lights'!$C$8:$C$88) | AH10: =$B$3*SUMPRODUCT(Base!$AH$5:$AH$85,INDEX(Tables!$B$5:$G$85,0,('Custom lights'!$C$5="CIE 1964 10deg")*3+2),'Custom lights'!$C$8:$C$88) | AI10: =$B$3*SUMPRODUCT(Base!$AI$5:$AI$85,INDEX(Tables!$B$5:$G$85,0,('Custom lights'!$C$5="CIE 1964 10deg")*3+2),'Custom lights'!$C$8:$C$88) | AJ10: =$B$3*SUMPRODUCT(Base!$AJ$5:$AJ$85,INDEX(Tables!$B$5:$G$85,0,('Custom lights'!$C$5="CIE 1964 10deg")*3+2),'Custom lights'!$C$8:$C$88) | AK10: =$B$3*SUMPRODUCT(Base!$AK$5:$AK$85,INDEX(Tables!$B$5:$G$85,0,('Custom lights'!$C$5="CIE 1964 10deg")*3+2),'Custom lights'!$C$8:$C$88) | AL10: =$B$3*SUMPRODUCT(Base!$AL$5:$AL$85,INDEX(Tables!$B$5:$G$85,0,('Custom lights'!$C$5="CIE 1964 10deg")*3+2),'Custom lights'!$C$8:$C$88) | AM10: =$B$3*SUMPRODUCT(Base!$AM$5:$AM$85,INDEX(Tables!$B$5:$G$85,0,('Custom lights'!$C$5="CIE 1964 10deg")*3+2),'Custom lights'!$C$8:$C$88) | AN10: =$B$3*SUMPRODUCT(Base!$AN$5:$AN$85,INDEX(Tables!$B$5:$G$85,0,('Custom lights'!$C$5="CIE 1964 10deg")*3+2),'Custom lights'!$C$8:$C$88) | AO10: =$B$3*SUMPRODUCT(Base!$AO$5:$AO$85,INDEX(Tables!$B$5:$G$85,0,('Custom lights'!$C$5="CIE 1964 10deg")*3+2),'Custom lights'!$C$8:$C$88) | AP10: =$B$3*SUMPRODUCT(Base!$AP$5:$AP$85,INDEX(Tables!$B$5:$G$85,0,('Custom lights'!$C$5="CIE 1964 10deg")*3+2),'Custom lights'!$C$8:$C$88) | AR10: =$B$3*INDEX(INDEX(Tables!$B$5:$G$85,0,('Custom lights'!$C$5="CIE 1964 10deg")*3+1),6)*INDEX('Custom lights'!$C$8:$C$88,6) | AS10: =$B$3*INDEX(INDEX(Tables!$B$5:$G$85,0,('Custom lights'!$C$5="CIE 1964 10deg")*3+2),6)*INDEX('Custom lights'!$C$8:$C$88,6) | AT10: =$B$3*INDEX(INDEX(Tables!$B$5:$G$85,0,('Custom lights'!$C$5="CIE 1964 10deg")*3+3),6)*INDEX('Custom lights'!$C$8:$C$88,6) | AV10: =SUMPRODUCT(AR$5:AR$85,Interp!$G$5:$G$85) | AW10: =SUMPRODUCT(AS$5:AS$85,Interp!$G$5:$G$85) | AX10: =SUMPRODUCT(AT$5:AT$85,Interp!$G$5:$G$85)
C11: =$B$3*SUMPRODUCT(Base!$C$5:$C$85,INDEX(Tables!$B$5:$G$85,0,('Custom lights'!$C$5="CIE 1964 10deg")*3+3),'Custom lights'!$C$8:$C$88) | D11: =$B$3*SUMPRODUCT(Base!$D$5:$D$85,INDEX(Tables!$B$5:$G$85,0,('Custom lights'!$C$5="CIE 1964 10deg")*3+3),'Custom lights'!$C$8:$C$88) | E11: =$B$3*SUMPRODUCT(Base!$E$5:$E$85,INDEX(Tables!$B$5:$G$85,0,('Custom lights'!$C$5="CIE 1964 10deg")*3+3),'Custom lights'!$C$8:$C$88) | F11: =$B$3*SUMPRODUCT(Base!$F$5:$F$85,INDEX(Tables!$B$5:$G$85,0,('Custom lights'!$C$5="CIE 1964 10deg")*3+3),'Custom lights'!$C$8:$C$88) | G11: =$B$3*SUMPRODUCT(Base!$G$5:$G$85,INDEX(Tables!$B$5:$G$85,0,('Custom lights'!$C$5="CIE 1964 10deg")*3+3),'Custom lights'!$C$8:$C$88) | H11: =$B$3*SUMPRODUCT(Base!$H$5:$H$85,INDEX(Tables!$B$5:$G$85,0,('Custom lights'!$C$5="CIE 1964 10deg")*3+3),'Custom lights'!$C$8:$C$88) | I11: =$B$3*SUMPRODUCT(Base!$I$5:$I$85,INDEX(Tables!$B$5:$G$85,0,('Custom lights'!$C$5="CIE 1964 10deg")*3+3),'Custom lights'!$C$8:$C$88) | J11: =$B$3*SUMPRODUCT(Base!$J$5:$J$85,INDEX(Tables!$B$5:$G$85,0,('Custom lights'!$C$5="CIE 1964 10deg")*3+3),'Custom lights'!$C$8:$C$88) | K11: =$B$3*SUMPRODUCT(Base!$K$5:$K$85,INDEX(Tables!$B$5:$G$85,0,('Custom lights'!$C$5="CIE 1964 10deg")*3+3),'Custom lights'!$C$8:$C$88) | L11: =$B$3*SUMPRODUCT(Base!$L$5:$L$85,INDEX(Tables!$B$5:$G$85,0,('Custom lights'!$C$5="CIE 1964 10deg")*3+3),'Custom lights'!$C$8:$C$88) | M11: =$B$3*SUMPRODUCT(Base!$M$5:$M$85,INDEX(Tables!$B$5:$G$85,0,('Custom lights'!$C$5="CIE 1964 10deg")*3+3),'Custom lights'!$C$8:$C$88) | N11: =$B$3*SUMPRODUCT(Base!$N$5:$N$85,INDEX(Tables!$B$5:$G$85,0,('Custom lights'!$C$5="CIE 1964 10deg")*3+3),'Custom lights'!$C$8:$C$88) | O11: =$B$3*SUMPRODUCT(Base!$O$5:$O$85,INDEX(Tables!$B$5:$G$85,0,('Custom lights'!$C$5="CIE 1964 10deg")*3+3),'Custom lights'!$C$8:$C$88) | P11: =$B$3*SUMPRODUCT(Base!$P$5:$P$85,INDEX(Tables!$B$5:$G$85,0,('Custom lights'!$C$5="CIE 1964 10deg")*3+3),'Custom lights'!$C$8:$C$88) | Q11: =$B$3*SUMPRODUCT(Base!$Q$5:$Q$85,INDEX(Tables!$B$5:$G$85,0,('Custom lights'!$C$5="CIE 1964 10deg")*3+3),'Custom lights'!$C$8:$C$88) | R11: =$B$3*SUMPRODUCT(Base!$R$5:$R$85,INDEX(Tables!$B$5:$G$85,0,('Custom lights'!$C$5="CIE 1964 10deg")*3+3),'Custom lights'!$C$8:$C$88) | S11: =$B$3*SUMPRODUCT(Base!$S$5:$S$85,INDEX(Tables!$B$5:$G$85,0,('Custom lights'!$C$5="CIE 1964 10deg")*3+3),'Custom lights'!$C$8:$C$88) | T11: =$B$3*SUMPRODUCT(Base!$T$5:$T$85,INDEX(Tables!$B$5:$G$85,0,('Custom lights'!$C$5="CIE 1964 10deg")*3+3),'Custom lights'!$C$8:$C$88) | U11: =$B$3*SUMPRODUCT(Base!$U$5:$U$85,INDEX(Tables!$B$5:$G$85,0,('Custom lights'!$C$5="CIE 1964 10deg")*3+3),'Custom lights'!$C$8:$C$88) | V11: =$B$3*SUMPRODUCT(Base!$V$5:$V$85,INDEX(Tables!$B$5:$G$85,0,('Custom lights'!$C$5="CIE 1964 10deg")*3+3),'Custom lights'!$C$8:$C$88) | W11: =$B$3*SUMPRODUCT(Base!$W$5:$W$85,INDEX(Tables!$B$5:$G$85,0,('Custom lights'!$C$5="CIE 1964 10deg")*3+3),'Custom lights'!$C$8:$C$88) | X11: =$B$3*SUMPRODUCT(Base!$X$5:$X$85,INDEX(Tables!$B$5:$G$85,0,('Custom lights'!$C$5="CIE 1964 10deg")*3+3),'Custom lights'!$C$8:$C$88) | Y11: =$B$3*SUMPRODUCT(Base!$Y$5:$Y$85,INDEX(Tables!$B$5:$G$85,0,('Custom lights'!$C$5="CIE 1964 10deg")*3+3),'Custom lights'!$C$8:$C$88) | Z11: =$B$3*SUMPRODUCT(Base!$Z$5:$Z$85,INDEX(Tables!$B$5:$G$85,0,('Custom lights'!$C$5="CIE 1964 10deg")*3+3),'Custom lights'!$C$8:$C$88) | AA11: =$B$3*SUMPRODUCT(Base!$AA$5:$AA$85,INDEX(Tables!$B$5:$G$85,0,('Custom lights'!$C$5="CIE 1964 10deg")*3+3),'Custom lights'!$C$8:$C$88) | AB11: =$B$3*SUMPRODUCT(Base!$AB$5:$AB$85,INDEX(Tables!$B$5:$G$85,0,('Custom lights'!$C$5="CIE 1964 10deg")*3+3),'Custom lights'!$C$8:$C$88) | AC11: =$B$3*SUMPRODUCT(Base!$AC$5:$AC$85,INDEX(Tables!$B$5:$G$85,0,('Custom lights'!$C$5="CIE 1964 10deg")*3+3),'Custom lights'!$C$8:$C$88) | AD11: =$B$3*SUMPRODUCT(Base!$AD$5:$AD$85,INDEX(Tables!$B$5:$G$85,0,('Custom lights'!$C$5="CIE 1964 10deg")*3+3),'Custom lights'!$C$8:$C$88) | AE11: =$B$3*SUMPRODUCT(Base!$AE$5:$AE$85,INDEX(Tables!$B$5:$G$85,0,('Custom lights'!$C$5="CIE 1964 10deg")*3+3),'Custom lights'!$C$8:$C$88) | AF11: =$B$3*SUMPRODUCT(Base!$AF$5:$AF$85,INDEX(Tables!$B$5:$G$85,0,('Custom lights'!$C$5="CIE 1964 10deg")*3+3),'Custom lights'!$C$8:$C$88) | AG11: =$B$3*SUMPRODUCT(Base!$AG$5:$AG$85,INDEX(Tables!$B$5:$G$85,0,('Custom lights'!$C$5="CIE 1964 10deg")*3+3),'Custom lights'!$C$8:$C$88) | AH11: =$B$3*SUMPRODUCT(Base!$AH$5:$AH$85,INDEX(Tables!$B$5:$G$85,0,('Custom lights'!$C$5="CIE 1964 10deg")*3+3),'Custom lights'!$C$8:$C$88) | AI11: =$B$3*SUMPRODUCT(Base!$AI$5:$AI$85,INDEX(Tables!$B$5:$G$85,0,('Custom lights'!$C$5="CIE 1964 10deg")*3+3),'Custom lights'!$C$8:$C$88) | AJ11: =$B$3*SUMPRODUCT(Base!$AJ$5:$AJ$85,INDEX(Tables!$B$5:$G$85,0,('Custom lights'!$C$5="CIE 1964 10deg")*3+3),'Custom lights'!$C$8:$C$88) | AK11: =$B$3*SUMPRODUCT(Base!$AK$5:$AK$85,INDEX(Tables!$B$5:$G$85,0,('Custom lights'!$C$5="CIE 1964 10deg")*3+3),'Custom lights'!$C$8:$C$88) | AL11: =$B$3*SUMPRODUCT(Base!$AL$5:$AL$85,INDEX(Tables!$B$5:$G$85,0,('Custom lights'!$C$5="CIE 1964 10deg")*3+3),'Custom lights'!$C$8:$C$88) | AM11: =$B$3*SUMPRODUCT(Base!$AM$5:$AM$85,INDEX(Tables!$B$5:$G$85,0,('Custom lights'!$C$5="CIE 1964 10deg")*3+3),'Custom lights'!$C$8:$C$88) | AN11: =$B$3*SUMPRODUCT(Base!$AN$5:$AN$85,INDEX(Tables!$B$5:$G$85,0,('Custom lights'!$C$5="CIE 1964 10deg")*3+3),'Custom lights'!$C$8:$C$88) | AO11: =$B$3*SUMPRODUCT(Base!$AO$5:$AO$85,INDEX(Tables!$B$5:$G$85,0,('Custom lights'!$C$5="CIE 1964 10deg")*3+3),'Custom lights'!$C$8:$C$88) | AP11: =$B$3*SUMPRODUCT(Base!$AP$5:$AP$85,INDEX(Tables!$B$5:$G$85,0,('Custom lights'!$C$5="CIE 1964 10deg")*3+3),'Custom lights'!$C$8:$C$88) | AR11: =$B$3*INDEX(INDEX(Tables!$B$5:$G$85,0,('Custom lights'!$C$5="CIE 1964 10deg")*3+1),7)*INDEX('Custom lights'!$C$8:$C$88,7) | AS11: =$B$3*INDEX(INDEX(Tables!$B$5:$G$85,0,('Custom lights'!$C$5="CIE 1964 10deg")*3+2),7)*INDEX('Custom lights'!$C$8:$C$88,7) | AT11: =$B$3*INDEX(INDEX(Tables!$B$5:$G$85,0,('Custom lights'!$C$5="CIE 1964 10deg")*3+3),7)*INDEX('Custom lights'!$C$8:$C$88,7) | AV11: =SUMPRODUCT(AR$5:AR$85,Interp!$H$5:$H$85) | AW11: =SUMPRODUCT(AS$5:AS$85,Interp!$H$5:$H$85) | AX11: =SUMPRODUCT(AT$5:AT$85,Interp!$H$5:$H$85)
AR12: =$B$3*INDEX(INDEX(Tables!$B$5:$G$85,0,('Custom lights'!$C$5="CIE 1964 10deg")*3+1),8)*INDEX('Custom lights'!$C$8:$C$88,8) | AS12: =$B$3*INDEX(INDEX(Tables!$B$5:$G$85,0,('Custom lights'!$C$5="CIE 1964 10deg")*3+2),8)*INDEX('Custom lights'!$C$8:$C$88,8) | AT12: =$B$3*INDEX(INDEX(Tables!$B$5:$G$85,0,('Custom lights'!$C$5="CIE 1964 10deg")*3+3),8)*INDEX('Custom lights'!$C$8:$C$88,8) | AV12: =SUMPRODUCT(AR$5:AR$85,Interp!$I$5:$I$85) | AW12: =SUMPRODUCT(AS$5:AS$85,Interp!$I$5:$I$85) | AX12: =SUMPRODUCT(AT$5:AT$85,Interp!$I$5:$I$85)
A13: Step 1. Rotate white onto the first axis | AR13: =$B$3*INDEX(INDEX(Tables!$B$5:$G$85,0,('Custom lights'!$C$5="CIE 1964 10deg")*3+1),9)*INDEX('Custom lights'!$C$8:$C$88,9) | AS13: =$B$3*INDEX(INDEX(Tables!$B$5:$G$85,0,('Custom lights'!$C$5="CIE 1964 10deg")*3+2),9)*INDEX('Custom lights'!$C$8:$C$88,9) | AT13: =$B$3*INDEX(INDEX(Tables!$B$5:$G$85,0,('Custom lights'!$C$5="CIE 1964 10deg")*3+3),9)*INDEX('Custom lights'!$C$8:$C$88,9) | AV13: =SUMPRODUCT(AR$5:AR$85,Interp!$J$5:$J$85) | AW13: =SUMPRODUCT(AS$5:AS$85,Interp!$J$5:$J$85) | AX13: =SUMPRODUCT(AT$5:AT$85,Interp!$J$5:$J$85)
A14: phi3 | B14: =-ATAN2($C$6,$D$6) | AR14: =$B$3*INDEX(INDEX(Tables!$B$5:$G$85,0,('Custom lights'!$C$5="CIE 1964 10deg")*3+1),10)*INDEX('Custom lights'!$C$8:$C$88,10) | AS14: =$B$3*INDEX(INDEX(Tables!$B$5:$G$85,0,('Custom lights'!$C$5="CIE 1964 10deg")*3+2),10)*INDEX('Custom lights'!$C$8:$C$88,10) | AT14: =$B$3*INDEX(INDEX(Tables!$B$5:$G$85,0,('Custom lights'!$C$5="CIE 1964 10deg")*3+3),10)*INDEX('Custom lights'!$C$8:$C$88,10) | AV14: =SUMPRODUCT(AR$5:AR$85,Interp!$K$5:$K$85) | AW14: =SUMPRODUCT(AS$5:AS$85,Interp!$K$5:$K$85) | AX14: =SUMPRODUCT(AT$5:AT$85,Interp!$K$5:$K$85)
B15: =1 | C15: =0 | D15: =0 | AR15: =$B$3*INDEX(INDEX(Tables!$B$5:$G$85,0,('Custom lights'!$C$5="CIE 1964 10deg")*3+1),11)*INDEX('Custom lights'!$C$8:$C$88,11) | AS15: =$B$3*INDEX(INDEX(Tables!$B$5:$G$85,0,('Custom lights'!$C$5="CIE 1964 10deg")*3+2),11)*INDEX('Custom lights'!$C$8:$C$88,11) | AT15: =$B$3*INDEX(INDEX(Tables!$B$5:$G$85,0,('Custom lights'!$C$5="CIE 1964 10deg")*3+3),11)*INDEX('Custom lights'!$C$8:$C$88,11) | AV15: =SUMPRODUCT(AR$5:AR$85,Interp!$L$5:$L$85) | AW15: =SUMPRODUCT(AS$5:AS$85,Interp!$L$5:$L$85) | AX15: =SUMPRODUCT(AT$5:AT$85,Interp!$L$5:$L$85)
B16: =0 | C16: =COS($B$14) | D16: =-SIN($B$14) | AR16: =$B$3*INDEX(INDEX(Tables!$B$5:$G$85,0,('Custom lights'!$C$5="CIE 1964 10deg")*3+1),12)*INDEX('Custom lights'!$C$8:$C$88,12) | AS16: =$B$3*INDEX(INDEX(Tables!$B$5:$G$85,0,('Custom lights'!$C$5="CIE 1964 10deg")*3+2),12)*INDEX('Custom lights'!$C$8:$C$88,12) | AT16: =$B$3*INDEX(INDEX(Tables!$B$5:$G$85,0,('Custom lights'!$C$5="CIE 1964 10deg")*3+3),12)*INDEX('Custom lights'!$C$8:$C$88,12) | AV16: =SUMPRODUCT(AR$5:AR$85,Interp!$M$5:$M$85) | AW16: =SUMPRODUCT(AS$5:AS$85,Interp!$M$5:$M$85) | AX16: =SUMPRODUCT(AT$5:AT$85,Interp!$M$5:$M$85)
B17: =0 | C17: =SIN($B$14) | D17: =COS($B$14) | AR17: =$B$3*INDEX(INDEX(Tables!$B$5:$G$85,0,('Custom lights'!$C$5="CIE 1964 10deg")*3+1),13)*INDEX('Custom lights'!$C$8:$C$88,13) | AS17: =$B$3*INDEX(INDEX(Tables!$B$5:$G$85,0,('Custom lights'!$C$5="CIE 1964 10deg")*3+2),13)*INDEX('Custom lights'!$C$8:$C$88,13) | AT17: =$B$3*INDEX(INDEX(Tables!$B$5:$G$85,0,('Custom lights'!$C$5="CIE 1964 10deg")*3+3),13)*INDEX('Custom lights'!$C$8:$C$88,13) | AV17: =SUMPRODUCT(AR$5:AR$85,Interp!$N$5:$N$85) | AW17: =SUMPRODUCT(AS$5:AS$85,Interp!$N$5:$N$85) | AX17: =SUMPRODUCT(AT$5:AT$85,Interp!$N$5:$N$85)
AR18: =$B$3*INDEX(INDEX(Tables!$B$5:$G$85,0,('Custom lights'!$C$5="CIE 1964 10deg")*3+1),14)*INDEX('Custom lights'!$C$8:$C$88,14) | AS18: =$B$3*INDEX(INDEX(Tables!$B$5:$G$85,0,('Custom lights'!$C$5="CIE 1964 10deg")*3+2),14)*INDEX('Custom lights'!$C$8:$C$88,14) | AT18: =$B$3*INDEX(INDEX(Tables!$B$5:$G$85,0,('Custom lights'!$C$5="CIE 1964 10deg")*3+3),14)*INDEX('Custom lights'!$C$8:$C$88,14) | AV18: =SUMPRODUCT(AR$5:AR$85,Interp!$O$5:$O$85) | AW18: =SUMPRODUCT(AS$5:AS$85,Interp!$O$5:$O$85) | AX18: =SUMPRODUCT(AT$5:AT$85,Interp!$O$5:$O$85)
A19: white after R3 | B19: =$B$15*$B$6+$C$15*$C$6+$D$15*$D$6 | C19: =$B$16*$B$6+$C$16*$C$6+$D$16*$D$6 | D19: =$B$17*$B$6+$C$17*$C$6+$D$17*$D$6 | AR19: =$B$3*INDEX(INDEX(Tables!$B$5:$G$85,0,('Custom lights'!$C$5="CIE 1964 10deg")*3+1),15)*INDEX('Custom lights'!$C$8:$C$88,15) | AS19: =$B$3*INDEX(INDEX(Tables!$B$5:$G$85,0,('Custom lights'!$C$5="CIE 1964 10deg")*3+2),15)*INDEX('Custom lights'!$C$8:$C$88,15) | AT19: =$B$3*INDEX(INDEX(Tables!$B$5:$G$85,0,('Custom lights'!$C$5="CIE 1964 10deg")*3+3),15)*INDEX('Custom lights'!$C$8:$C$88,15) | AV19: =SUMPRODUCT(AR$5:AR$85,Interp!$P$5:$P$85) | AW19: =SUMPRODUCT(AS$5:AS$85,Interp!$P$5:$P$85) | AX19: =SUMPRODUCT(AT$5:AT$85,Interp!$P$5:$P$85)
A20: phi2 | B20: =-ATAN2($B$19,$C$19) | AR20: =$B$3*INDEX(INDEX(Tables!$B$5:$G$85,0,('Custom lights'!$C$5="CIE 1964 10deg")*3+1),16)*INDEX('Custom lights'!$C$8:$C$88,16) | AS20: =$B$3*INDEX(INDEX(Tables!$B$5:$G$85,0,('Custom lights'!$C$5="CIE 1964 10deg")*3+2),16)*INDEX('Custom lights'!$C$8:$C$88,16) | AT20: =$B$3*INDEX(INDEX(Tables!$B$5:$G$85,0,('Custom lights'!$C$5="CIE 1964 10deg")*3+3),16)*INDEX('Custom lights'!$C$8:$C$88,16) | AV20: =SUMPRODUCT(AR$5:AR$85,Interp!$Q$5:$Q$85) | AW20: =SUMPRODUCT(AS$5:AS$85,Interp!$Q$5:$Q$85) | AX20: =SUMPRODUCT(AT$5:AT$85,Interp!$Q$5:$Q$85)
B21: =COS($B$20) | C21: =-SIN($B$20) | D21: =0 | AR21: =$B$3*INDEX(INDEX(Tables!$B$5:$G$85,0,('Custom lights'!$C$5="CIE 1964 10deg")*3+1),17)*INDEX('Custom lights'!$C$8:$C$88,17) | AS21: =$B$3*INDEX(INDEX(Tables!$B$5:$G$85,0,('Custom lights'!$C$5="CIE 1964 10deg")*3+2),17)*INDEX('Custom lights'!$C$8:$C$88,17) | AT21: =$B$3*INDEX(INDEX(Tables!$B$5:$G$85,0,('Custom lights'!$C$5="CIE 1964 10deg")*3+3),17)*INDEX('Custom lights'!$C$8:$C$88,17) | AV21: =SUMPRODUCT(AR$5:AR$85,Interp!$R$5:$R$85) | AW21: =SUMPRODUCT(AS$5:AS$85,Interp!$R$5:$R$85) | AX21: =SUMPRODUCT(AT$5:AT$85,Interp!$R$5:$R$85)
B22: =SIN($B$20) | C22: =COS($B$20) | D22: =0 | AR22: =$B$3*INDEX(INDEX(Tables!$B$5:$G$85,0,('Custom lights'!$C$5="CIE 1964 10deg")*3+1),18)*INDEX('Custom lights'!$C$8:$C$88,18) | AS22: =$B$3*INDEX(INDEX(Tables!$B$5:$G$85,0,('Custom lights'!$C$5="CIE 1964 10deg")*3+2),18)*INDEX('Custom lights'!$C$8:$C$88,18) | AT22: =$B$3*INDEX(INDEX(Tables!$B$5:$G$85,0,('Custom lights'!$C$5="CIE 1964 10deg")*3+3),18)*INDEX('Custom lights'!$C$8:$C$88,18) | AV22: =SUMPRODUCT(AR$5:AR$85,Interp!$S$5:$S$85) | AW22: =SUMPRODUCT(AS$5:AS$85,Interp!$S$5:$S$85) | AX22: =SUMPRODUCT(AT$5:AT$85,Interp!$S$5:$S$85)
B23: =0 | C23: =0 | D23: =1 | AR23: =$B$3*INDEX(INDEX(Tables!$B$5:$G$85,0,('Custom lights'!$C$5="CIE 1964 10deg")*3+1),19)*INDEX('Custom lights'!$C$8:$C$88,19) | AS23: =$B$3*INDEX(INDEX(Tables!$B$5:$G$85,0,('Custom lights'!$C$5="CIE 1964 10deg")*3+2),19)*INDEX('Custom lights'!$C$8:$C$88,19) | AT23: =$B$3*INDEX(INDEX(Tables!$B$5:$G$85,0,('Custom lights'!$C$5="CIE 1964 10deg")*3+3),19)*INDEX('Custom lights'!$C$8:$C$88,19) | AV23: =SUMPRODUCT(AR$5:AR$85,Interp!$T$5:$T$85) | AW23: =SUMPRODUCT(AS$5:AS$85,Interp!$T$5:$T$85) | AX23: =SUMPRODUCT(AT$5:AT$85,Interp!$T$5:$T$85)
AR24: =$B$3*INDEX(INDEX(Tables!$B$5:$G$85,0,('Custom lights'!$C$5="CIE 1964 10deg")*3+1),20)*INDEX('Custom lights'!$C$8:$C$88,20) | AS24: =$B$3*INDEX(INDEX(Tables!$B$5:$G$85,0,('Custom lights'!$C$5="CIE 1964 10deg")*3+2),20)*INDEX('Custom lights'!$C$8:$C$88,20) | AT24: =$B$3*INDEX(INDEX(Tables!$B$5:$G$85,0,('Custom lights'!$C$5="CIE 1964 10deg")*3+3),20)*INDEX('Custom lights'!$C$8:$C$88,20) | AV24: =SUMPRODUCT(AR$5:AR$85,Interp!$U$5:$U$85) | AW24: =SUMPRODUCT(AS$5:AS$85,Interp!$U$5:$U$85) | AX24: =SUMPRODUCT(AT$5:AT$85,Interp!$U$5:$U$85)
A25: R = R2 R3 | B25: =$B$21*$B$15+$C$21*$B$16+$D$21*$B$17 | C25: =$B$21*$C$15+$C$21*$C$16+$D$21*$C$17 | D25: =$B$21*$D$15+$C$21*$D$16+$D$21*$D$17 | AR25: =$B$3*INDEX(INDEX(Tables!$B$5:$G$85,0,('Custom lights'!$C$5="CIE 1964 10deg")*3+1),21)*INDEX('Custom lights'!$C$8:$C$88,21) | AS25: =$B$3*INDEX(INDEX(Tables!$B$5:$G$85,0,('Custom lights'!$C$5="CIE 1964 10deg")*3+2),21)*INDEX('Custom lights'!$C$8:$C$88,21) | AT25: =$B$3*INDEX(INDEX(Tables!$B$5:$G$85,0,('Custom lights'!$C$5="CIE 1964 10deg")*3+3),21)*INDEX('Custom lights'!$C$8:$C$88,21) | AV25: =SUMPRODUCT(AR$5:AR$85,Interp!$V$5:$V$85) | AW25: =SUMPRODUCT(AS$5:AS$85,Interp!$V$5:$V$85) | AX25: =SUMPRODUCT(AT$5:AT$85,Interp!$V$5:$V$85)
B26: =$B$22*$B$15+$C$22*$B$16+$D$22*$B$17 | C26: =$B$22*$C$15+$C$22*$C$16+$D$22*$C$17 | D26: =$B$22*$D$15+$C$22*$D$16+$D$22*$D$17 | AR26: =$B$3*INDEX(INDEX(Tables!$B$5:$G$85,0,('Custom lights'!$C$5="CIE 1964 10deg")*3+1),22)*INDEX('Custom lights'!$C$8:$C$88,22) | AS26: =$B$3*INDEX(INDEX(Tables!$B$5:$G$85,0,('Custom lights'!$C$5="CIE 1964 10deg")*3+2),22)*INDEX('Custom lights'!$C$8:$C$88,22) | AT26: =$B$3*INDEX(INDEX(Tables!$B$5:$G$85,0,('Custom lights'!$C$5="CIE 1964 10deg")*3+3),22)*INDEX('Custom lights'!$C$8:$C$88,22) | AV26: =SUMPRODUCT(AR$5:AR$85,Interp!$W$5:$W$85) | AW26: =SUMPRODUCT(AS$5:AS$85,Interp!$W$5:$W$85) | AX26: =SUMPRODUCT(AT$5:AT$85,Interp!$W$5:$W$85)
B27: =$B$23*$B$15+$C$23*$B$16+$D$23*$B$17 | C27: =$B$23*$C$15+$C$23*$C$16+$D$23*$C$17 | D27: =$B$23*$D$15+$C$23*$D$16+$D$23*$D$17 | AR27: =$B$3*INDEX(INDEX(Tables!$B$5:$G$85,0,('Custom lights'!$C$5="CIE 1964 10deg")*3+1),23)*INDEX('Custom lights'!$C$8:$C$88,23) | AS27: =$B$3*INDEX(INDEX(Tables!$B$5:$G$85,0,('Custom lights'!$C$5="CIE 1964 10deg")*3+2),23)*INDEX('Custom lights'!$C$8:$C$88,23) | AT27: =$B$3*INDEX(INDEX(Tables!$B$5:$G$85,0,('Custom lights'!$C$5="CIE 1964 10deg")*3+3),23)*INDEX('Custom lights'!$C$8:$C$88,23) | AV27: =SUMPRODUCT(AR$5:AR$85,Interp!$X$5:$X$85) | AW27: =SUMPRODUCT(AS$5:AS$85,Interp!$X$5:$X$85) | AX27: =SUMPRODUCT(AT$5:AT$85,Interp!$X$5:$X$85)
AR28: =$B$3*INDEX(INDEX(Tables!$B$5:$G$85,0,('Custom lights'!$C$5="CIE 1964 10deg")*3+1),24)*INDEX('Custom lights'!$C$8:$C$88,24) | AS28: =$B$3*INDEX(INDEX(Tables!$B$5:$G$85,0,('Custom lights'!$C$5="CIE 1964 10deg")*3+2),24)*INDEX('Custom lights'!$C$8:$C$88,24) | AT28: =$B$3*INDEX(INDEX(Tables!$B$5:$G$85,0,('Custom lights'!$C$5="CIE 1964 10deg")*3+3),24)*INDEX('Custom lights'!$C$8:$C$88,24) | AV28: =SUMPRODUCT(AR$5:AR$85,Interp!$Y$5:$Y$85) | AW28: =SUMPRODUCT(AS$5:AS$85,Interp!$Y$5:$Y$85) | AX28: =SUMPRODUCT(AT$5:AT$85,Interp!$Y$5:$Y$85)
A29: Step 2. White W | B29: =$B$25*$B$6+$C$25*$C$6+$D$25*$D$6 | AR29: =$B$3*INDEX(INDEX(Tables!$B$5:$G$85,0,('Custom lights'!$C$5="CIE 1964 10deg")*3+1),25)*INDEX('Custom lights'!$C$8:$C$88,25) | AS29: =$B$3*INDEX(INDEX(Tables!$B$5:$G$85,0,('Custom lights'!$C$5="CIE 1964 10deg")*3+2),25)*INDEX('Custom lights'!$C$8:$C$88,25) | AT29: =$B$3*INDEX(INDEX(Tables!$B$5:$G$85,0,('Custom lights'!$C$5="CIE 1964 10deg")*3+3),25)*INDEX('Custom lights'!$C$8:$C$88,25) | AV29: =SUMPRODUCT(AR$5:AR$85,Interp!$Z$5:$Z$85) | AW29: =SUMPRODUCT(AS$5:AS$85,Interp!$Z$5:$Z$85) | AX29: =SUMPRODUCT(AT$5:AT$85,Interp!$Z$5:$Z$85)
AR30: =$B$3*INDEX(INDEX(Tables!$B$5:$G$85,0,('Custom lights'!$C$5="CIE 1964 10deg")*3+1),26)*INDEX('Custom lights'!$C$8:$C$88,26) | AS30: =$B$3*INDEX(INDEX(Tables!$B$5:$G$85,0,('Custom lights'!$C$5="CIE 1964 10deg")*3+2),26)*INDEX('Custom lights'!$C$8:$C$88,26) | AT30: =$B$3*INDEX(INDEX(Tables!$B$5:$G$85,0,('Custom lights'!$C$5="CIE 1964 10deg")*3+3),26)*INDEX('Custom lights'!$C$8:$C$88,26) | AV30: =SUMPRODUCT(AR$5:AR$85,Interp!$AA$5:$AA$85) | AW30: =SUMPRODUCT(AS$5:AS$85,Interp!$AA$5:$AA$85) | AX30: =SUMPRODUCT(AT$5:AT$85,Interp!$AA$5:$AA$85)
A31: M1 | B31: =$B$25*100/$B$29 | C31: =$C$25*100/$B$29 | D31: =$D$25*100/$B$29 | AR31: =$B$3*INDEX(INDEX(Tables!$B$5:$G$85,0,('Custom lights'!$C$5="CIE 1964 10deg")*3+1),27)*INDEX('Custom lights'!$C$8:$C$88,27) | AS31: =$B$3*INDEX(INDEX(Tables!$B$5:$G$85,0,('Custom lights'!$C$5="CIE 1964 10deg")*3+2),27)*INDEX('Custom lights'!$C$8:$C$88,27) | AT31: =$B$3*INDEX(INDEX(Tables!$B$5:$G$85,0,('Custom lights'!$C$5="CIE 1964 10deg")*3+3),27)*INDEX('Custom lights'!$C$8:$C$88,27) | AV31: =SUMPRODUCT(AR$5:AR$85,Interp!$AB$5:$AB$85) | AW31: =SUMPRODUCT(AS$5:AS$85,Interp!$AB$5:$AB$85) | AX31: =SUMPRODUCT(AT$5:AT$85,Interp!$AB$5:$AB$85)
B32: =$B$26 | C32: =$C$26 | D32: =$D$26 | AR32: =$B$3*INDEX(INDEX(Tables!$B$5:$G$85,0,('Custom lights'!$C$5="CIE 1964 10deg")*3+1),28)*INDEX('Custom lights'!$C$8:$C$88,28) | AS32: =$B$3*INDEX(INDEX(Tables!$B$5:$G$85,0,('Custom lights'!$C$5="CIE 1964 10deg")*3+2),28)*INDEX('Custom lights'!$C$8:$C$88,28) | AT32: =$B$3*INDEX(INDEX(Tables!$B$5:$G$85,0,('Custom lights'!$C$5="CIE 1964 10deg")*3+3),28)*INDEX('Custom lights'!$C$8:$C$88,28) | AV32: =SUMPRODUCT(AR$5:AR$85,Interp!$AC$5:$AC$85) | AW32: =SUMPRODUCT(AS$5:AS$85,Interp!$AC$5:$AC$85) | AX32: =SUMPRODUCT(AT$5:AT$85,Interp!$AC$5:$AC$85)
B33: =$B$27 | C33: =$C$27 | D33: =$D$27 | AR33: =$B$3*INDEX(INDEX(Tables!$B$5:$G$85,0,('Custom lights'!$C$5="CIE 1964 10deg")*3+1),29)*INDEX('Custom lights'!$C$8:$C$88,29) | AS33: =$B$3*INDEX(INDEX(Tables!$B$5:$G$85,0,('Custom lights'!$C$5="CIE 1964 10deg")*3+2),29)*INDEX('Custom lights'!$C$8:$C$88,29) | AT33: =$B$3*INDEX(INDEX(Tables!$B$5:$G$85,0,('Custom lights'!$C$5="CIE 1964 10deg")*3+3),29)*INDEX('Custom lights'!$C$8:$C$88,29) | AV33: =SUMPRODUCT(AR$5:AR$85,Interp!$AD$5:$AD$85) | AW33: =SUMPRODUCT(AS$5:AS$85,Interp!$AD$5:$AD$85) | AX33: =SUMPRODUCT(AT$5:AT$85,Interp!$AD$5:$AD$85)
AR34: =$B$3*INDEX(INDEX(Tables!$B$5:$G$85,0,('Custom lights'!$C$5="CIE 1964 10deg")*3+1),30)*INDEX('Custom lights'!$C$8:$C$88,30) | AS34: =$B$3*INDEX(INDEX(Tables!$B$5:$G$85,0,('Custom lights'!$C$5="CIE 1964 10deg")*3+2),30)*INDEX('Custom lights'!$C$8:$C$88,30) | AT34: =$B$3*INDEX(INDEX(Tables!$B$5:$G$85,0,('Custom lights'!$C$5="CIE 1964 10deg")*3+3),30)*INDEX('Custom lights'!$C$8:$C$88,30) | AV34: =SUMPRODUCT(AR$5:AR$85,Interp!$AE$5:$AE$85) | AW34: =SUMPRODUCT(AS$5:AS$85,Interp!$AE$5:$AE$85) | AX34: =SUMPRODUCT(AT$5:AT$85,Interp!$AE$5:$AE$85)
A35: Step 3. M1 times base XYZ (u, v, z in rows 35-37) | C35: =$B$31*C9+$C$31*C10+$D$31*C11 | D35: =$B$31*D9+$C$31*D10+$D$31*D11 | E35: =$B$31*E9+$C$31*E10+$D$31*E11 | F35: =$B$31*F9+$C$31*F10+$D$31*F11 | G35: =$B$31*G9+$C$31*G10+$D$31*G11 | H35: =$B$31*H9+$C$31*H10+$D$31*H11 | I35: =$B$31*I9+$C$31*I10+$D$31*I11 | J35: =$B$31*J9+$C$31*J10+$D$31*J11 | ... AP35: =$B$31*AP9+$C$31*AP10+$D$31*AP11 | AR35: =$B$3*INDEX(INDEX(Tables!$B$5:$G$85,0,('Custom lights'!$C$5="CIE 1964 10deg")*3+1),31)*INDEX('Custom lights'!$C$8:$C$88,31) | AS35: =$B$3*INDEX(INDEX(Tables!$B$5:$G$85,0,('Custom lights'!$C$5="CIE 1964 10deg")*3+2),31)*INDEX('Custom lights'!$C$8:$C$88,31) | AT35: =$B$3*INDEX(INDEX(Tables!$B$5:$G$85,0,('Custom lights'!$C$5="CIE 1964 10deg")*3+3),31)*INDEX('Custom lights'!$C$8:$C$88,31) | AV35: =SUMPRODUCT(AR$5:AR$85,Interp!$AF$5:$AF$85) | AW35: =SUMPRODUCT(AS$5:AS$85,Interp!$AF$5:$AF$85) | AX35: =SUMPRODUCT(AT$5:AT$85,Interp!$AF$5:$AF$85)
C36: =$B$32*C9+$C$32*C10+$D$32*C11 | D36: =$B$32*D9+$C$32*D10+$D$32*D11 | E36: =$B$32*E9+$C$32*E10+$D$32*E11 | F36: =$B$32*F9+$C$32*F10+$D$32*F11 | G36: =$B$32*G9+$C$32*G10+$D$32*G11 | H36: =$B$32*H9+$C$32*H10+$D$32*H11 | I36: =$B$32*I9+$C$32*I10+$D$32*I11 | J36: =$B$32*J9+$C$32*J10+$D$32*J11 | ... AP36: =$B$32*AP9+$C$32*AP10+$D$32*AP11 | AR36: =$B$3*INDEX(INDEX(Tables!$B$5:$G$85,0,('Custom lights'!$C$5="CIE 1964 10deg")*3+1),32)*INDEX('Custom lights'!$C$8:$C$88,32) | AS36: =$B$3*INDEX(INDEX(Tables!$B$5:$G$85,0,('Custom lights'!$C$5="CIE 1964 10deg")*3+2),32)*INDEX('Custom lights'!$C$8:$C$88,32) | AT36: =$B$3*INDEX(INDEX(Tables!$B$5:$G$85,0,('Custom lights'!$C$5="CIE 1964 10deg")*3+3),32)*INDEX('Custom lights'!$C$8:$C$88,32) | AV36: =SUMPRODUCT(AR$5:AR$85,Interp!$AG$5:$AG$85) | AW36: =SUMPRODUCT(AS$5:AS$85,Interp!$AG$5:$AG$85) | AX36: =SUMPRODUCT(AT$5:AT$85,Interp!$AG$5:$AG$85)
C37: =$B$33*C9+$C$33*C10+$D$33*C11 | D37: =$B$33*D9+$C$33*D10+$D$33*D11 | E37: =$B$33*E9+$C$33*E10+$D$33*E11 | F37: =$B$33*F9+$C$33*F10+$D$33*F11 | G37: =$B$33*G9+$C$33*G10+$D$33*G11 | H37: =$B$33*H9+$C$33*H10+$D$33*H11 | I37: =$B$33*I9+$C$33*I10+$D$33*I11 | J37: =$B$33*J9+$C$33*J10+$D$33*J11 | ... AP37: =$B$33*AP9+$C$33*AP10+$D$33*AP11 | AR37: =$B$3*INDEX(INDEX(Tables!$B$5:$G$85,0,('Custom lights'!$C$5="CIE 1964 10deg")*3+1),33)*INDEX('Custom lights'!$C$8:$C$88,33) | AS37: =$B$3*INDEX(INDEX(Tables!$B$5:$G$85,0,('Custom lights'!$C$5="CIE 1964 10deg")*3+2),33)*INDEX('Custom lights'!$C$8:$C$88,33) | AT37: =$B$3*INDEX(INDEX(Tables!$B$5:$G$85,0,('Custom lights'!$C$5="CIE 1964 10deg")*3+3),33)*INDEX('Custom lights'!$C$8:$C$88,33) | AV37: =SUMPRODUCT(AR$5:AR$85,Interp!$AH$5:$AH$85) | AW37: =SUMPRODUCT(AS$5:AS$85,Interp!$AH$5:$AH$85) | AX37: =SUMPRODUCT(AT$5:AT$85,Interp!$AH$5:$AH$85)
AR38: =$B$3*INDEX(INDEX(Tables!$B$5:$G$85,0,('Custom lights'!$C$5="CIE 1964 10deg")*3+1),34)*INDEX('Custom lights'!$C$8:$C$88,34) | AS38: =$B$3*INDEX(INDEX(Tables!$B$5:$G$85,0,('Custom lights'!$C$5="CIE 1964 10deg")*3+2),34)*INDEX('Custom lights'!$C$8:$C$88,34) | AT38: =$B$3*INDEX(INDEX(Tables!$B$5:$G$85,0,('Custom lights'!$C$5="CIE 1964 10deg")*3+3),34)*INDEX('Custom lights'!$C$8:$C$88,34) | AV38: =SUMPRODUCT(AR$5:AR$85,Interp!$AI$5:$AI$85) | AW38: =SUMPRODUCT(AS$5:AS$85,Interp!$AI$5:$AI$85) | AX38: =SUMPRODUCT(AT$5:AT$85,Interp!$AI$5:$AI$85)
B39: Svv | C39: Svz | D39: Sv | E39: Szz | F39: Sz | G39: n | H39: Suv | I39: Suz | J39: Su | AR39: =$B$3*INDEX(INDEX(Tables!$B$5:$G$85,0,('Custom lights'!$C$5="CIE 1964 10deg")*3+1),35)*INDEX('Custom lights'!$C$8:$C$88,35) | AS39: =$B$3*INDEX(INDEX(Tables!$B$5:$G$85,0,('Custom lights'!$C$5="CIE 1964 10deg")*3+2),35)*INDEX('Custom lights'!$C$8:$C$88,35) | AT39: =$B$3*INDEX(INDEX(Tables!$B$5:$G$85,0,('Custom lights'!$C$5="CIE 1964 10deg")*3+3),35)*INDEX('Custom lights'!$C$8:$C$88,35) | AV39: =SUMPRODUCT(AR$5:AR$85,Interp!$AJ$5:$AJ$85) | AW39: =SUMPRODUCT(AS$5:AS$85,Interp!$AJ$5:$AJ$85) | AX39: =SUMPRODUCT(AT$5:AT$85,Interp!$AJ$5:$AJ$85)
B40: =SUMPRODUCT($C$36:$AP$36,$C$36:$AP$36) | C40: =SUMPRODUCT($C$36:$AP$36,$C$37:$AP$37) | D40: =SUM($C$36:$AP$36) | E40: =SUMPRODUCT($C$37:$AP$37,$C$37:$AP$37) | F40: =SUM($C$37:$AP$37) | G40: =COUNT($C$35:$AP$35) | H40: =SUMPRODUCT($C$35:$AP$35,$C$36:$AP$36) | I40: =SUMPRODUCT($C$35:$AP$35,$C$37:$AP$37) | J40: =SUM($C$35:$AP$35) | AR40: =$B$3*INDEX(INDEX(Tables!$B$5:$G$85,0,('Custom lights'!$C$5="CIE 1964 10deg")*3+1),36)*INDEX('Custom lights'!$C$8:$C$88,36) | AS40: =$B$3*INDEX(INDEX(Tables!$B$5:$G$85,0,('Custom lights'!$C$5="CIE 1964 10deg")*3+2),36)*INDEX('Custom lights'!$C$8:$C$88,36) | AT40: =$B$3*INDEX(INDEX(Tables!$B$5:$G$85,0,('Custom lights'!$C$5="CIE 1964 10deg")*3+3),36)*INDEX('Custom lights'!$C$8:$C$88,36) | AV40: =SUMPRODUCT(AR$5:AR$85,Interp!$AK$5:$AK$85) | AW40: =SUMPRODUCT(AS$5:AS$85,Interp!$AK$5:$AK$85) | AX40: =SUMPRODUCT(AT$5:AT$85,Interp!$AK$5:$AK$85)
AR41: =$B$3*INDEX(INDEX(Tables!$B$5:$G$85,0,('Custom lights'!$C$5="CIE 1964 10deg")*3+1),37)*INDEX('Custom lights'!$C$8:$C$88,37) | AS41: =$B$3*INDEX(INDEX(Tables!$B$5:$G$85,0,('Custom lights'!$C$5="CIE 1964 10deg")*3+2),37)*INDEX('Custom lights'!$C$8:$C$88,37) | AT41: =$B$3*INDEX(INDEX(Tables!$B$5:$G$85,0,('Custom lights'!$C$5="CIE 1964 10deg")*3+3),37)*INDEX('Custom lights'!$C$8:$C$88,37)
A42: det | B42: =($B$40*($E$40*$G$40-$F$40*$F$40)-$C$40*($C$40*$G$40-$F$40*$D$40)+$D$40*($C$40*$F$40-$E$40*$D$40)) | AR42: =$B$3*INDEX(INDEX(Tables!$B$5:$G$85,0,('Custom lights'!$C$5="CIE 1964 10deg")*3+1),38)*INDEX('Custom lights'!$C$8:$C$88,38) | AS42: =$B$3*INDEX(INDEX(Tables!$B$5:$G$85,0,('Custom lights'!$C$5="CIE 1964 10deg")*3+2),38)*INDEX('Custom lights'!$C$8:$C$88,38) | AT42: =$B$3*INDEX(INDEX(Tables!$B$5:$G$85,0,('Custom lights'!$C$5="CIE 1964 10deg")*3+3),38)*INDEX('Custom lights'!$C$8:$C$88,38)
A43: alpha1, alpha2, alpha0 | B43: =($H$40*($E$40*$G$40-$F$40*$F$40)-$C$40*($I$40*$G$40-$F$40*$J$40)+$D$40*($I$40*$F$40-$E$40*$J$40))/$B$42 | C43: =($B$40*($I$40*$G$40-$F$40*$J$40)-$H$40*($C$40*$G$40-$F$40*$D$40)+$D$40*($C$40*$J$40-$I$40*$D$40))/$B$42 | D43: =($B$40*($E$40*$J$40-$I$40*$F$40)-$C$40*($C$40*$J$40-$I$40*$D$40)+$H$40*($C$40*$F$40-$E$40*$D$40))/$B$42 | AR43: =$B$3*INDEX(INDEX(Tables!$B$5:$G$85,0,('Custom lights'!$C$5="CIE 1964 10deg")*3+1),39)*INDEX('Custom lights'!$C$8:$C$88,39) | AS43: =$B$3*INDEX(INDEX(Tables!$B$5:$G$85,0,('Custom lights'!$C$5="CIE 1964 10deg")*3+2),39)*INDEX('Custom lights'!$C$8:$C$88,39) | AT43: =$B$3*INDEX(INDEX(Tables!$B$5:$G$85,0,('Custom lights'!$C$5="CIE 1964 10deg")*3+3),39)*INDEX('Custom lights'!$C$8:$C$88,39)
AR44: =$B$3*INDEX(INDEX(Tables!$B$5:$G$85,0,('Custom lights'!$C$5="CIE 1964 10deg")*3+1),40)*INDEX('Custom lights'!$C$8:$C$88,40) | AS44: =$B$3*INDEX(INDEX(Tables!$B$5:$G$85,0,('Custom lights'!$C$5="CIE 1964 10deg")*3+2),40)*INDEX('Custom lights'!$C$8:$C$88,40) | AT44: =$B$3*INDEX(INDEX(Tables!$B$5:$G$85,0,('Custom lights'!$C$5="CIE 1964 10deg")*3+3),40)*INDEX('Custom lights'!$C$8:$C$88,40)
A45: M2 (leveled) | B45: =$B$31-$B$43*$B$32-$C$43*$B$33 | C45: =$C$31-$B$43*$C$32-$C$43*$C$33 | D45: =$D$31-$B$43*$D$32-$C$43*$D$33 | AR45: =$B$3*INDEX(INDEX(Tables!$B$5:$G$85,0,('Custom lights'!$C$5="CIE 1964 10deg")*3+1),41)*INDEX('Custom lights'!$C$8:$C$88,41) | AS45: =$B$3*INDEX(INDEX(Tables!$B$5:$G$85,0,('Custom lights'!$C$5="CIE 1964 10deg")*3+2),41)*INDEX('Custom lights'!$C$8:$C$88,41) | AT45: =$B$3*INDEX(INDEX(Tables!$B$5:$G$85,0,('Custom lights'!$C$5="CIE 1964 10deg")*3+3),41)*INDEX('Custom lights'!$C$8:$C$88,41)
B46: =$B$32 | C46: =$C$32 | D46: =$D$32 | AR46: =$B$3*INDEX(INDEX(Tables!$B$5:$G$85,0,('Custom lights'!$C$5="CIE 1964 10deg")*3+1),42)*INDEX('Custom lights'!$C$8:$C$88,42) | AS46: =$B$3*INDEX(INDEX(Tables!$B$5:$G$85,0,('Custom lights'!$C$5="CIE 1964 10deg")*3+2),42)*INDEX('Custom lights'!$C$8:$C$88,42) | AT46: =$B$3*INDEX(INDEX(Tables!$B$5:$G$85,0,('Custom lights'!$C$5="CIE 1964 10deg")*3+3),42)*INDEX('Custom lights'!$C$8:$C$88,42)
B47: =$B$33 | C47: =$C$33 | D47: =$D$33 | AR47: =$B$3*INDEX(INDEX(Tables!$B$5:$G$85,0,('Custom lights'!$C$5="CIE 1964 10deg")*3+1),43)*INDEX('Custom lights'!$C$8:$C$88,43) | AS47: =$B$3*INDEX(INDEX(Tables!$B$5:$G$85,0,('Custom lights'!$C$5="CIE 1964 10deg")*3+2),43)*INDEX('Custom lights'!$C$8:$C$88,43) | AT47: =$B$3*INDEX(INDEX(Tables!$B$5:$G$85,0,('Custom lights'!$C$5="CIE 1964 10deg")*3+3),43)*INDEX('Custom lights'!$C$8:$C$88,43)
AR48: =$B$3*INDEX(INDEX(Tables!$B$5:$G$85,0,('Custom lights'!$C$5="CIE 1964 10deg")*3+1),44)*INDEX('Custom lights'!$C$8:$C$88,44) | AS48: =$B$3*INDEX(INDEX(Tables!$B$5:$G$85,0,('Custom lights'!$C$5="CIE 1964 10deg")*3+2),44)*INDEX('Custom lights'!$C$8:$C$88,44) | AT48: =$B$3*INDEX(INDEX(Tables!$B$5:$G$85,0,('Custom lights'!$C$5="CIE 1964 10deg")*3+3),44)*INDEX('Custom lights'!$C$8:$C$88,44)
A49: Step 4. q = rows 2-3 of M2 times base XYZ (rows 49-50) | C49: =$B$46*C9+$C$46*C10+$D$46*C11 | D49: =$B$46*D9+$C$46*D10+$D$46*D11 | E49: =$B$46*E9+$C$46*E10+$D$46*E11 | F49: =$B$46*F9+$C$46*F10+$D$46*F11 | G49: =$B$46*G9+$C$46*G10+$D$46*G11 | H49: =$B$46*H9+$C$46*H10+$D$46*H11 | I49: =$B$46*I9+$C$46*I10+$D$46*I11 | J49: =$B$46*J9+$C$46*J10+$D$46*J11 | ... AP49: =$B$46*AP9+$C$46*AP10+$D$46*AP11 | AR49: =$B$3*INDEX(INDEX(Tables!$B$5:$G$85,0,('Custom lights'!$C$5="CIE 1964 10deg")*3+1),45)*INDEX('Custom lights'!$C$8:$C$88,45) | AS49: =$B$3*INDEX(INDEX(Tables!$B$5:$G$85,0,('Custom lights'!$C$5="CIE 1964 10deg")*3+2),45)*INDEX('Custom lights'!$C$8:$C$88,45) | AT49: =$B$3*INDEX(INDEX(Tables!$B$5:$G$85,0,('Custom lights'!$C$5="CIE 1964 10deg")*3+3),45)*INDEX('Custom lights'!$C$8:$C$88,45)
C50: =$B$47*C9+$C$47*C10+$D$47*C11 | D50: =$B$47*D9+$C$47*D10+$D$47*D11 | E50: =$B$47*E9+$C$47*E10+$D$47*E11 | F50: =$B$47*F9+$C$47*F10+$D$47*F11 | G50: =$B$47*G9+$C$47*G10+$D$47*G11 | H50: =$B$47*H9+$C$47*H10+$D$47*H11 | I50: =$B$47*I9+$C$47*I10+$D$47*I11 | J50: =$B$47*J9+$C$47*J10+$D$47*J11 | ... AP50: =$B$47*AP9+$C$47*AP10+$D$47*AP11 | AR50: =$B$3*INDEX(INDEX(Tables!$B$5:$G$85,0,('Custom lights'!$C$5="CIE 1964 10deg")*3+1),46)*INDEX('Custom lights'!$C$8:$C$88,46) | AS50: =$B$3*INDEX(INDEX(Tables!$B$5:$G$85,0,('Custom lights'!$C$5="CIE 1964 10deg")*3+2),46)*INDEX('Custom lights'!$C$8:$C$88,46) | AT50: =$B$3*INDEX(INDEX(Tables!$B$5:$G$85,0,('Custom lights'!$C$5="CIE 1964 10deg")*3+3),46)*INDEX('Custom lights'!$C$8:$C$88,46)
AR51: =$B$3*INDEX(INDEX(Tables!$B$5:$G$85,0,('Custom lights'!$C$5="CIE 1964 10deg")*3+1),47)*INDEX('Custom lights'!$C$8:$C$88,47) | AS51: =$B$3*INDEX(INDEX(Tables!$B$5:$G$85,0,('Custom lights'!$C$5="CIE 1964 10deg")*3+2),47)*INDEX('Custom lights'!$C$8:$C$88,47) | AT51: =$B$3*INDEX(INDEX(Tables!$B$5:$G$85,0,('Custom lights'!$C$5="CIE 1964 10deg")*3+3),47)*INDEX('Custom lights'!$C$8:$C$88,47)
B52: S11 | C52: S12 | D52: S22 | E52: Sp1 | F52: Sp2 | G52: St1 | H52: St2 | AR52: =$B$3*INDEX(INDEX(Tables!$B$5:$G$85,0,('Custom lights'!$C$5="CIE 1964 10deg")*3+1),48)*INDEX('Custom lights'!$C$8:$C$88,48) | AS52: =$B$3*INDEX(INDEX(Tables!$B$5:$G$85,0,('Custom lights'!$C$5="CIE 1964 10deg")*3+2),48)*INDEX('Custom lights'!$C$8:$C$88,48) | AT52: =$B$3*INDEX(INDEX(Tables!$B$5:$G$85,0,('Custom lights'!$C$5="CIE 1964 10deg")*3+3),48)*INDEX('Custom lights'!$C$8:$C$88,48)
B53: =SUMPRODUCT($C$49:$AP$49,$C$49:$AP$49) | C53: =SUMPRODUCT($C$49:$AP$49,$C$50:$AP$50) | D53: =SUMPRODUCT($C$50:$AP$50,$C$50:$AP$50) | E53: =SUMPRODUCT(Base!$C$87:$AP$87,$C$49:$AP$49) | F53: =SUMPRODUCT(Base!$C$87:$AP$87,$C$50:$AP$50) | G53: =SUMPRODUCT(Base!$C$88:$AP$88,$C$49:$AP$49) | H53: =SUMPRODUCT(Base!$C$88:$AP$88,$C$50:$AP$50) | AR53: =$B$3*INDEX(INDEX(Tables!$B$5:$G$85,0,('Custom lights'!$C$5="CIE 1964 10deg")*3+1),49)*INDEX('Custom lights'!$C$8:$C$88,49) | AS53: =$B$3*INDEX(INDEX(Tables!$B$5:$G$85,0,('Custom lights'!$C$5="CIE 1964 10deg")*3+2),49)*INDEX('Custom lights'!$C$8:$C$88,49) | AT53: =$B$3*INDEX(INDEX(Tables!$B$5:$G$85,0,('Custom lights'!$C$5="CIE 1964 10deg")*3+3),49)*INDEX('Custom lights'!$C$8:$C$88,49)
AR54: =$B$3*INDEX(INDEX(Tables!$B$5:$G$85,0,('Custom lights'!$C$5="CIE 1964 10deg")*3+1),50)*INDEX('Custom lights'!$C$8:$C$88,50) | AS54: =$B$3*INDEX(INDEX(Tables!$B$5:$G$85,0,('Custom lights'!$C$5="CIE 1964 10deg")*3+2),50)*INDEX('Custom lights'!$C$8:$C$88,50) | AT54: =$B$3*INDEX(INDEX(Tables!$B$5:$G$85,0,('Custom lights'!$C$5="CIE 1964 10deg")*3+3),50)*INDEX('Custom lights'!$C$8:$C$88,50)
A55: det | B55: =$B$53*$D$53-$C$53^2 | AR55: =$B$3*INDEX(INDEX(Tables!$B$5:$G$85,0,('Custom lights'!$C$5="CIE 1964 10deg")*3+1),51)*INDEX('Custom lights'!$C$8:$C$88,51) | AS55: =$B$3*INDEX(INDEX(Tables!$B$5:$G$85,0,('Custom lights'!$C$5="CIE 1964 10deg")*3+2),51)*INDEX('Custom lights'!$C$8:$C$88,51) | AT55: =$B$3*INDEX(INDEX(Tables!$B$5:$G$85,0,('Custom lights'!$C$5="CIE 1964 10deg")*3+3),51)*INDEX('Custom lights'!$C$8:$C$88,51)
A56: F (2 x 2) | B56: =($E$53*$D$53-$F$53*$C$53)/$B$55 | C56: =(-$E$53*$C$53+$F$53*$B$53)/$B$55 | AR56: =$B$3*INDEX(INDEX(Tables!$B$5:$G$85,0,('Custom lights'!$C$5="CIE 1964 10deg")*3+1),52)*INDEX('Custom lights'!$C$8:$C$88,52) | AS56: =$B$3*INDEX(INDEX(Tables!$B$5:$G$85,0,('Custom lights'!$C$5="CIE 1964 10deg")*3+2),52)*INDEX('Custom lights'!$C$8:$C$88,52) | AT56: =$B$3*INDEX(INDEX(Tables!$B$5:$G$85,0,('Custom lights'!$C$5="CIE 1964 10deg")*3+3),52)*INDEX('Custom lights'!$C$8:$C$88,52)
B57: =($G$53*$D$53-$H$53*$C$53)/$B$55 | C57: =(-$G$53*$C$53+$H$53*$B$53)/$B$55 | AR57: =$B$3*INDEX(INDEX(Tables!$B$5:$G$85,0,('Custom lights'!$C$5="CIE 1964 10deg")*3+1),53)*INDEX('Custom lights'!$C$8:$C$88,53) | AS57: =$B$3*INDEX(INDEX(Tables!$B$5:$G$85,0,('Custom lights'!$C$5="CIE 1964 10deg")*3+2),53)*INDEX('Custom lights'!$C$8:$C$88,53) | AT57: =$B$3*INDEX(INDEX(Tables!$B$5:$G$85,0,('Custom lights'!$C$5="CIE 1964 10deg")*3+3),53)*INDEX('Custom lights'!$C$8:$C$88,53)
AR58: =$B$3*INDEX(INDEX(Tables!$B$5:$G$85,0,('Custom lights'!$C$5="CIE 1964 10deg")*3+1),54)*INDEX('Custom lights'!$C$8:$C$88,54) | AS58: =$B$3*INDEX(INDEX(Tables!$B$5:$G$85,0,('Custom lights'!$C$5="CIE 1964 10deg")*3+2),54)*INDEX('Custom lights'!$C$8:$C$88,54) | AT58: =$B$3*INDEX(INDEX(Tables!$B$5:$G$85,0,('Custom lights'!$C$5="CIE 1964 10deg")*3+3),54)*INDEX('Custom lights'!$C$8:$C$88,54)
A59: Result: A, XYZ to Wpt | B59: =$B$45 | C59: =$C$45 | D59: =$D$45 | F59: det A | G59: =($B$59*($C$60*$D$61-$D$60*$C$61)-$C$59*($B$60*$D$61-$D$60*$B$61)+$D$59*($B$60*$C$61-$C$60*$B$61)) | AR59: =$B$3*INDEX(INDEX(Tables!$B$5:$G$85,0,('Custom lights'!$C$5="CIE 1964 10deg")*3+1),55)*INDEX('Custom lights'!$C$8:$C$88,55) | AS59: =$B$3*INDEX(INDEX(Tables!$B$5:$G$85,0,('Custom lights'!$C$5="CIE 1964 10deg")*3+2),55)*INDEX('Custom lights'!$C$8:$C$88,55) | AT59: =$B$3*INDEX(INDEX(Tables!$B$5:$G$85,0,('Custom lights'!$C$5="CIE 1964 10deg")*3+3),55)*INDEX('Custom lights'!$C$8:$C$88,55)
B60: =$B$56*$B$46+$C$56*$B$47 | C60: =$B$56*$C$46+$C$56*$C$47 | D60: =$B$56*$D$46+$C$56*$D$47 | AR60: =$B$3*INDEX(INDEX(Tables!$B$5:$G$85,0,('Custom lights'!$C$5="CIE 1964 10deg")*3+1),56)*INDEX('Custom lights'!$C$8:$C$88,56) | AS60: =$B$3*INDEX(INDEX(Tables!$B$5:$G$85,0,('Custom lights'!$C$5="CIE 1964 10deg")*3+2),56)*INDEX('Custom lights'!$C$8:$C$88,56) | AT60: =$B$3*INDEX(INDEX(Tables!$B$5:$G$85,0,('Custom lights'!$C$5="CIE 1964 10deg")*3+3),56)*INDEX('Custom lights'!$C$8:$C$88,56)
B61: =$B$57*$B$46+$C$57*$B$47 | C61: =$B$57*$C$46+$C$57*$C$47 | D61: =$B$57*$D$46+$C$57*$D$47 | AR61: =$B$3*INDEX(INDEX(Tables!$B$5:$G$85,0,('Custom lights'!$C$5="CIE 1964 10deg")*3+1),57)*INDEX('Custom lights'!$C$8:$C$88,57) | AS61: =$B$3*INDEX(INDEX(Tables!$B$5:$G$85,0,('Custom lights'!$C$5="CIE 1964 10deg")*3+2),57)*INDEX('Custom lights'!$C$8:$C$88,57) | AT61: =$B$3*INDEX(INDEX(Tables!$B$5:$G$85,0,('Custom lights'!$C$5="CIE 1964 10deg")*3+3),57)*INDEX('Custom lights'!$C$8:$C$88,57)
AR62: =$B$3*INDEX(INDEX(Tables!$B$5:$G$85,0,('Custom lights'!$C$5="CIE 1964 10deg")*3+1),58)*INDEX('Custom lights'!$C$8:$C$88,58) | AS62: =$B$3*INDEX(INDEX(Tables!$B$5:$G$85,0,('Custom lights'!$C$5="CIE 1964 10deg")*3+2),58)*INDEX('Custom lights'!$C$8:$C$88,58) | AT62: =$B$3*INDEX(INDEX(Tables!$B$5:$G$85,0,('Custom lights'!$C$5="CIE 1964 10deg")*3+3),58)*INDEX('Custom lights'!$C$8:$C$88,58)
A63: Inverse: Wpt to XYZ | B63: =($C$60*$D$61-$D$60*$C$61)/$G$59 | C63: =($C$61*$D$59-$D$61*$C$59)/$G$59 | D63: =($C$59*$D$60-$D$59*$C$60)/$G$59 | AR63: =$B$3*INDEX(INDEX(Tables!$B$5:$G$85,0,('Custom lights'!$C$5="CIE 1964 10deg")*3+1),59)*INDEX('Custom lights'!$C$8:$C$88,59) | AS63: =$B$3*INDEX(INDEX(Tables!$B$5:$G$85,0,('Custom lights'!$C$5="CIE 1964 10deg")*3+2),59)*INDEX('Custom lights'!$C$8:$C$88,59) | AT63: =$B$3*INDEX(INDEX(Tables!$B$5:$G$85,0,('Custom lights'!$C$5="CIE 1964 10deg")*3+3),59)*INDEX('Custom lights'!$C$8:$C$88,59)
B64: =($D$60*$B$61-$B$60*$D$61)/$G$59 | C64: =($D$61*$B$59-$B$61*$D$59)/$G$59 | D64: =($D$59*$B$60-$B$59*$D$60)/$G$59 | AR64: =$B$3*INDEX(INDEX(Tables!$B$5:$G$85,0,('Custom lights'!$C$5="CIE 1964 10deg")*3+1),60)*INDEX('Custom lights'!$C$8:$C$88,60) | AS64: =$B$3*INDEX(INDEX(Tables!$B$5:$G$85,0,('Custom lights'!$C$5="CIE 1964 10deg")*3+2),60)*INDEX('Custom lights'!$C$8:$C$88,60) | AT64: =$B$3*INDEX(INDEX(Tables!$B$5:$G$85,0,('Custom lights'!$C$5="CIE 1964 10deg")*3+3),60)*INDEX('Custom lights'!$C$8:$C$88,60)
B65: =($B$60*$C$61-$C$60*$B$61)/$G$59 | C65: =($B$61*$C$59-$C$61*$B$59)/$G$59 | D65: =($B$59*$C$60-$C$59*$B$60)/$G$59 | AR65: =$B$3*INDEX(INDEX(Tables!$B$5:$G$85,0,('Custom lights'!$C$5="CIE 1964 10deg")*3+1),61)*INDEX('Custom lights'!$C$8:$C$88,61) | AS65: =$B$3*INDEX(INDEX(Tables!$B$5:$G$85,0,('Custom lights'!$C$5="CIE 1964 10deg")*3+2),61)*INDEX('Custom lights'!$C$8:$C$88,61) | AT65: =$B$3*INDEX(INDEX(Tables!$B$5:$G$85,0,('Custom lights'!$C$5="CIE 1964 10deg")*3+3),61)*INDEX('Custom lights'!$C$8:$C$88,61)
AR66: =$B$3*INDEX(INDEX(Tables!$B$5:$G$85,0,('Custom lights'!$C$5="CIE 1964 10deg")*3+1),62)*INDEX('Custom lights'!$C$8:$C$88,62) | AS66: =$B$3*INDEX(INDEX(Tables!$B$5:$G$85,0,('Custom lights'!$C$5="CIE 1964 10deg")*3+2),62)*INDEX('Custom lights'!$C$8:$C$88,62) | AT66: =$B$3*INDEX(INDEX(Tables!$B$5:$G$85,0,('Custom lights'!$C$5="CIE 1964 10deg")*3+3),62)*INDEX('Custom lights'!$C$8:$C$88,62)
AR67: =$B$3*INDEX(INDEX(Tables!$B$5:$G$85,0,('Custom lights'!$C$5="CIE 1964 10deg")*3+1),63)*INDEX('Custom lights'!$C$8:$C$88,63) | AS67: =$B$3*INDEX(INDEX(Tables!$B$5:$G$85,0,('Custom lights'!$C$5="CIE 1964 10deg")*3+2),63)*INDEX('Custom lights'!$C$8:$C$88,63) | AT67: =$B$3*INDEX(INDEX(Tables!$B$5:$G$85,0,('Custom lights'!$C$5="CIE 1964 10deg")*3+3),63)*INDEX('Custom lights'!$C$8:$C$88,63)
