Workbook

Sheet Read me
A1: Wpt normalization and material adjustment transforms (MATs)
A3: Inputs Pick an observer and a light for the source and for the destination, or paste your own (380-780 nm, 5 nm).
A4: Source, Destination Each Wpt normalization in four steps, as in the Technical annex (A.3). Results at rows 59-65.
A5: Results Both normalizations, the MAT from source to destination and back, an XYZ converter, and the
A6: source observer's functions converted by the MAT (meaningful when both conditions share one light).
A7: Base The 40 base reflectances and their reference p, t (Technical annex A.4).
A9: This workbook uses the reference coordinates of the Wpt toolbox. The 2015 Wpt paper's matrices differ slightly
A10: (Technical annex A.4); MATs are the same with either.

Sheet Results
A1: Results
A2: =Inputs!C4&" / "&Inputs!C5&" to "&Inputs!H4&" / "&Inputs!H5
A3: Source: XYZ to Wpt | E3: Source: Wpt to XYZ | I3: Source observer functions converted by the MAT (C'(nm) = MAT x C(nm))
A4: =Source!$B$59 | B4: =Source!$C$59 | C4: =Source!$D$59 | E4: =Source!$B$63 | F4: =Source!$C$63 | G4: =Source!$D$63 | I4: nm | J4: x' | K4: y' | L4: z'
A5: =Source!$B$60 | B5: =Source!$C$60 | C5: =Source!$D$60 | E5: =Source!$B$64 | F5: =Source!$C$64 | G5: =Source!$D$64 | I5: 380 | J5: =$A$14*INDEX(CHOOSE(MATCH(Inputs!$C$4,{"CIE 1931 2deg","CIE 1964 10deg","CIE 2015 2deg","Pasted below"},0),Tables!$B$5:$B$85,Tables!$E$5:$E$85,Tables!$H$5:$H$85,Inputs!$C$9:$C$89),1)+$B$14*INDEX(CHOOSE(MATCH(Inputs!$C$4,{"CIE 1931 2deg","CIE 1964 10deg","CIE 2015 2deg","Pasted below"},0),Tables!$C$5:$C$85,Tables!$F$5:$F$85,Tables!$I$5:$I$85,Inputs!$D$9:$D$89),1)+$C$14*INDEX(CHOOSE(MATCH(Inputs!$C$4,{"CIE 1931 2deg","CIE 1964 10deg","CIE 2015 2deg","Pasted below"},0),Tables!$D$5:$D$85,Tables!$G$5:$G$85,Tables!$J$5:$J$85,Inputs!$E$9:$E$89),1) | K5: =$A$15*INDEX(CHOOSE(MATCH(Inputs!$C$4,{"CIE 1931 2deg","CIE 1964 10deg","CIE 2015 2deg","Pasted below"},0),Tables!$B$5:$B$85,Tables!$E$5:$E$85,Tables!$H$5:$H$85,Inputs!$C$9:$C$89),1)+$B$15*INDEX(CHOOSE(MATCH(Inputs!$C$4,{"CIE 1931 2deg","CIE 1964 10deg","CIE 2015 2deg","Pasted below"},0),Tables!$C$5:$C$85,Tables!$F$5:$F$85,Tables!$I$5:$I$85,Inputs!$D$9:$D$89),1)+$C$15*INDEX(CHOOSE(MATCH(Inputs!$C$4,{"CIE 1931 2deg","CIE 1964 10deg","CIE 2015 2deg","Pasted below"},0),Tables!$D$5:$D$85,Tables!$G$5:$G$85,Tables!$J$5:$J$85,Inputs!$E$9:$E$89),1) | L5: =$A$16*INDEX(CHOOSE(MATCH(Inputs!$C$4,{"CIE 1931 2deg","CIE 1964 10deg","CIE 2015 2deg","Pasted below"},0),Tables!$B$5:$B$85,Tables!$E$5:$E$85,Tables!$H$5:$H$85,Inputs!$C$9:$C$89),1)+$B$16*INDEX(CHOOSE(MATCH(Inputs!$C$4,{"CIE 1931 2deg","CIE 1964 10deg","CIE 2015 2deg","Pasted below"},0),Tables!$C$5:$C$85,Tables!$F$5:$F$85,Tables!$I$5:$I$85,Inputs!$D$9:$D$89),1)+$C$16*INDEX(CHOOSE(MATCH(Inputs!$C$4,{"CIE 1931 2deg","CIE 1964 10deg","CIE 2015 2deg","Pasted below"},0),Tables!$D$5:$D$85,Tables!$G$5:$G$85,Tables!$J$5:$J$85,Inputs!$E$9:$E$89),1)
A6: =Source!$B$61 | B6: =Source!$C$61 | C6: =Source!$D$61 | E6: =Source!$B$65 | F6: =Source!$C$65 | G6: =Source!$D$65 | I6: 385 | J6: =$A$14*INDEX(CHOOSE(MATCH(Inputs!$C$4,{"CIE 1931 2deg","CIE 1964 10deg","CIE 2015 2deg","Pasted below"},0),Tables!$B$5:$B$85,Tables!$E$5:$E$85,Tables!$H$5:$H$85,Inputs!$C$9:$C$89),2)+$B$14*INDEX(CHOOSE(MATCH(Inputs!$C$4,{"CIE 1931 2deg","CIE 1964 10deg","CIE 2015 2deg","Pasted below"},0),Tables!$C$5:$C$85,Tables!$F$5:$F$85,Tables!$I$5:$I$85,Inputs!$D$9:$D$89),2)+$C$14*INDEX(CHOOSE(MATCH(Inputs!$C$4,{"CIE 1931 2deg","CIE 1964 10deg","CIE 2015 2deg","Pasted below"},0),Tables!$D$5:$D$85,Tables!$G$5:$G$85,Tables!$J$5:$J$85,Inputs!$E$9:$E$89),2) | K6: =$A$15*INDEX(CHOOSE(MATCH(Inputs!$C$4,{"CIE 1931 2deg","CIE 1964 10deg","CIE 2015 2deg","Pasted below"},0),Tables!$B$5:$B$85,Tables!$E$5:$E$85,Tables!$H$5:$H$85,Inputs!$C$9:$C$89),2)+$B$15*INDEX(CHOOSE(MATCH(Inputs!$C$4,{"CIE 1931 2deg","CIE 1964 10deg","CIE 2015 2deg","Pasted below"},0),Tables!$C$5:$C$85,Tables!$F$5:$F$85,Tables!$I$5:$I$85,Inputs!$D$9:$D$89),2)+$C$15*INDEX(CHOOSE(MATCH(Inputs!$C$4,{"CIE 1931 2deg","CIE 1964 10deg","CIE 2015 2deg","Pasted below"},0),Tables!$D$5:$D$85,Tables!$G$5:$G$85,Tables!$J$5:$J$85,Inputs!$E$9:$E$89),2) | L6: =$A$16*INDEX(CHOOSE(MATCH(Inputs!$C$4,{"CIE 1931 2deg","CIE 1964 10deg","CIE 2015 2deg","Pasted below"},0),Tables!$B$5:$B$85,Tables!$E$5:$E$85,Tables!$H$5:$H$85,Inputs!$C$9:$C$89),2)+$B$16*INDEX(CHOOSE(MATCH(Inputs!$C$4,{"CIE 1931 2deg","CIE 1964 10deg","CIE 2015 2deg","Pasted below"},0),Tables!$C$5:$C$85,Tables!$F$5:$F$85,Tables!$I$5:$I$85,Inputs!$D$9:$D$89),2)+$C$16*INDEX(CHOOSE(MATCH(Inputs!$C$4,{"CIE 1931 2deg","CIE 1964 10deg","CIE 2015 2deg","Pasted below"},0),Tables!$D$5:$D$85,Tables!$G$5:$G$85,Tables!$J$5:$J$85,Inputs!$E$9:$E$89),2)
I7: 390 | J7: =$A$14*INDEX(CHOOSE(MATCH(Inputs!$C$4,{"CIE 1931 2deg","CIE 1964 10deg","CIE 2015 2deg","Pasted below"},0),Tables!$B$5:$B$85,Tables!$E$5:$E$85,Tables!$H$5:$H$85,Inputs!$C$9:$C$89),3)+$B$14*INDEX(CHOOSE(MATCH(Inputs!$C$4,{"CIE 1931 2deg","CIE 1964 10deg","CIE 2015 2deg","Pasted below"},0),Tables!$C$5:$C$85,Tables!$F$5:$F$85,Tables!$I$5:$I$85,Inputs!$D$9:$D$89),3)+$C$14*INDEX(CHOOSE(MATCH(Inputs!$C$4,{"CIE 1931 2deg","CIE 1964 10deg","CIE 2015 2deg","Pasted below"},0),Tables!$D$5:$D$85,Tables!$G$5:$G$85,Tables!$J$5:$J$85,Inputs!$E$9:$E$89),3) | K7: =$A$15*INDEX(CHOOSE(MATCH(Inputs!$C$4,{"CIE 1931 2deg","CIE 1964 10deg","CIE 2015 2deg","Pasted below"},0),Tables!$B$5:$B$85,Tables!$E$5:$E$85,Tables!$H$5:$H$85,Inputs!$C$9:$C$89),3)+$B$15*INDEX(CHOOSE(MATCH(Inputs!$C$4,{"CIE 1931 2deg","CIE 1964 10deg","CIE 2015 2deg","Pasted below"},0),Tables!$C$5:$C$85,Tables!$F$5:$F$85,Tables!$I$5:$I$85,Inputs!$D$9:$D$89),3)+$C$15*INDEX(CHOOSE(MATCH(Inputs!$C$4,{"CIE 1931 2deg","CIE 1964 10deg","CIE 2015 2deg","Pasted below"},0),Tables!$D$5:$D$85,Tables!$G$5:$G$85,Tables!$J$5:$J$85,Inputs!$E$9:$E$89),3) | L7: =$A$16*INDEX(CHOOSE(MATCH(Inputs!$C$4,{"CIE 1931 2deg","CIE 1964 10deg","CIE 2015 2deg","Pasted below"},0),Tables!$B$5:$B$85,Tables!$E$5:$E$85,Tables!$H$5:$H$85,Inputs!$C$9:$C$89),3)+$B$16*INDEX(CHOOSE(MATCH(Inputs!$C$4,{"CIE 1931 2deg","CIE 1964 10deg","CIE 2015 2deg","Pasted below"},0),Tables!$C$5:$C$85,Tables!$F$5:$F$85,Tables!$I$5:$I$85,Inputs!$D$9:$D$89),3)+$C$16*INDEX(CHOOSE(MATCH(Inputs!$C$4,{"CIE 1931 2deg","CIE 1964 10deg","CIE 2015 2deg","Pasted below"},0),Tables!$D$5:$D$85,Tables!$G$5:$G$85,Tables!$J$5:$J$85,Inputs!$E$9:$E$89),3)
A8: Destination: XYZ to Wpt | E8: Destination: Wpt to XYZ | I8: 395 | J8: =$A$14*INDEX(CHOOSE(MATCH(Inputs!$C$4,{"CIE 1931 2deg","CIE 1964 10deg","CIE 2015 2deg","Pasted below"},0),Tables!$B$5:$B$85,Tables!$E$5:$E$85,Tables!$H$5:$H$85,Inputs!$C$9:$C$89),4)+$B$14*INDEX(CHOOSE(MATCH(Inputs!$C$4,{"CIE 1931 2deg","CIE 1964 10deg","CIE 2015 2deg","Pasted below"},0),Tables!$C$5:$C$85,Tables!$F$5:$F$85,Tables!$I$5:$I$85,Inputs!$D$9:$D$89),4)+$C$14*INDEX(CHOOSE(MATCH(Inputs!$C$4,{"CIE 1931 2deg","CIE 1964 10deg","CIE 2015 2deg","Pasted below"},0),Tables!$D$5:$D$85,Tables!$G$5:$G$85,Tables!$J$5:$J$85,Inputs!$E$9:$E$89),4) | K8: =$A$15*INDEX(CHOOSE(MATCH(Inputs!$C$4,{"CIE 1931 2deg","CIE 1964 10deg","CIE 2015 2deg","Pasted below"},0),Tables!$B$5:$B$85,Tables!$E$5:$E$85,Tables!$H$5:$H$85,Inputs!$C$9:$C$89),4)+$B$15*INDEX(CHOOSE(MATCH(Inputs!$C$4,{"CIE 1931 2deg","CIE 1964 10deg","CIE 2015 2deg","Pasted below"},0),Tables!$C$5:$C$85,Tables!$F$5:$F$85,Tables!$I$5:$I$85,Inputs!$D$9:$D$89),4)+$C$15*INDEX(CHOOSE(MATCH(Inputs!$C$4,{"CIE 1931 2deg","CIE 1964 10deg","CIE 2015 2deg","Pasted below"},0),Tables!$D$5:$D$85,Tables!$G$5:$G$85,Tables!$J$5:$J$85,Inputs!$E$9:$E$89),4) | L8: =$A$16*INDEX(CHOOSE(MATCH(Inputs!$C$4,{"CIE 1931 2deg","CIE 1964 10deg","CIE 2015 2deg","Pasted below"},0),Tables!$B$5:$B$85,Tables!$E$5:$E$85,Tables!$H$5:$H$85,Inputs!$C$9:$C$89),4)+$B$16*INDEX(CHOOSE(MATCH(Inputs!$C$4,{"CIE 1931 2deg","CIE 1964 10deg","CIE 2015 2deg","Pasted below"},0),Tables!$C$5:$C$85,Tables!$F$5:$F$85,Tables!$I$5:$I$85,Inputs!$D$9:$D$89),4)+$C$16*INDEX(CHOOSE(MATCH(Inputs!$C$4,{"CIE 1931 2deg","CIE 1964 10deg","CIE 2015 2deg","Pasted below"},0),Tables!$D$5:$D$85,Tables!$G$5:$G$85,Tables!$J$5:$J$85,Inputs!$E$9:$E$89),4)
A9: =Destination!$B$59 | B9: =Destination!$C$59 | C9: =Destination!$D$59 | E9: =Destination!$B$63 | F9: =Destination!$C$63 | G9: =Destination!$D$63 | I9: 400 | J9: =$A$14*INDEX(CHOOSE(MATCH(Inputs!$C$4,{"CIE 1931 2deg","CIE 1964 10deg","CIE 2015 2deg","Pasted below"},0),Tables!$B$5:$B$85,Tables!$E$5:$E$85,Tables!$H$5:$H$85,Inputs!$C$9:$C$89),5)+$B$14*INDEX(CHOOSE(MATCH(Inputs!$C$4,{"CIE 1931 2deg","CIE 1964 10deg","CIE 2015 2deg","Pasted below"},0),Tables!$C$5:$C$85,Tables!$F$5:$F$85,Tables!$I$5:$I$85,Inputs!$D$9:$D$89),5)+$C$14*INDEX(CHOOSE(MATCH(Inputs!$C$4,{"CIE 1931 2deg","CIE 1964 10deg","CIE 2015 2deg","Pasted below"},0),Tables!$D$5:$D$85,Tables!$G$5:$G$85,Tables!$J$5:$J$85,Inputs!$E$9:$E$89),5) | K9: =$A$15*INDEX(CHOOSE(MATCH(Inputs!$C$4,{"CIE 1931 2deg","CIE 1964 10deg","CIE 2015 2deg","Pasted below"},0),Tables!$B$5:$B$85,Tables!$E$5:$E$85,Tables!$H$5:$H$85,Inputs!$C$9:$C$89),5)+$B$15*INDEX(CHOOSE(MATCH(Inputs!$C$4,{"CIE 1931 2deg","CIE 1964 10deg","CIE 2015 2deg","Pasted below"},0),Tables!$C$5:$C$85,Tables!$F$5:$F$85,Tables!$I$5:$I$85,Inputs!$D$9:$D$89),5)+$C$15*INDEX(CHOOSE(MATCH(Inputs!$C$4,{"CIE 1931 2deg","CIE 1964 10deg","CIE 2015 2deg","Pasted below"},0),Tables!$D$5:$D$85,Tables!$G$5:$G$85,Tables!$J$5:$J$85,Inputs!$E$9:$E$89),5) | L9: =$A$16*INDEX(CHOOSE(MATCH(Inputs!$C$4,{"CIE 1931 2deg","CIE 1964 10deg","CIE 2015 2deg","Pasted below"},0),Tables!$B$5:$B$85,Tables!$E$5:$E$85,Tables!$H$5:$H$85,Inputs!$C$9:$C$89),5)+$B$16*INDEX(CHOOSE(MATCH(Inputs!$C$4,{"CIE 1931 2deg","CIE 1964 10deg","CIE 2015 2deg","Pasted below"},0),Tables!$C$5:$C$85,Tables!$F$5:$F$85,Tables!$I$5:$I$85,Inputs!$D$9:$D$89),5)+$C$16*INDEX(CHOOSE(MATCH(Inputs!$C$4,{"CIE 1931 2deg","CIE 1964 10deg","CIE 2015 2deg","Pasted below"},0),Tables!$D$5:$D$85,Tables!$G$5:$G$85,Tables!$J$5:$J$85,Inputs!$E$9:$E$89),5)
A10: =Destination!$B$60 | B10: =Destination!$C$60 | C10: =Destination!$D$60 | E10: =Destination!$B$64 | F10: =Destination!$C$64 | G10: =Destination!$D$64 | I10: 405 | J10: =$A$14*INDEX(CHOOSE(MATCH(Inputs!$C$4,{"CIE 1931 2deg","CIE 1964 10deg","CIE 2015 2deg","Pasted below"},0),Tables!$B$5:$B$85,Tables!$E$5:$E$85,Tables!$H$5:$H$85,Inputs!$C$9:$C$89),6)+$B$14*INDEX(CHOOSE(MATCH(Inputs!$C$4,{"CIE 1931 2deg","CIE 1964 10deg","CIE 2015 2deg","Pasted below"},0),Tables!$C$5:$C$85,Tables!$F$5:$F$85,Tables!$I$5:$I$85,Inputs!$D$9:$D$89),6)+$C$14*INDEX(CHOOSE(MATCH(Inputs!$C$4,{"CIE 1931 2deg","CIE 1964 10deg","CIE 2015 2deg","Pasted below"},0),Tables!$D$5:$D$85,Tables!$G$5:$G$85,Tables!$J$5:$J$85,Inputs!$E$9:$E$89),6) | K10: =$A$15*INDEX(CHOOSE(MATCH(Inputs!$C$4,{"CIE 1931 2deg","CIE 1964 10deg","CIE 2015 2deg","Pasted below"},0),Tables!$B$5:$B$85,Tables!$E$5:$E$85,Tables!$H$5:$H$85,Inputs!$C$9:$C$89),6)+$B$15*INDEX(CHOOSE(MATCH(Inputs!$C$4,{"CIE 1931 2deg","CIE 1964 10deg","CIE 2015 2deg","Pasted below"},0),Tables!$C$5:$C$85,Tables!$F$5:$F$85,Tables!$I$5:$I$85,Inputs!$D$9:$D$89),6)+$C$15*INDEX(CHOOSE(MATCH(Inputs!$C$4,{"CIE 1931 2deg","CIE 1964 10deg","CIE 2015 2deg","Pasted below"},0),Tables!$D$5:$D$85,Tables!$G$5:$G$85,Tables!$J$5:$J$85,Inputs!$E$9:$E$89),6) | L10: =$A$16*INDEX(CHOOSE(MATCH(Inputs!$C$4,{"CIE 1931 2deg","CIE 1964 10deg","CIE 2015 2deg","Pasted below"},0),Tables!$B$5:$B$85,Tables!$E$5:$E$85,Tables!$H$5:$H$85,Inputs!$C$9:$C$89),6)+$B$16*INDEX(CHOOSE(MATCH(Inputs!$C$4,{"CIE 1931 2deg","CIE 1964 10deg","CIE 2015 2deg","Pasted below"},0),Tables!$C$5:$C$85,Tables!$F$5:$F$85,Tables!$I$5:$I$85,Inputs!$D$9:$D$89),6)+$C$16*INDEX(CHOOSE(MATCH(Inputs!$C$4,{"CIE 1931 2deg","CIE 1964 10deg","CIE 2015 2deg","Pasted below"},0),Tables!$D$5:$D$85,Tables!$G$5:$G$85,Tables!$J$5:$J$85,Inputs!$E$9:$E$89),6)
A11: =Destination!$B$61 | B11: =Destination!$C$61 | C11: =Destination!$D$61 | E11: =Destination!$B$65 | F11: =Destination!$C$65 | G11: =Destination!$D$65 | I11: 410 | J11: =$A$14*INDEX(CHOOSE(MATCH(Inputs!$C$4,{"CIE 1931 2deg","CIE 1964 10deg","CIE 2015 2deg","Pasted below"},0),Tables!$B$5:$B$85,Tables!$E$5:$E$85,Tables!$H$5:$H$85,Inputs!$C$9:$C$89),7)+$B$14*INDEX(CHOOSE(MATCH(Inputs!$C$4,{"CIE 1931 2deg","CIE 1964 10deg","CIE 2015 2deg","Pasted below"},0),Tables!$C$5:$C$85,Tables!$F$5:$F$85,Tables!$I$5:$I$85,Inputs!$D$9:$D$89),7)+$C$14*INDEX(CHOOSE(MATCH(Inputs!$C$4,{"CIE 1931 2deg","CIE 1964 10deg","CIE 2015 2deg","Pasted below"},0),Tables!$D$5:$D$85,Tables!$G$5:$G$85,Tables!$J$5:$J$85,Inputs!$E$9:$E$89),7) | K11: =$A$15*INDEX(CHOOSE(MATCH(Inputs!$C$4,{"CIE 1931 2deg","CIE 1964 10deg","CIE 2015 2deg","Pasted below"},0),Tables!$B$5:$B$85,Tables!$E$5:$E$85,Tables!$H$5:$H$85,Inputs!$C$9:$C$89),7)+$B$15*INDEX(CHOOSE(MATCH(Inputs!$C$4,{"CIE 1931 2deg","CIE 1964 10deg","CIE 2015 2deg","Pasted below"},0),Tables!$C$5:$C$85,Tables!$F$5:$F$85,Tables!$I$5:$I$85,Inputs!$D$9:$D$89),7)+$C$15*INDEX(CHOOSE(MATCH(Inputs!$C$4,{"CIE 1931 2deg","CIE 1964 10deg","CIE 2015 2deg","Pasted below"},0),Tables!$D$5:$D$85,Tables!$G$5:$G$85,Tables!$J$5:$J$85,Inputs!$E$9:$E$89),7) | L11: =$A$16*INDEX(CHOOSE(MATCH(Inputs!$C$4,{"CIE 1931 2deg","CIE 1964 10deg","CIE 2015 2deg","Pasted below"},0),Tables!$B$5:$B$85,Tables!$E$5:$E$85,Tables!$H$5:$H$85,Inputs!$C$9:$C$89),7)+$B$16*INDEX(CHOOSE(MATCH(Inputs!$C$4,{"CIE 1931 2deg","CIE 1964 10deg","CIE 2015 2deg","Pasted below"},0),Tables!$C$5:$C$85,Tables!$F$5:$F$85,Tables!$I$5:$I$85,Inputs!$D$9:$D$89),7)+$C$16*INDEX(CHOOSE(MATCH(Inputs!$C$4,{"CIE 1931 2deg","CIE 1964 10deg","CIE 2015 2deg","Pasted below"},0),Tables!$D$5:$D$85,Tables!$G$5:$G$85,Tables!$J$5:$J$85,Inputs!$E$9:$E$89),7)
I12: 415 | J12: =$A$14*INDEX(CHOOSE(MATCH(Inputs!$C$4,{"CIE 1931 2deg","CIE 1964 10deg","CIE 2015 2deg","Pasted below"},0),Tables!$B$5:$B$85,Tables!$E$5:$E$85,Tables!$H$5:$H$85,Inputs!$C$9:$C$89),8)+$B$14*INDEX(CHOOSE(MATCH(Inputs!$C$4,{"CIE 1931 2deg","CIE 1964 10deg","CIE 2015 2deg","Pasted below"},0),Tables!$C$5:$C$85,Tables!$F$5:$F$85,Tables!$I$5:$I$85,Inputs!$D$9:$D$89),8)+$C$14*INDEX(CHOOSE(MATCH(Inputs!$C$4,{"CIE 1931 2deg","CIE 1964 10deg","CIE 2015 2deg","Pasted below"},0),Tables!$D$5:$D$85,Tables!$G$5:$G$85,Tables!$J$5:$J$85,Inputs!$E$9:$E$89),8) | K12: =$A$15*INDEX(CHOOSE(MATCH(Inputs!$C$4,{"CIE 1931 2deg","CIE 1964 10deg","CIE 2015 2deg","Pasted below"},0),Tables!$B$5:$B$85,Tables!$E$5:$E$85,Tables!$H$5:$H$85,Inputs!$C$9:$C$89),8)+$B$15*INDEX(CHOOSE(MATCH(Inputs!$C$4,{"CIE 1931 2deg","CIE 1964 10deg","CIE 2015 2deg","Pasted below"},0),Tables!$C$5:$C$85,Tables!$F$5:$F$85,Tables!$I$5:$I$85,Inputs!$D$9:$D$89),8)+$C$15*INDEX(CHOOSE(MATCH(Inputs!$C$4,{"CIE 1931 2deg","CIE 1964 10deg","CIE 2015 2deg","Pasted below"},0),Tables!$D$5:$D$85,Tables!$G$5:$G$85,Tables!$J$5:$J$85,Inputs!$E$9:$E$89),8) | L12: =$A$16*INDEX(CHOOSE(MATCH(Inputs!$C$4,{"CIE 1931 2deg","CIE 1964 10deg","CIE 2015 2deg","Pasted below"},0),Tables!$B$5:$B$85,Tables!$E$5:$E$85,Tables!$H$5:$H$85,Inputs!$C$9:$C$89),8)+$B$16*INDEX(CHOOSE(MATCH(Inputs!$C$4,{"CIE 1931 2deg","CIE 1964 10deg","CIE 2015 2deg","Pasted below"},0),Tables!$C$5:$C$85,Tables!$F$5:$F$85,Tables!$I$5:$I$85,Inputs!$D$9:$D$89),8)+$C$16*INDEX(CHOOSE(MATCH(Inputs!$C$4,{"CIE 1931 2deg","CIE 1964 10deg","CIE 2015 2deg","Pasted below"},0),Tables!$D$5:$D$85,Tables!$G$5:$G$85,Tables!$J$5:$J$85,Inputs!$E$9:$E$89),8)
A13: MAT, source to destination | E13: MAT, destination to source | I13: 420 | J13: =$A$14*INDEX(CHOOSE(MATCH(Inputs!$C$4,{"CIE 1931 2deg","CIE 1964 10deg","CIE 2015 2deg","Pasted below"},0),Tables!$B$5:$B$85,Tables!$E$5:$E$85,Tables!$H$5:$H$85,Inputs!$C$9:$C$89),9)+$B$14*INDEX(CHOOSE(MATCH(Inputs!$C$4,{"CIE 1931 2deg","CIE 1964 10deg","CIE 2015 2deg","Pasted below"},0),Tables!$C$5:$C$85,Tables!$F$5:$F$85,Tables!$I$5:$I$85,Inputs!$D$9:$D$89),9)+$C$14*INDEX(CHOOSE(MATCH(Inputs!$C$4,{"CIE 1931 2deg","CIE 1964 10deg","CIE 2015 2deg","Pasted below"},0),Tables!$D$5:$D$85,Tables!$G$5:$G$85,Tables!$J$5:$J$85,Inputs!$E$9:$E$89),9) | K13: =$A$15*INDEX(CHOOSE(MATCH(Inputs!$C$4,{"CIE 1931 2deg","CIE 1964 10deg","CIE 2015 2deg","Pasted below"},0),Tables!$B$5:$B$85,Tables!$E$5:$E$85,Tables!$H$5:$H$85,Inputs!$C$9:$C$89),9)+$B$15*INDEX(CHOOSE(MATCH(Inputs!$C$4,{"CIE 1931 2deg","CIE 1964 10deg","CIE 2015 2deg","Pasted below"},0),Tables!$C$5:$C$85,Tables!$F$5:$F$85,Tables!$I$5:$I$85,Inputs!$D$9:$D$89),9)+$C$15*INDEX(CHOOSE(MATCH(Inputs!$C$4,{"CIE 1931 2deg","CIE 1964 10deg","CIE 2015 2deg","Pasted below"},0),Tables!$D$5:$D$85,Tables!$G$5:$G$85,Tables!$J$5:$J$85,Inputs!$E$9:$E$89),9) | L13: =$A$16*INDEX(CHOOSE(MATCH(Inputs!$C$4,{"CIE 1931 2deg","CIE 1964 10deg","CIE 2015 2deg","Pasted below"},0),Tables!$B$5:$B$85,Tables!$E$5:$E$85,Tables!$H$5:$H$85,Inputs!$C$9:$C$89),9)+$B$16*INDEX(CHOOSE(MATCH(Inputs!$C$4,{"CIE 1931 2deg","CIE 1964 10deg","CIE 2015 2deg","Pasted below"},0),Tables!$C$5:$C$85,Tables!$F$5:$F$85,Tables!$I$5:$I$85,Inputs!$D$9:$D$89),9)+$C$16*INDEX(CHOOSE(MATCH(Inputs!$C$4,{"CIE 1931 2deg","CIE 1964 10deg","CIE 2015 2deg","Pasted below"},0),Tables!$D$5:$D$85,Tables!$G$5:$G$85,Tables!$J$5:$J$85,Inputs!$E$9:$E$89),9)
A14: =Destination!$B$63*Source!$B$59+Destination!$C$63*Source!$B$60+Destination!$D$63*Source!$B$61 | B14: =Destination!$B$63*Source!$C$59+Destination!$C$63*Source!$C$60+Destination!$D$63*Source!$C$61 | C14: =Destination!$B$63*Source!$D$59+Destination!$C$63*Source!$D$60+Destination!$D$63*Source!$D$61 | E14: =Source!$B$63*Destination!$B$59+Source!$C$63*Destination!$B$60+Source!$D$63*Destination!$B$61 | F14: =Source!$B$63*Destination!$C$59+Source!$C$63*Destination!$C$60+Source!$D$63*Destination!$C$61 | G14: =Source!$B$63*Destination!$D$59+Source!$C$63*Destination!$D$60+Source!$D$63*Destination!$D$61 | I14: 425 | J14: =$A$14*INDEX(CHOOSE(MATCH(Inputs!$C$4,{"CIE 1931 2deg","CIE 1964 10deg","CIE 2015 2deg","Pasted below"},0),Tables!$B$5:$B$85,Tables!$E$5:$E$85,Tables!$H$5:$H$85,Inputs!$C$9:$C$89),10)+$B$14*INDEX(CHOOSE(MATCH(Inputs!$C$4,{"CIE 1931 2deg","CIE 1964 10deg","CIE 2015 2deg","Pasted below"},0),Tables!$C$5:$C$85,Tables!$F$5:$F$85,Tables!$I$5:$I$85,Inputs!$D$9:$D$89),10)+$C$14*INDEX(CHOOSE(MATCH(Inputs!$C$4,{"CIE 1931 2deg","CIE 1964 10deg","CIE 2015 2deg","Pasted below"},0),Tables!$D$5:$D$85,Tables!$G$5:$G$85,Tables!$J$5:$J$85,Inputs!$E$9:$E$89),10) | K14: =$A$15*INDEX(CHOOSE(MATCH(Inputs!$C$4,{"CIE 1931 2deg","CIE 1964 10deg","CIE 2015 2deg","Pasted below"},0),Tables!$B$5:$B$85,Tables!$E$5:$E$85,Tables!$H$5:$H$85,Inputs!$C$9:$C$89),10)+$B$15*INDEX(CHOOSE(MATCH(Inputs!$C$4,{"CIE 1931 2deg","CIE 1964 10deg","CIE 2015 2deg","Pasted below"},0),Tables!$C$5:$C$85,Tables!$F$5:$F$85,Tables!$I$5:$I$85,Inputs!$D$9:$D$89),10)+$C$15*INDEX(CHOOSE(MATCH(Inputs!$C$4,{"CIE 1931 2deg","CIE 1964 10deg","CIE 2015 2deg","Pasted below"},0),Tables!$D$5:$D$85,Tables!$G$5:$G$85,Tables!$J$5:$J$85,Inputs!$E$9:$E$89),10) | L14: =$A$16*INDEX(CHOOSE(MATCH(Inputs!$C$4,{"CIE 1931 2deg","CIE 1964 10deg","CIE 2015 2deg","Pasted below"},0),Tables!$B$5:$B$85,Tables!$E$5:$E$85,Tables!$H$5:$H$85,Inputs!$C$9:$C$89),10)+$B$16*INDEX(CHOOSE(MATCH(Inputs!$C$4,{"CIE 1931 2deg","CIE 1964 10deg","CIE 2015 2deg","Pasted below"},0),Tables!$C$5:$C$85,Tables!$F$5:$F$85,Tables!$I$5:$I$85,Inputs!$D$9:$D$89),10)+$C$16*INDEX(CHOOSE(MATCH(Inputs!$C$4,{"CIE 1931 2deg","CIE 1964 10deg","CIE 2015 2deg","Pasted below"},0),Tables!$D$5:$D$85,Tables!$G$5:$G$85,Tables!$J$5:$J$85,Inputs!$E$9:$E$89),10)
A15: =Destination!$B$64*Source!$B$59+Destination!$C$64*Source!$B$60+Destination!$D$64*Source!$B$61 | B15: =Destination!$B$64*Source!$C$59+Destination!$C$64*Source!$C$60+Destination!$D$64*Source!$C$61 | C15: =Destination!$B$64*Source!$D$59+Destination!$C$64*Source!$D$60+Destination!$D$64*Source!$D$61 | E15: =Source!$B$64*Destination!$B$59+Source!$C$64*Destination!$B$60+Source!$D$64*Destination!$B$61 | F15: =Source!$B$64*Destination!$C$59+Source!$C$64*Destination!$C$60+Source!$D$64*Destination!$C$61 | G15: =Source!$B$64*Destination!$D$59+Source!$C$64*Destination!$D$60+Source!$D$64*Destination!$D$61 | I15: 430 | J15: =$A$14*INDEX(CHOOSE(MATCH(Inputs!$C$4,{"CIE 1931 2deg","CIE 1964 10deg","CIE 2015 2deg","Pasted below"},0),Tables!$B$5:$B$85,Tables!$E$5:$E$85,Tables!$H$5:$H$85,Inputs!$C$9:$C$89),11)+$B$14*INDEX(CHOOSE(MATCH(Inputs!$C$4,{"CIE 1931 2deg","CIE 1964 10deg","CIE 2015 2deg","Pasted below"},0),Tables!$C$5:$C$85,Tables!$F$5:$F$85,Tables!$I$5:$I$85,Inputs!$D$9:$D$89),11)+$C$14*INDEX(CHOOSE(MATCH(Inputs!$C$4,{"CIE 1931 2deg","CIE 1964 10deg","CIE 2015 2deg","Pasted below"},0),Tables!$D$5:$D$85,Tables!$G$5:$G$85,Tables!$J$5:$J$85,Inputs!$E$9:$E$89),11) | K15: =$A$15*INDEX(CHOOSE(MATCH(Inputs!$C$4,{"CIE 1931 2deg","CIE 1964 10deg","CIE 2015 2deg","Pasted below"},0),Tables!$B$5:$B$85,Tables!$E$5:$E$85,Tables!$H$5:$H$85,Inputs!$C$9:$C$89),11)+$B$15*INDEX(CHOOSE(MATCH(Inputs!$C$4,{"CIE 1931 2deg","CIE 1964 10deg","CIE 2015 2deg","Pasted below"},0),Tables!$C$5:$C$85,Tables!$F$5:$F$85,Tables!$I$5:$I$85,Inputs!$D$9:$D$89),11)+$C$15*INDEX(CHOOSE(MATCH(Inputs!$C$4,{"CIE 1931 2deg","CIE 1964 10deg","CIE 2015 2deg","Pasted below"},0),Tables!$D$5:$D$85,Tables!$G$5:$G$85,Tables!$J$5:$J$85,Inputs!$E$9:$E$89),11) | L15: =$A$16*INDEX(CHOOSE(MATCH(Inputs!$C$4,{"CIE 1931 2deg","CIE 1964 10deg","CIE 2015 2deg","Pasted below"},0),Tables!$B$5:$B$85,Tables!$E$5:$E$85,Tables!$H$5:$H$85,Inputs!$C$9:$C$89),11)+$B$16*INDEX(CHOOSE(MATCH(Inputs!$C$4,{"CIE 1931 2deg","CIE 1964 10deg","CIE 2015 2deg","Pasted below"},0),Tables!$C$5:$C$85,Tables!$F$5:$F$85,Tables!$I$5:$I$85,Inputs!$D$9:$D$89),11)+$C$16*INDEX(CHOOSE(MATCH(Inputs!$C$4,{"CIE 1931 2deg","CIE 1964 10deg","CIE 2015 2deg","Pasted below"},0),Tables!$D$5:$D$85,Tables!$G$5:$G$85,Tables!$J$5:$J$85,Inputs!$E$9:$E$89),11)
A16: =Destination!$B$65*Source!$B$59+Destination!$C$65*Source!$B$60+Destination!$D$65*Source!$B$61 | B16: =Destination!$B$65*Source!$C$59+Destination!$C$65*Source!$C$60+Destination!$D$65*Source!$C$61 | C16: =Destination!$B$65*Source!$D$59+Destination!$C$65*Source!$D$60+Destination!$D$65*Source!$D$61 | E16: =Source!$B$65*Destination!$B$59+Source!$C$65*Destination!$B$60+Source!$D$65*Destination!$B$61 | F16: =Source!$B$65*Destination!$C$59+Source!$C$65*Destination!$C$60+Source!$D$65*Destination!$C$61 | G16: =Source!$B$65*Destination!$D$59+Source!$C$65*Destination!$D$60+Source!$D$65*Destination!$D$61 | I16: 435 | J16: =$A$14*INDEX(CHOOSE(MATCH(Inputs!$C$4,{"CIE 1931 2deg","CIE 1964 10deg","CIE 2015 2deg","Pasted below"},0),Tables!$B$5:$B$85,Tables!$E$5:$E$85,Tables!$H$5:$H$85,Inputs!$C$9:$C$89),12)+$B$14*INDEX(CHOOSE(MATCH(Inputs!$C$4,{"CIE 1931 2deg","CIE 1964 10deg","CIE 2015 2deg","Pasted below"},0),Tables!$C$5:$C$85,Tables!$F$5:$F$85,Tables!$I$5:$I$85,Inputs!$D$9:$D$89),12)+$C$14*INDEX(CHOOSE(MATCH(Inputs!$C$4,{"CIE 1931 2deg","CIE 1964 10deg","CIE 2015 2deg","Pasted below"},0),Tables!$D$5:$D$85,Tables!$G$5:$G$85,Tables!$J$5:$J$85,Inputs!$E$9:$E$89),12) | K16: =$A$15*INDEX(CHOOSE(MATCH(Inputs!$C$4,{"CIE 1931 2deg","CIE 1964 10deg","CIE 2015 2deg","Pasted below"},0),Tables!$B$5:$B$85,Tables!$E$5:$E$85,Tables!$H$5:$H$85,Inputs!$C$9:$C$89),12)+$B$15*INDEX(CHOOSE(MATCH(Inputs!$C$4,{"CIE 1931 2deg","CIE 1964 10deg","CIE 2015 2deg","Pasted below"},0),Tables!$C$5:$C$85,Tables!$F$5:$F$85,Tables!$I$5:$I$85,Inputs!$D$9:$D$89),12)+$C$15*INDEX(CHOOSE(MATCH(Inputs!$C$4,{"CIE 1931 2deg","CIE 1964 10deg","CIE 2015 2deg","Pasted below"},0),Tables!$D$5:$D$85,Tables!$G$5:$G$85,Tables!$J$5:$J$85,Inputs!$E$9:$E$89),12) | L16: =$A$16*INDEX(CHOOSE(MATCH(Inputs!$C$4,{"CIE 1931 2deg","CIE 1964 10deg","CIE 2015 2deg","Pasted below"},0),Tables!$B$5:$B$85,Tables!$E$5:$E$85,Tables!$H$5:$H$85,Inputs!$C$9:$C$89),12)+$B$16*INDEX(CHOOSE(MATCH(Inputs!$C$4,{"CIE 1931 2deg","CIE 1964 10deg","CIE 2015 2deg","Pasted below"},0),Tables!$C$5:$C$85,Tables!$F$5:$F$85,Tables!$I$5:$I$85,Inputs!$D$9:$D$89),12)+$C$16*INDEX(CHOOSE(MATCH(Inputs!$C$4,{"CIE 1931 2deg","CIE 1964 10deg","CIE 2015 2deg","Pasted below"},0),Tables!$D$5:$D$85,Tables!$G$5:$G$85,Tables!$J$5:$J$85,Inputs!$E$9:$E$89),12)
I17: 440 | J17: =$A$14*INDEX(CHOOSE(MATCH(Inputs!$C$4,{"CIE 1931 2deg","CIE 1964 10deg","CIE 2015 2deg","Pasted below"},0),Tables!$B$5:$B$85,Tables!$E$5:$E$85,Tables!$H$5:$H$85,Inputs!$C$9:$C$89),13)+$B$14*INDEX(CHOOSE(MATCH(Inputs!$C$4,{"CIE 1931 2deg","CIE 1964 10deg","CIE 2015 2deg","Pasted below"},0),Tables!$C$5:$C$85,Tables!$F$5:$F$85,Tables!$I$5:$I$85,Inputs!$D$9:$D$89),13)+$C$14*INDEX(CHOOSE(MATCH(Inputs!$C$4,{"CIE 1931 2deg","CIE 1964 10deg","CIE 2015 2deg","Pasted below"},0),Tables!$D$5:$D$85,Tables!$G$5:$G$85,Tables!$J$5:$J$85,Inputs!$E$9:$E$89),13) | K17: =$A$15*INDEX(CHOOSE(MATCH(Inputs!$C$4,{"CIE 1931 2deg","CIE 1964 10deg","CIE 2015 2deg","Pasted below"},0),Tables!$B$5:$B$85,Tables!$E$5:$E$85,Tables!$H$5:$H$85,Inputs!$C$9:$C$89),13)+$B$15*INDEX(CHOOSE(MATCH(Inputs!$C$4,{"CIE 1931 2deg","CIE 1964 10deg","CIE 2015 2deg","Pasted below"},0),Tables!$C$5:$C$85,Tables!$F$5:$F$85,Tables!$I$5:$I$85,Inputs!$D$9:$D$89),13)+$C$15*INDEX(CHOOSE(MATCH(Inputs!$C$4,{"CIE 1931 2deg","CIE 1964 10deg","CIE 2015 2deg","Pasted below"},0),Tables!$D$5:$D$85,Tables!$G$5:$G$85,Tables!$J$5:$J$85,Inputs!$E$9:$E$89),13) | L17: =$A$16*INDEX(CHOOSE(MATCH(Inputs!$C$4,{"CIE 1931 2deg","CIE 1964 10deg","CIE 2015 2deg","Pasted below"},0),Tables!$B$5:$B$85,Tables!$E$5:$E$85,Tables!$H$5:$H$85,Inputs!$C$9:$C$89),13)+$B$16*INDEX(CHOOSE(MATCH(Inputs!$C$4,{"CIE 1931 2deg","CIE 1964 10deg","CIE 2015 2deg","Pasted below"},0),Tables!$C$5:$C$85,Tables!$F$5:$F$85,Tables!$I$5:$I$85,Inputs!$D$9:$D$89),13)+$C$16*INDEX(CHOOSE(MATCH(Inputs!$C$4,{"CIE 1931 2deg","CIE 1964 10deg","CIE 2015 2deg","Pasted below"},0),Tables!$D$5:$D$85,Tables!$G$5:$G$85,Tables!$J$5:$J$85,Inputs!$E$9:$E$89),13)
A18: XYZ converter: source XYZ in, destination XYZ out | I18: 445 | J18: =$A$14*INDEX(CHOOSE(MATCH(Inputs!$C$4,{"CIE 1931 2deg","CIE 1964 10deg","CIE 2015 2deg","Pasted below"},0),Tables!$B$5:$B$85,Tables!$E$5:$E$85,Tables!$H$5:$H$85,Inputs!$C$9:$C$89),14)+$B$14*INDEX(CHOOSE(MATCH(Inputs!$C$4,{"CIE 1931 2deg","CIE 1964 10deg","CIE 2015 2deg","Pasted below"},0),Tables!$C$5:$C$85,Tables!$F$5:$F$85,Tables!$I$5:$I$85,Inputs!$D$9:$D$89),14)+$C$14*INDEX(CHOOSE(MATCH(Inputs!$C$4,{"CIE 1931 2deg","CIE 1964 10deg","CIE 2015 2deg","Pasted below"},0),Tables!$D$5:$D$85,Tables!$G$5:$G$85,Tables!$J$5:$J$85,Inputs!$E$9:$E$89),14) | K18: =$A$15*INDEX(CHOOSE(MATCH(Inputs!$C$4,{"CIE 1931 2deg","CIE 1964 10deg","CIE 2015 2deg","Pasted below"},0),Tables!$B$5:$B$85,Tables!$E$5:$E$85,Tables!$H$5:$H$85,Inputs!$C$9:$C$89),14)+$B$15*INDEX(CHOOSE(MATCH(Inputs!$C$4,{"CIE 1931 2deg","CIE 1964 10deg","CIE 2015 2deg","Pasted below"},0),Tables!$C$5:$C$85,Tables!$F$5:$F$85,Tables!$I$5:$I$85,Inputs!$D$9:$D$89),14)+$C$15*INDEX(CHOOSE(MATCH(Inputs!$C$4,{"CIE 1931 2deg","CIE 1964 10deg","CIE 2015 2deg","Pasted below"},0),Tables!$D$5:$D$85,Tables!$G$5:$G$85,Tables!$J$5:$J$85,Inputs!$E$9:$E$89),14) | L18: =$A$16*INDEX(CHOOSE(MATCH(Inputs!$C$4,{"CIE 1931 2deg","CIE 1964 10deg","CIE 2015 2deg","Pasted below"},0),Tables!$B$5:$B$85,Tables!$E$5:$E$85,Tables!$H$5:$H$85,Inputs!$C$9:$C$89),14)+$B$16*INDEX(CHOOSE(MATCH(Inputs!$C$4,{"CIE 1931 2deg","CIE 1964 10deg","CIE 2015 2deg","Pasted below"},0),Tables!$C$5:$C$85,Tables!$F$5:$F$85,Tables!$I$5:$I$85,Inputs!$D$9:$D$89),14)+$C$16*INDEX(CHOOSE(MATCH(Inputs!$C$4,{"CIE 1931 2deg","CIE 1964 10deg","CIE 2015 2deg","Pasted below"},0),Tables!$D$5:$D$85,Tables!$G$5:$G$85,Tables!$J$5:$J$85,Inputs!$E$9:$E$89),14)
A19: X | B19: Y | C19: Z | E19: X dest | F19: Y dest | G19: Z dest | I19: 450 | J19: =$A$14*INDEX(CHOOSE(MATCH(Inputs!$C$4,{"CIE 1931 2deg","CIE 1964 10deg","CIE 2015 2deg","Pasted below"},0),Tables!$B$5:$B$85,Tables!$E$5:$E$85,Tables!$H$5:$H$85,Inputs!$C$9:$C$89),15)+$B$14*INDEX(CHOOSE(MATCH(Inputs!$C$4,{"CIE 1931 2deg","CIE 1964 10deg","CIE 2015 2deg","Pasted below"},0),Tables!$C$5:$C$85,Tables!$F$5:$F$85,Tables!$I$5:$I$85,Inputs!$D$9:$D$89),15)+$C$14*INDEX(CHOOSE(MATCH(Inputs!$C$4,{"CIE 1931 2deg","CIE 1964 10deg","CIE 2015 2deg","Pasted below"},0),Tables!$D$5:$D$85,Tables!$G$5:$G$85,Tables!$J$5:$J$85,Inputs!$E$9:$E$89),15) | K19: =$A$15*INDEX(CHOOSE(MATCH(Inputs!$C$4,{"CIE 1931 2deg","CIE 1964 10deg","CIE 2015 2deg","Pasted below"},0),Tables!$B$5:$B$85,Tables!$E$5:$E$85,Tables!$H$5:$H$85,Inputs!$C$9:$C$89),15)+$B$15*INDEX(CHOOSE(MATCH(Inputs!$C$4,{"CIE 1931 2deg","CIE 1964 10deg","CIE 2015 2deg","Pasted below"},0),Tables!$C$5:$C$85,Tables!$F$5:$F$85,Tables!$I$5:$I$85,Inputs!$D$9:$D$89),15)+$C$15*INDEX(CHOOSE(MATCH(Inputs!$C$4,{"CIE 1931 2deg","CIE 1964 10deg","CIE 2015 2deg","Pasted below"},0),Tables!$D$5:$D$85,Tables!$G$5:$G$85,Tables!$J$5:$J$85,Inputs!$E$9:$E$89),15) | L19: =$A$16*INDEX(CHOOSE(MATCH(Inputs!$C$4,{"CIE 1931 2deg","CIE 1964 10deg","CIE 2015 2deg","Pasted below"},0),Tables!$B$5:$B$85,Tables!$E$5:$E$85,Tables!$H$5:$H$85,Inputs!$C$9:$C$89),15)+$B$16*INDEX(CHOOSE(MATCH(Inputs!$C$4,{"CIE 1931 2deg","CIE 1964 10deg","CIE 2015 2deg","Pasted below"},0),Tables!$C$5:$C$85,Tables!$F$5:$F$85,Tables!$I$5:$I$85,Inputs!$D$9:$D$89),15)+$C$16*INDEX(CHOOSE(MATCH(Inputs!$C$4,{"CIE 1931 2deg","CIE 1964 10deg","CIE 2015 2deg","Pasted below"},0),Tables!$D$5:$D$85,Tables!$G$5:$G$85,Tables!$J$5:$J$85,Inputs!$E$9:$E$89),15)
E20: =IF($A20="","",$A$14*A20+$B$14*B20+$C$14*C20) | F20: =IF($A20="","",$A$15*A20+$B$15*B20+$C$15*C20) | G20: =IF($A20="","",$A$16*A20+$B$16*B20+$C$16*C20) | I20: 455 | J20: =$A$14*INDEX(CHOOSE(MATCH(Inputs!$C$4,{"CIE 1931 2deg","CIE 1964 10deg","CIE 2015 2deg","Pasted below"},0),Tables!$B$5:$B$85,Tables!$E$5:$E$85,Tables!$H$5:$H$85,Inputs!$C$9:$C$89),16)+$B$14*INDEX(CHOOSE(MATCH(Inputs!$C$4,{"CIE 1931 2deg","CIE 1964 10deg","CIE 2015 2deg","Pasted below"},0),Tables!$C$5:$C$85,Tables!$F$5:$F$85,Tables!$I$5:$I$85,Inputs!$D$9:$D$89),16)+$C$14*INDEX(CHOOSE(MATCH(Inputs!$C$4,{"CIE 1931 2deg","CIE 1964 10deg","CIE 2015 2deg","Pasted below"},0),Tables!$D$5:$D$85,Tables!$G$5:$G$85,Tables!$J$5:$J$85,Inputs!$E$9:$E$89),16) | K20: =$A$15*INDEX(CHOOSE(MATCH(Inputs!$C$4,{"CIE 1931 2deg","CIE 1964 10deg","CIE 2015 2deg","Pasted below"},0),Tables!$B$5:$B$85,Tables!$E$5:$E$85,Tables!$H$5:$H$85,Inputs!$C$9:$C$89),16)+$B$15*INDEX(CHOOSE(MATCH(Inputs!$C$4,{"CIE 1931 2deg","CIE 1964 10deg","CIE 2015 2deg","Pasted below"},0),Tables!$C$5:$C$85,Tables!$F$5:$F$85,Tables!$I$5:$I$85,Inputs!$D$9:$D$89),16)+$C$15*INDEX(CHOOSE(MATCH(Inputs!$C$4,{"CIE 1931 2deg","CIE 1964 10deg","CIE 2015 2deg","Pasted below"},0),Tables!$D$5:$D$85,Tables!$G$5:$G$85,Tables!$J$5:$J$85,Inputs!$E$9:$E$89),16) | L20: =$A$16*INDEX(CHOOSE(MATCH(Inputs!$C$4,{"CIE 1931 2deg","CIE 1964 10deg","CIE 2015 2deg","Pasted below"},0),Tables!$B$5:$B$85,Tables!$E$5:$E$85,Tables!$H$5:$H$85,Inputs!$C$9:$C$89),16)+$B$16*INDEX(CHOOSE(MATCH(Inputs!$C$4,{"CIE 1931 2deg","CIE 1964 10deg","CIE 2015 2deg","Pasted below"},0),Tables!$C$5:$C$85,Tables!$F$5:$F$85,Tables!$I$5:$I$85,Inputs!$D$9:$D$89),16)+$C$16*INDEX(CHOOSE(MATCH(Inputs!$C$4,{"CIE 1931 2deg","CIE 1964 10deg","CIE 2015 2deg","Pasted below"},0),Tables!$D$5:$D$85,Tables!$G$5:$G$85,Tables!$J$5:$J$85,Inputs!$E$9:$E$89),16)
E21: =IF($A21="","",$A$14*A21+$B$14*B21+$C$14*C21) | F21: =IF($A21="","",$A$15*A21+$B$15*B21+$C$15*C21) | G21: =IF($A21="","",$A$16*A21+$B$16*B21+$C$16*C21) | I21: 460 | J21: =$A$14*INDEX(CHOOSE(MATCH(Inputs!$C$4,{"CIE 1931 2deg","CIE 1964 10deg","CIE 2015 2deg","Pasted below"},0),Tables!$B$5:$B$85,Tables!$E$5:$E$85,Tables!$H$5:$H$85,Inputs!$C$9:$C$89),17)+$B$14*INDEX(CHOOSE(MATCH(Inputs!$C$4,{"CIE 1931 2deg","CIE 1964 10deg","CIE 2015 2deg","Pasted below"},0),Tables!$C$5:$C$85,Tables!$F$5:$F$85,Tables!$I$5:$I$85,Inputs!$D$9:$D$89),17)+$C$14*INDEX(CHOOSE(MATCH(Inputs!$C$4,{"CIE 1931 2deg","CIE 1964 10deg","CIE 2015 2deg","Pasted below"},0),Tables!$D$5:$D$85,Tables!$G$5:$G$85,Tables!$J$5:$J$85,Inputs!$E$9:$E$89),17) | K21: =$A$15*INDEX(CHOOSE(MATCH(Inputs!$C$4,{"CIE 1931 2deg","CIE 1964 10deg","CIE 2015 2deg","Pasted below"},0),Tables!$B$5:$B$85,Tables!$E$5:$E$85,Tables!$H$5:$H$85,Inputs!$C$9:$C$89),17)+$B$15*INDEX(CHOOSE(MATCH(Inputs!$C$4,{"CIE 1931 2deg","CIE 1964 10deg","CIE 2015 2deg","Pasted below"},0),Tables!$C$5:$C$85,Tables!$F$5:$F$85,Tables!$I$5:$I$85,Inputs!$D$9:$D$89),17)+$C$15*INDEX(CHOOSE(MATCH(Inputs!$C$4,{"CIE 1931 2deg","CIE 1964 10deg","CIE 2015 2deg","Pasted below"},0),Tables!$D$5:$D$85,Tables!$G$5:$G$85,Tables!$J$5:$J$85,Inputs!$E$9:$E$89),17) | L21: =$A$16*INDEX(CHOOSE(MATCH(Inputs!$C$4,{"CIE 1931 2deg","CIE 1964 10deg","CIE 2015 2deg","Pasted below"},0),Tables!$B$5:$B$85,Tables!$E$5:$E$85,Tables!$H$5:$H$85,Inputs!$C$9:$C$89),17)+$B$16*INDEX(CHOOSE(MATCH(Inputs!$C$4,{"CIE 1931 2deg","CIE 1964 10deg","CIE 2015 2deg","Pasted below"},0),Tables!$C$5:$C$85,Tables!$F$5:$F$85,Tables!$I$5:$I$85,Inputs!$D$9:$D$89),17)+$C$16*INDEX(CHOOSE(MATCH(Inputs!$C$4,{"CIE 1931 2deg","CIE 1964 10deg","CIE 2015 2deg","Pasted below"},0),Tables!$D$5:$D$85,Tables!$G$5:$G$85,Tables!$J$5:$J$85,Inputs!$E$9:$E$89),17)
E22: =IF($A22="","",$A$14*A22+$B$14*B22+$C$14*C22) | F22: =IF($A22="","",$A$15*A22+$B$15*B22+$C$15*C22) | G22: =IF($A22="","",$A$16*A22+$B$16*B22+$C$16*C22) | I22: 465 | J22: =$A$14*INDEX(CHOOSE(MATCH(Inputs!$C$4,{"CIE 1931 2deg","CIE 1964 10deg","CIE 2015 2deg","Pasted below"},0),Tables!$B$5:$B$85,Tables!$E$5:$E$85,Tables!$H$5:$H$85,Inputs!$C$9:$C$89),18)+$B$14*INDEX(CHOOSE(MATCH(Inputs!$C$4,{"CIE 1931 2deg","CIE 1964 10deg","CIE 2015 2deg","Pasted below"},0),Tables!$C$5:$C$85,Tables!$F$5:$F$85,Tables!$I$5:$I$85,Inputs!$D$9:$D$89),18)+$C$14*INDEX(CHOOSE(MATCH(Inputs!$C$4,{"CIE 1931 2deg","CIE 1964 10deg","CIE 2015 2deg","Pasted below"},0),Tables!$D$5:$D$85,Tables!$G$5:$G$85,Tables!$J$5:$J$85,Inputs!$E$9:$E$89),18) | K22: =$A$15*INDEX(CHOOSE(MATCH(Inputs!$C$4,{"CIE 1931 2deg","CIE 1964 10deg","CIE 2015 2deg","Pasted below"},0),Tables!$B$5:$B$85,Tables!$E$5:$E$85,Tables!$H$5:$H$85,Inputs!$C$9:$C$89),18)+$B$15*INDEX(CHOOSE(MATCH(Inputs!$C$4,{"CIE 1931 2deg","CIE 1964 10deg","CIE 2015 2deg","Pasted below"},0),Tables!$C$5:$C$85,Tables!$F$5:$F$85,Tables!$I$5:$I$85,Inputs!$D$9:$D$89),18)+$C$15*INDEX(CHOOSE(MATCH(Inputs!$C$4,{"CIE 1931 2deg","CIE 1964 10deg","CIE 2015 2deg","Pasted below"},0),Tables!$D$5:$D$85,Tables!$G$5:$G$85,Tables!$J$5:$J$85,Inputs!$E$9:$E$89),18) | L22: =$A$16*INDEX(CHOOSE(MATCH(Inputs!$C$4,{"CIE 1931 2deg","CIE 1964 10deg","CIE 2015 2deg","Pasted below"},0),Tables!$B$5:$B$85,Tables!$E$5:$E$85,Tables!$H$5:$H$85,Inputs!$C$9:$C$89),18)+$B$16*INDEX(CHOOSE(MATCH(Inputs!$C$4,{"CIE 1931 2deg","CIE 1964 10deg","CIE 2015 2deg","Pasted below"},0),Tables!$C$5:$C$85,Tables!$F$5:$F$85,Tables!$I$5:$I$85,Inputs!$D$9:$D$89),18)+$C$16*INDEX(CHOOSE(MATCH(Inputs!$C$4,{"CIE 1931 2deg","CIE 1964 10deg","CIE 2015 2deg","Pasted below"},0),Tables!$D$5:$D$85,Tables!$G$5:$G$85,Tables!$J$5:$J$85,Inputs!$E$9:$E$89),18)
E23: =IF($A23="","",$A$14*A23+$B$14*B23+$C$14*C23) | F23: =IF($A23="","",$A$15*A23+$B$15*B23+$C$15*C23) | G23: =IF($A23="","",$A$16*A23+$B$16*B23+$C$16*C23) | I23: 470 | J23: =$A$14*INDEX(CHOOSE(MATCH(Inputs!$C$4,{"CIE 1931 2deg","CIE 1964 10deg","CIE 2015 2deg","Pasted below"},0),Tables!$B$5:$B$85,Tables!$E$5:$E$85,Tables!$H$5:$H$85,Inputs!$C$9:$C$89),19)+$B$14*INDEX(CHOOSE(MATCH(Inputs!$C$4,{"CIE 1931 2deg","CIE 1964 10deg","CIE 2015 2deg","Pasted below"},0),Tables!$C$5:$C$85,Tables!$F$5:$F$85,Tables!$I$5:$I$85,Inputs!$D$9:$D$89),19)+$C$14*INDEX(CHOOSE(MATCH(Inputs!$C$4,{"CIE 1931 2deg","CIE 1964 10deg","CIE 2015 2deg","Pasted below"},0),Tables!$D$5:$D$85,Tables!$G$5:$G$85,Tables!$J$5:$J$85,Inputs!$E$9:$E$89),19) | K23: =$A$15*INDEX(CHOOSE(MATCH(Inputs!$C$4,{"CIE 1931 2deg","CIE 1964 10deg","CIE 2015 2deg","Pasted below"},0),Tables!$B$5:$B$85,Tables!$E$5:$E$85,Tables!$H$5:$H$85,Inputs!$C$9:$C$89),19)+$B$15*INDEX(CHOOSE(MATCH(Inputs!$C$4,{"CIE 1931 2deg","CIE 1964 10deg","CIE 2015 2deg","Pasted below"},0),Tables!$C$5:$C$85,Tables!$F$5:$F$85,Tables!$I$5:$I$85,Inputs!$D$9:$D$89),19)+$C$15*INDEX(CHOOSE(MATCH(Inputs!$C$4,{"CIE 1931 2deg","CIE 1964 10deg","CIE 2015 2deg","Pasted below"},0),Tables!$D$5:$D$85,Tables!$G$5:$G$85,Tables!$J$5:$J$85,Inputs!$E$9:$E$89),19) | L23: =$A$16*INDEX(CHOOSE(MATCH(Inputs!$C$4,{"CIE 1931 2deg","CIE 1964 10deg","CIE 2015 2deg","Pasted below"},0),Tables!$B$5:$B$85,Tables!$E$5:$E$85,Tables!$H$5:$H$85,Inputs!$C$9:$C$89),19)+$B$16*INDEX(CHOOSE(MATCH(Inputs!$C$4,{"CIE 1931 2deg","CIE 1964 10deg","CIE 2015 2deg","Pasted below"},0),Tables!$C$5:$C$85,Tables!$F$5:$F$85,Tables!$I$5:$I$85,Inputs!$D$9:$D$89),19)+$C$16*INDEX(CHOOSE(MATCH(Inputs!$C$4,{"CIE 1931 2deg","CIE 1964 10deg","CIE 2015 2deg","Pasted below"},0),Tables!$D$5:$D$85,Tables!$G$5:$G$85,Tables!$J$5:$J$85,Inputs!$E$9:$E$89),19)
E24: =IF($A24="","",$A$14*A24+$B$14*B24+$C$14*C24) | F24: =IF($A24="","",$A$15*A24+$B$15*B24+$C$15*C24) | G24: =IF($A24="","",$A$16*A24+$B$16*B24+$C$16*C24) | I24: 475 | J24: =$A$14*INDEX(CHOOSE(MATCH(Inputs!$C$4,{"CIE 1931 2deg","CIE 1964 10deg","CIE 2015 2deg","Pasted below"},0),Tables!$B$5:$B$85,Tables!$E$5:$E$85,Tables!$H$5:$H$85,Inputs!$C$9:$C$89),20)+$B$14*INDEX(CHOOSE(MATCH(Inputs!$C$4,{"CIE 1931 2deg","CIE 1964 10deg","CIE 2015 2deg","Pasted below"},0),Tables!$C$5:$C$85,Tables!$F$5:$F$85,Tables!$I$5:$I$85,Inputs!$D$9:$D$89),20)+$C$14*INDEX(CHOOSE(MATCH(Inputs!$C$4,{"CIE 1931 2deg","CIE 1964 10deg","CIE 2015 2deg","Pasted below"},0),Tables!$D$5:$D$85,Tables!$G$5:$G$85,Tables!$J$5:$J$85,Inputs!$E$9:$E$89),20) | K24: =$A$15*INDEX(CHOOSE(MATCH(Inputs!$C$4,{"CIE 1931 2deg","CIE 1964 10deg","CIE 2015 2deg","Pasted below"},0),Tables!$B$5:$B$85,Tables!$E$5:$E$85,Tables!$H$5:$H$85,Inputs!$C$9:$C$89),20)+$B$15*INDEX(CHOOSE(MATCH(Inputs!$C$4,{"CIE 1931 2deg","CIE 1964 10deg","CIE 2015 2deg","Pasted below"},0),Tables!$C$5:$C$85,Tables!$F$5:$F$85,Tables!$I$5:$I$85,Inputs!$D$9:$D$89),20)+$C$15*INDEX(CHOOSE(MATCH(Inputs!$C$4,{"CIE 1931 2deg","CIE 1964 10deg","CIE 2015 2deg","Pasted below"},0),Tables!$D$5:$D$85,Tables!$G$5:$G$85,Tables!$J$5:$J$85,Inputs!$E$9:$E$89),20) | L24: =$A$16*INDEX(CHOOSE(MATCH(Inputs!$C$4,{"CIE 1931 2deg","CIE 1964 10deg","CIE 2015 2deg","Pasted below"},0),Tables!$B$5:$B$85,Tables!$E$5:$E$85,Tables!$H$5:$H$85,Inputs!$C$9:$C$89),20)+$B$16*INDEX(CHOOSE(MATCH(Inputs!$C$4,{"CIE 1931 2deg","CIE 1964 10deg","CIE 2015 2deg","Pasted below"},0),Tables!$C$5:$C$85,Tables!$F$5:$F$85,Tables!$I$5:$I$85,Inputs!$D$9:$D$89),20)+$C$16*INDEX(CHOOSE(MATCH(Inputs!$C$4,{"CIE 1931 2deg","CIE 1964 10deg","CIE 2015 2deg","Pasted below"},0),Tables!$D$5:$D$85,Tables!$G$5:$G$85,Tables!$J$5:$J$85,Inputs!$E$9:$E$89),20)
E25: =IF($A25="","",$A$14*A25+$B$14*B25+$C$14*C25) | F25: =IF($A25="","",$A$15*A25+$B$15*B25+$C$15*C25) | G25: =IF($A25="","",$A$16*A25+$B$16*B25+$C$16*C25) | I25: 480 | J25: =$A$14*INDEX(CHOOSE(MATCH(Inputs!$C$4,{"CIE 1931 2deg","CIE 1964 10deg","CIE 2015 2deg","Pasted below"},0),Tables!$B$5:$B$85,Tables!$E$5:$E$85,Tables!$H$5:$H$85,Inputs!$C$9:$C$89),21)+$B$14*INDEX(CHOOSE(MATCH(Inputs!$C$4,{"CIE 1931 2deg","CIE 1964 10deg","CIE 2015 2deg","Pasted below"},0),Tables!$C$5:$C$85,Tables!$F$5:$F$85,Tables!$I$5:$I$85,Inputs!$D$9:$D$89),21)+$C$14*INDEX(CHOOSE(MATCH(Inputs!$C$4,{"CIE 1931 2deg","CIE 1964 10deg","CIE 2015 2deg","Pasted below"},0),Tables!$D$5:$D$85,Tables!$G$5:$G$85,Tables!$J$5:$J$85,Inputs!$E$9:$E$89),21) | K25: =$A$15*INDEX(CHOOSE(MATCH(Inputs!$C$4,{"CIE 1931 2deg","CIE 1964 10deg","CIE 2015 2deg","Pasted below"},0),Tables!$B$5:$B$85,Tables!$E$5:$E$85,Tables!$H$5:$H$85,Inputs!$C$9:$C$89),21)+$B$15*INDEX(CHOOSE(MATCH(Inputs!$C$4,{"CIE 1931 2deg","CIE 1964 10deg","CIE 2015 2deg","Pasted below"},0),Tables!$C$5:$C$85,Tables!$F$5:$F$85,Tables!$I$5:$I$85,Inputs!$D$9:$D$89),21)+$C$15*INDEX(CHOOSE(MATCH(Inputs!$C$4,{"CIE 1931 2deg","CIE 1964 10deg","CIE 2015 2deg","Pasted below"},0),Tables!$D$5:$D$85,Tables!$G$5:$G$85,Tables!$J$5:$J$85,Inputs!$E$9:$E$89),21) | L25: =$A$16*INDEX(CHOOSE(MATCH(Inputs!$C$4,{"CIE 1931 2deg","CIE 1964 10deg","CIE 2015 2deg","Pasted below"},0),Tables!$B$5:$B$85,Tables!$E$5:$E$85,Tables!$H$5:$H$85,Inputs!$C$9:$C$89),21)+$B$16*INDEX(CHOOSE(MATCH(Inputs!$C$4,{"CIE 1931 2deg","CIE 1964 10deg","CIE 2015 2deg","Pasted below"},0),Tables!$C$5:$C$85,Tables!$F$5:$F$85,Tables!$I$5:$I$85,Inputs!$D$9:$D$89),21)+$C$16*INDEX(CHOOSE(MATCH(Inputs!$C$4,{"CIE 1931 2deg","CIE 1964 10deg","CIE 2015 2deg","Pasted below"},0),Tables!$D$5:$D$85,Tables!$G$5:$G$85,Tables!$J$5:$J$85,Inputs!$E$9:$E$89),21)
E26: =IF($A26="","",$A$14*A26+$B$14*B26+$C$14*C26) | F26: =IF($A26="","",$A$15*A26+$B$15*B26+$C$15*C26) | G26: =IF($A26="","",$A$16*A26+$B$16*B26+$C$16*C26) | I26: 485 | J26: =$A$14*INDEX(CHOOSE(MATCH(Inputs!$C$4,{"CIE 1931 2deg","CIE 1964 10deg","CIE 2015 2deg","Pasted below"},0),Tables!$B$5:$B$85,Tables!$E$5:$E$85,Tables!$H$5:$H$85,Inputs!$C$9:$C$89),22)+$B$14*INDEX(CHOOSE(MATCH(Inputs!$C$4,{"CIE 1931 2deg","CIE 1964 10deg","CIE 2015 2deg","Pasted below"},0),Tables!$C$5:$C$85,Tables!$F$5:$F$85,Tables!$I$5:$I$85,Inputs!$D$9:$D$89),22)+$C$14*INDEX(CHOOSE(MATCH(Inputs!$C$4,{"CIE 1931 2deg","CIE 1964 10deg","CIE 2015 2deg","Pasted below"},0),Tables!$D$5:$D$85,Tables!$G$5:$G$85,Tables!$J$5:$J$85,Inputs!$E$9:$E$89),22) | K26: =$A$15*INDEX(CHOOSE(MATCH(Inputs!$C$4,{"CIE 1931 2deg","CIE 1964 10deg","CIE 2015 2deg","Pasted below"},0),Tables!$B$5:$B$85,Tables!$E$5:$E$85,Tables!$H$5:$H$85,Inputs!$C$9:$C$89),22)+$B$15*INDEX(CHOOSE(MATCH(Inputs!$C$4,{"CIE 1931 2deg","CIE 1964 10deg","CIE 2015 2deg","Pasted below"},0),Tables!$C$5:$C$85,Tables!$F$5:$F$85,Tables!$I$5:$I$85,Inputs!$D$9:$D$89),22)+$C$15*INDEX(CHOOSE(MATCH(Inputs!$C$4,{"CIE 1931 2deg","CIE 1964 10deg","CIE 2015 2deg","Pasted below"},0),Tables!$D$5:$D$85,Tables!$G$5:$G$85,Tables!$J$5:$J$85,Inputs!$E$9:$E$89),22) | L26: =$A$16*INDEX(CHOOSE(MATCH(Inputs!$C$4,{"CIE 1931 2deg","CIE 1964 10deg","CIE 2015 2deg","Pasted below"},0),Tables!$B$5:$B$85,Tables!$E$5:$E$85,Tables!$H$5:$H$85,Inputs!$C$9:$C$89),22)+$B$16*INDEX(CHOOSE(MATCH(Inputs!$C$4,{"CIE 1931 2deg","CIE 1964 10deg","CIE 2015 2deg","Pasted below"},0),Tables!$C$5:$C$85,Tables!$F$5:$F$85,Tables!$I$5:$I$85,Inputs!$D$9:$D$89),22)+$C$16*INDEX(CHOOSE(MATCH(Inputs!$C$4,{"CIE 1931 2deg","CIE 1964 10deg","CIE 2015 2deg","Pasted below"},0),Tables!$D$5:$D$85,Tables!$G$5:$G$85,Tables!$J$5:$J$85,Inputs!$E$9:$E$89),22)
E27: =IF($A27="","",$A$14*A27+$B$14*B27+$C$14*C27) | F27: =IF($A27="","",$A$15*A27+$B$15*B27+$C$15*C27) | G27: =IF($A27="","",$A$16*A27+$B$16*B27+$C$16*C27) | I27: 490 | J27: =$A$14*INDEX(CHOOSE(MATCH(Inputs!$C$4,{"CIE 1931 2deg","CIE 1964 10deg","CIE 2015 2deg","Pasted below"},0),Tables!$B$5:$B$85,Tables!$E$5:$E$85,Tables!$H$5:$H$85,Inputs!$C$9:$C$89),23)+$B$14*INDEX(CHOOSE(MATCH(Inputs!$C$4,{"CIE 1931 2deg","CIE 1964 10deg","CIE 2015 2deg","Pasted below"},0),Tables!$C$5:$C$85,Tables!$F$5:$F$85,Tables!$I$5:$I$85,Inputs!$D$9:$D$89),23)+$C$14*INDEX(CHOOSE(MATCH(Inputs!$C$4,{"CIE 1931 2deg","CIE 1964 10deg","CIE 2015 2deg","Pasted below"},0),Tables!$D$5:$D$85,Tables!$G$5:$G$85,Tables!$J$5:$J$85,Inputs!$E$9:$E$89),23) | K27: =$A$15*INDEX(CHOOSE(MATCH(Inputs!$C$4,{"CIE 1931 2deg","CIE 1964 10deg","CIE 2015 2deg","Pasted below"},0),Tables!$B$5:$B$85,Tables!$E$5:$E$85,Tables!$H$5:$H$85,Inputs!$C$9:$C$89),23)+$B$15*INDEX(CHOOSE(MATCH(Inputs!$C$4,{"CIE 1931 2deg","CIE 1964 10deg","CIE 2015 2deg","Pasted below"},0),Tables!$C$5:$C$85,Tables!$F$5:$F$85,Tables!$I$5:$I$85,Inputs!$D$9:$D$89),23)+$C$15*INDEX(CHOOSE(MATCH(Inputs!$C$4,{"CIE 1931 2deg","CIE 1964 10deg","CIE 2015 2deg","Pasted below"},0),Tables!$D$5:$D$85,Tables!$G$5:$G$85,Tables!$J$5:$J$85,Inputs!$E$9:$E$89),23) | L27: =$A$16*INDEX(CHOOSE(MATCH(Inputs!$C$4,{"CIE 1931 2deg","CIE 1964 10deg","CIE 2015 2deg","Pasted below"},0),Tables!$B$5:$B$85,Tables!$E$5:$E$85,Tables!$H$5:$H$85,Inputs!$C$9:$C$89),23)+$B$16*INDEX(CHOOSE(MATCH(Inputs!$C$4,{"CIE 1931 2deg","CIE 1964 10deg","CIE 2015 2deg","Pasted below"},0),Tables!$C$5:$C$85,Tables!$F$5:$F$85,Tables!$I$5:$I$85,Inputs!$D$9:$D$89),23)+$C$16*INDEX(CHOOSE(MATCH(Inputs!$C$4,{"CIE 1931 2deg","CIE 1964 10deg","CIE 2015 2deg","Pasted below"},0),Tables!$D$5:$D$85,Tables!$G$5:$G$85,Tables!$J$5:$J$85,Inputs!$E$9:$E$89),23)
E28: =IF($A28="","",$A$14*A28+$B$14*B28+$C$14*C28) | F28: =IF($A28="","",$A$15*A28+$B$15*B28+$C$15*C28) | G28: =IF($A28="","",$A$16*A28+$B$16*B28+$C$16*C28) | I28: 495 | J28: =$A$14*INDEX(CHOOSE(MATCH(Inputs!$C$4,{"CIE 1931 2deg","CIE 1964 10deg","CIE 2015 2deg","Pasted below"},0),Tables!$B$5:$B$85,Tables!$E$5:$E$85,Tables!$H$5:$H$85,Inputs!$C$9:$C$89),24)+$B$14*INDEX(CHOOSE(MATCH(Inputs!$C$4,{"CIE 1931 2deg","CIE 1964 10deg","CIE 2015 2deg","Pasted below"},0),Tables!$C$5:$C$85,Tables!$F$5:$F$85,Tables!$I$5:$I$85,Inputs!$D$9:$D$89),24)+$C$14*INDEX(CHOOSE(MATCH(Inputs!$C$4,{"CIE 1931 2deg","CIE 1964 10deg","CIE 2015 2deg","Pasted below"},0),Tables!$D$5:$D$85,Tables!$G$5:$G$85,Tables!$J$5:$J$85,Inputs!$E$9:$E$89),24) | K28: =$A$15*INDEX(CHOOSE(MATCH(Inputs!$C$4,{"CIE 1931 2deg","CIE 1964 10deg","CIE 2015 2deg","Pasted below"},0),Tables!$B$5:$B$85,Tables!$E$5:$E$85,Tables!$H$5:$H$85,Inputs!$C$9:$C$89),24)+$B$15*INDEX(CHOOSE(MATCH(Inputs!$C$4,{"CIE 1931 2deg","CIE 1964 10deg","CIE 2015 2deg","Pasted below"},0),Tables!$C$5:$C$85,Tables!$F$5:$F$85,Tables!$I$5:$I$85,Inputs!$D$9:$D$89),24)+$C$15*INDEX(CHOOSE(MATCH(Inputs!$C$4,{"CIE 1931 2deg","CIE 1964 10deg","CIE 2015 2deg","Pasted below"},0),Tables!$D$5:$D$85,Tables!$G$5:$G$85,Tables!$J$5:$J$85,Inputs!$E$9:$E$89),24) | L28: =$A$16*INDEX(CHOOSE(MATCH(Inputs!$C$4,{"CIE 1931 2deg","CIE 1964 10deg","CIE 2015 2deg","Pasted below"},0),Tables!$B$5:$B$85,Tables!$E$5:$E$85,Tables!$H$5:$H$85,Inputs!$C$9:$C$89),24)+$B$16*INDEX(CHOOSE(MATCH(Inputs!$C$4,{"CIE 1931 2deg","CIE 1964 10deg","CIE 2015 2deg","Pasted below"},0),Tables!$C$5:$C$85,Tables!$F$5:$F$85,Tables!$I$5:$I$85,Inputs!$D$9:$D$89),24)+$C$16*INDEX(CHOOSE(MATCH(Inputs!$C$4,{"CIE 1931 2deg","CIE 1964 10deg","CIE 2015 2deg","Pasted below"},0),Tables!$D$5:$D$85,Tables!$G$5:$G$85,Tables!$J$5:$J$85,Inputs!$E$9:$E$89),24)
E29: =IF($A29="","",$A$14*A29+$B$14*B29+$C$14*C29) | F29: =IF($A29="","",$A$15*A29+$B$15*B29+$C$15*C29) | G29: =IF($A29="","",$A$16*A29+$B$16*B29+$C$16*C29) | I29: 500 | J29: =$A$14*INDEX(CHOOSE(MATCH(Inputs!$C$4,{"CIE 1931 2deg","CIE 1964 10deg","CIE 2015 2deg","Pasted below"},0),Tables!$B$5:$B$85,Tables!$E$5:$E$85,Tables!$H$5:$H$85,Inputs!$C$9:$C$89),25)+$B$14*INDEX(CHOOSE(MATCH(Inputs!$C$4,{"CIE 1931 2deg","CIE 1964 10deg","CIE 2015 2deg","Pasted below"},0),Tables!$C$5:$C$85,Tables!$F$5:$F$85,Tables!$I$5:$I$85,Inputs!$D$9:$D$89),25)+$C$14*INDEX(CHOOSE(MATCH(Inputs!$C$4,{"CIE 1931 2deg","CIE 1964 10deg","CIE 2015 2deg","Pasted below"},0),Tables!$D$5:$D$85,Tables!$G$5:$G$85,Tables!$J$5:$J$85,Inputs!$E$9:$E$89),25) | K29: =$A$15*INDEX(CHOOSE(MATCH(Inputs!$C$4,{"CIE 1931 2deg","CIE 1964 10deg","CIE 2015 2deg","Pasted below"},0),Tables!$B$5:$B$85,Tables!$E$5:$E$85,Tables!$H$5:$H$85,Inputs!$C$9:$C$89),25)+$B$15*INDEX(CHOOSE(MATCH(Inputs!$C$4,{"CIE 1931 2deg","CIE 1964 10deg","CIE 2015 2deg","Pasted below"},0),Tables!$C$5:$C$85,Tables!$F$5:$F$85,Tables!$I$5:$I$85,Inputs!$D$9:$D$89),25)+$C$15*INDEX(CHOOSE(MATCH(Inputs!$C$4,{"CIE 1931 2deg","CIE 1964 10deg","CIE 2015 2deg","Pasted below"},0),Tables!$D$5:$D$85,Tables!$G$5:$G$85,Tables!$J$5:$J$85,Inputs!$E$9:$E$89),25) | L29: =$A$16*INDEX(CHOOSE(MATCH(Inputs!$C$4,{"CIE 1931 2deg","CIE 1964 10deg","CIE 2015 2deg","Pasted below"},0),Tables!$B$5:$B$85,Tables!$E$5:$E$85,Tables!$H$5:$H$85,Inputs!$C$9:$C$89),25)+$B$16*INDEX(CHOOSE(MATCH(Inputs!$C$4,{"CIE 1931 2deg","CIE 1964 10deg","CIE 2015 2deg","Pasted below"},0),Tables!$C$5:$C$85,Tables!$F$5:$F$85,Tables!$I$5:$I$85,Inputs!$D$9:$D$89),25)+$C$16*INDEX(CHOOSE(MATCH(Inputs!$C$4,{"CIE 1931 2deg","CIE 1964 10deg","CIE 2015 2deg","Pasted below"},0),Tables!$D$5:$D$85,Tables!$G$5:$G$85,Tables!$J$5:$J$85,Inputs!$E$9:$E$89),25)
I30: 505 | J30: =$A$14*INDEX(CHOOSE(MATCH(Inputs!$C$4,{"CIE 1931 2deg","CIE 1964 10deg","CIE 2015 2deg","Pasted below"},0),Tables!$B$5:$B$85,Tables!$E$5:$E$85,Tables!$H$5:$H$85,Inputs!$C$9:$C$89),26)+$B$14*INDEX(CHOOSE(MATCH(Inputs!$C$4,{"CIE 1931 2deg","CIE 1964 10deg","CIE 2015 2deg","Pasted below"},0),Tables!$C$5:$C$85,Tables!$F$5:$F$85,Tables!$I$5:$I$85,Inputs!$D$9:$D$89),26)+$C$14*INDEX(CHOOSE(MATCH(Inputs!$C$4,{"CIE 1931 2deg","CIE 1964 10deg","CIE 2015 2deg","Pasted below"},0),Tables!$D$5:$D$85,Tables!$G$5:$G$85,Tables!$J$5:$J$85,Inputs!$E$9:$E$89),26) | K30: =$A$15*INDEX(CHOOSE(MATCH(Inputs!$C$4,{"CIE 1931 2deg","CIE 1964 10deg","CIE 2015 2deg","Pasted below"},0),Tables!$B$5:$B$85,Tables!$E$5:$E$85,Tables!$H$5:$H$85,Inputs!$C$9:$C$89),26)+$B$15*INDEX(CHOOSE(MATCH(Inputs!$C$4,{"CIE 1931 2deg","CIE 1964 10deg","CIE 2015 2deg","Pasted below"},0),Tables!$C$5:$C$85,Tables!$F$5:$F$85,Tables!$I$5:$I$85,Inputs!$D$9:$D$89),26)+$C$15*INDEX(CHOOSE(MATCH(Inputs!$C$4,{"CIE 1931 2deg","CIE 1964 10deg","CIE 2015 2deg","Pasted below"},0),Tables!$D$5:$D$85,Tables!$G$5:$G$85,Tables!$J$5:$J$85,Inputs!$E$9:$E$89),26) | L30: =$A$16*INDEX(CHOOSE(MATCH(Inputs!$C$4,{"CIE 1931 2deg","CIE 1964 10deg","CIE 2015 2deg","Pasted below"},0),Tables!$B$5:$B$85,Tables!$E$5:$E$85,Tables!$H$5:$H$85,Inputs!$C$9:$C$89),26)+$B$16*INDEX(CHOOSE(MATCH(Inputs!$C$4,{"CIE 1931 2deg","CIE 1964 10deg","CIE 2015 2deg","Pasted below"},0),Tables!$C$5:$C$85,Tables!$F$5:$F$85,Tables!$I$5:$I$85,Inputs!$D$9:$D$89),26)+$C$16*INDEX(CHOOSE(MATCH(Inputs!$C$4,{"CIE 1931 2deg","CIE 1964 10deg","CIE 2015 2deg","Pasted below"},0),Tables!$D$5:$D$85,Tables!$G$5:$G$85,Tables!$J$5:$J$85,Inputs!$E$9:$E$89),26)
I31: 510 | J31: =$A$14*INDEX(CHOOSE(MATCH(Inputs!$C$4,{"CIE 1931 2deg","CIE 1964 10deg","CIE 2015 2deg","Pasted below"},0),Tables!$B$5:$B$85,Tables!$E$5:$E$85,Tables!$H$5:$H$85,Inputs!$C$9:$C$89),27)+$B$14*INDEX(CHOOSE(MATCH(Inputs!$C$4,{"CIE 1931 2deg","CIE 1964 10deg","CIE 2015 2deg","Pasted below"},0),Tables!$C$5:$C$85,Tables!$F$5:$F$85,Tables!$I$5:$I$85,Inputs!$D$9:$D$89),27)+$C$14*INDEX(CHOOSE(MATCH(Inputs!$C$4,{"CIE 1931 2deg","CIE 1964 10deg","CIE 2015 2deg","Pasted below"},0),Tables!$D$5:$D$85,Tables!$G$5:$G$85,Tables!$J$5:$J$85,Inputs!$E$9:$E$89),27) | K31: =$A$15*INDEX(CHOOSE(MATCH(Inputs!$C$4,{"CIE 1931 2deg","CIE 1964 10deg","CIE 2015 2deg","Pasted below"},0),Tables!$B$5:$B$85,Tables!$E$5:$E$85,Tables!$H$5:$H$85,Inputs!$C$9:$C$89),27)+$B$15*INDEX(CHOOSE(MATCH(Inputs!$C$4,{"CIE 1931 2deg","CIE 1964 10deg","CIE 2015 2deg","Pasted below"},0),Tables!$C$5:$C$85,Tables!$F$5:$F$85,Tables!$I$5:$I$85,Inputs!$D$9:$D$89),27)+$C$15*INDEX(CHOOSE(MATCH(Inputs!$C$4,{"CIE 1931 2deg","CIE 1964 10deg","CIE 2015 2deg","Pasted below"},0),Tables!$D$5:$D$85,Tables!$G$5:$G$85,Tables!$J$5:$J$85,Inputs!$E$9:$E$89),27) | L31: =$A$16*INDEX(CHOOSE(MATCH(Inputs!$C$4,{"CIE 1931 2deg","CIE 1964 10deg","CIE 2015 2deg","Pasted below"},0),Tables!$B$5:$B$85,Tables!$E$5:$E$85,Tables!$H$5:$H$85,Inputs!$C$9:$C$89),27)+$B$16*INDEX(CHOOSE(MATCH(Inputs!$C$4,{"CIE 1931 2deg","CIE 1964 10deg","CIE 2015 2deg","Pasted below"},0),Tables!$C$5:$C$85,Tables!$F$5:$F$85,Tables!$I$5:$I$85,Inputs!$D$9:$D$89),27)+$C$16*INDEX(CHOOSE(MATCH(Inputs!$C$4,{"CIE 1931 2deg","CIE 1964 10deg","CIE 2015 2deg","Pasted below"},0),Tables!$D$5:$D$85,Tables!$G$5:$G$85,Tables!$J$5:$J$85,Inputs!$E$9:$E$89),27)
I32: 515 | J32: =$A$14*INDEX(CHOOSE(MATCH(Inputs!$C$4,{"CIE 1931 2deg","CIE 1964 10deg","CIE 2015 2deg","Pasted below"},0),Tables!$B$5:$B$85,Tables!$E$5:$E$85,Tables!$H$5:$H$85,Inputs!$C$9:$C$89),28)+$B$14*INDEX(CHOOSE(MATCH(Inputs!$C$4,{"CIE 1931 2deg","CIE 1964 10deg","CIE 2015 2deg","Pasted below"},0),Tables!$C$5:$C$85,Tables!$F$5:$F$85,Tables!$I$5:$I$85,Inputs!$D$9:$D$89),28)+$C$14*INDEX(CHOOSE(MATCH(Inputs!$C$4,{"CIE 1931 2deg","CIE 1964 10deg","CIE 2015 2deg","Pasted below"},0),Tables!$D$5:$D$85,Tables!$G$5:$G$85,Tables!$J$5:$J$85,Inputs!$E$9:$E$89),28) | K32: =$A$15*INDEX(CHOOSE(MATCH(Inputs!$C$4,{"CIE 1931 2deg","CIE 1964 10deg","CIE 2015 2deg","Pasted below"},0),Tables!$B$5:$B$85,Tables!$E$5:$E$85,Tables!$H$5:$H$85,Inputs!$C$9:$C$89),28)+$B$15*INDEX(CHOOSE(MATCH(Inputs!$C$4,{"CIE 1931 2deg","CIE 1964 10deg","CIE 2015 2deg","Pasted below"},0),Tables!$C$5:$C$85,Tables!$F$5:$F$85,Tables!$I$5:$I$85,Inputs!$D$9:$D$89),28)+$C$15*INDEX(CHOOSE(MATCH(Inputs!$C$4,{"CIE 1931 2deg","CIE 1964 10deg","CIE 2015 2deg","Pasted below"},0),Tables!$D$5:$D$85,Tables!$G$5:$G$85,Tables!$J$5:$J$85,Inputs!$E$9:$E$89),28) | L32: =$A$16*INDEX(CHOOSE(MATCH(Inputs!$C$4,{"CIE 1931 2deg","CIE 1964 10deg","CIE 2015 2deg","Pasted below"},0),Tables!$B$5:$B$85,Tables!$E$5:$E$85,Tables!$H$5:$H$85,Inputs!$C$9:$C$89),28)+$B$16*INDEX(CHOOSE(MATCH(Inputs!$C$4,{"CIE 1931 2deg","CIE 1964 10deg","CIE 2015 2deg","Pasted below"},0),Tables!$C$5:$C$85,Tables!$F$5:$F$85,Tables!$I$5:$I$85,Inputs!$D$9:$D$89),28)+$C$16*INDEX(CHOOSE(MATCH(Inputs!$C$4,{"CIE 1931 2deg","CIE 1964 10deg","CIE 2015 2deg","Pasted below"},0),Tables!$D$5:$D$85,Tables!$G$5:$G$85,Tables!$J$5:$J$85,Inputs!$E$9:$E$89),28)
I33: 520 | J33: =$A$14*INDEX(CHOOSE(MATCH(Inputs!$C$4,{"CIE 1931 2deg","CIE 1964 10deg","CIE 2015 2deg","Pasted below"},0),Tables!$B$5:$B$85,Tables!$E$5:$E$85,Tables!$H$5:$H$85,Inputs!$C$9:$C$89),29)+$B$14*INDEX(CHOOSE(MATCH(Inputs!$C$4,{"CIE 1931 2deg","CIE 1964 10deg","CIE 2015 2deg","Pasted below"},0),Tables!$C$5:$C$85,Tables!$F$5:$F$85,Tables!$I$5:$I$85,Inputs!$D$9:$D$89),29)+$C$14*INDEX(CHOOSE(MATCH(Inputs!$C$4,{"CIE 1931 2deg","CIE 1964 10deg","CIE 2015 2deg","Pasted below"},0),Tables!$D$5:$D$85,Tables!$G$5:$G$85,Tables!$J$5:$J$85,Inputs!$E$9:$E$89),29) | K33: =$A$15*INDEX(CHOOSE(MATCH(Inputs!$C$4,{"CIE 1931 2deg","CIE 1964 10deg","CIE 2015 2deg","Pasted below"},0),Tables!$B$5:$B$85,Tables!$E$5:$E$85,Tables!$H$5:$H$85,Inputs!$C$9:$C$89),29)+$B$15*INDEX(CHOOSE(MATCH(Inputs!$C$4,{"CIE 1931 2deg","CIE 1964 10deg","CIE 2015 2deg","Pasted below"},0),Tables!$C$5:$C$85,Tables!$F$5:$F$85,Tables!$I$5:$I$85,Inputs!$D$9:$D$89),29)+$C$15*INDEX(CHOOSE(MATCH(Inputs!$C$4,{"CIE 1931 2deg","CIE 1964 10deg","CIE 2015 2deg","Pasted below"},0),Tables!$D$5:$D$85,Tables!$G$5:$G$85,Tables!$J$5:$J$85,Inputs!$E$9:$E$89),29) | L33: =$A$16*INDEX(CHOOSE(MATCH(Inputs!$C$4,{"CIE 1931 2deg","CIE 1964 10deg","CIE 2015 2deg","Pasted below"},0),Tables!$B$5:$B$85,Tables!$E$5:$E$85,Tables!$H$5:$H$85,Inputs!$C$9:$C$89),29)+$B$16*INDEX(CHOOSE(MATCH(Inputs!$C$4,{"CIE 1931 2deg","CIE 1964 10deg","CIE 2015 2deg","Pasted below"},0),Tables!$C$5:$C$85,Tables!$F$5:$F$85,Tables!$I$5:$I$85,Inputs!$D$9:$D$89),29)+$C$16*INDEX(CHOOSE(MATCH(Inputs!$C$4,{"CIE 1931 2deg","CIE 1964 10deg","CIE 2015 2deg","Pasted below"},0),Tables!$D$5:$D$85,Tables!$G$5:$G$85,Tables!$J$5:$J$85,Inputs!$E$9:$E$89),29)
I34: 525 | J34: =$A$14*INDEX(CHOOSE(MATCH(Inputs!$C$4,{"CIE 1931 2deg","CIE 1964 10deg","CIE 2015 2deg","Pasted below"},0),Tables!$B$5:$B$85,Tables!$E$5:$E$85,Tables!$H$5:$H$85,Inputs!$C$9:$C$89),30)+$B$14*INDEX(CHOOSE(MATCH(Inputs!$C$4,{"CIE 1931 2deg","CIE 1964 10deg","CIE 2015 2deg","Pasted below"},0),Tables!$C$5:$C$85,Tables!$F$5:$F$85,Tables!$I$5:$I$85,Inputs!$D$9:$D$89),30)+$C$14*INDEX(CHOOSE(MATCH(Inputs!$C$4,{"CIE 1931 2deg","CIE 1964 10deg","CIE 2015 2deg","Pasted below"},0),Tables!$D$5:$D$85,Tables!$G$5:$G$85,Tables!$J$5:$J$85,Inputs!$E$9:$E$89),30) | K34: =$A$15*INDEX(CHOOSE(MATCH(Inputs!$C$4,{"CIE 1931 2deg","CIE 1964 10deg","CIE 2015 2deg","Pasted below"},0),Tables!$B$5:$B$85,Tables!$E$5:$E$85,Tables!$H$5:$H$85,Inputs!$C$9:$C$89),30)+$B$15*INDEX(CHOOSE(MATCH(Inputs!$C$4,{"CIE 1931 2deg","CIE 1964 10deg","CIE 2015 2deg","Pasted below"},0),Tables!$C$5:$C$85,Tables!$F$5:$F$85,Tables!$I$5:$I$85,Inputs!$D$9:$D$89),30)+$C$15*INDEX(CHOOSE(MATCH(Inputs!$C$4,{"CIE 1931 2deg","CIE 1964 10deg","CIE 2015 2deg","Pasted below"},0),Tables!$D$5:$D$85,Tables!$G$5:$G$85,Tables!$J$5:$J$85,Inputs!$E$9:$E$89),30) | L34: =$A$16*INDEX(CHOOSE(MATCH(Inputs!$C$4,{"CIE 1931 2deg","CIE 1964 10deg","CIE 2015 2deg","Pasted below"},0),Tables!$B$5:$B$85,Tables!$E$5:$E$85,Tables!$H$5:$H$85,Inputs!$C$9:$C$89),30)+$B$16*INDEX(CHOOSE(MATCH(Inputs!$C$4,{"CIE 1931 2deg","CIE 1964 10deg","CIE 2015 2deg","Pasted below"},0),Tables!$C$5:$C$85,Tables!$F$5:$F$85,Tables!$I$5:$I$85,Inputs!$D$9:$D$89),30)+$C$16*INDEX(CHOOSE(MATCH(Inputs!$C$4,{"CIE 1931 2deg","CIE 1964 10deg","CIE 2015 2deg","Pasted below"},0),Tables!$D$5:$D$85,Tables!$G$5:$G$85,Tables!$J$5:$J$85,Inputs!$E$9:$E$89),30)
I35: 530 | J35: =$A$14*INDEX(CHOOSE(MATCH(Inputs!$C$4,{"CIE 1931 2deg","CIE 1964 10deg","CIE 2015 2deg","Pasted below"},0),Tables!$B$5:$B$85,Tables!$E$5:$E$85,Tables!$H$5:$H$85,Inputs!$C$9:$C$89),31)+$B$14*INDEX(CHOOSE(MATCH(Inputs!$C$4,{"CIE 1931 2deg","CIE 1964 10deg","CIE 2015 2deg","Pasted below"},0),Tables!$C$5:$C$85,Tables!$F$5:$F$85,Tables!$I$5:$I$85,Inputs!$D$9:$D$89),31)+$C$14*INDEX(CHOOSE(MATCH(Inputs!$C$4,{"CIE 1931 2deg","CIE 1964 10deg","CIE 2015 2deg","Pasted below"},0),Tables!$D$5:$D$85,Tables!$G$5:$G$85,Tables!$J$5:$J$85,Inputs!$E$9:$E$89),31) | K35: =$A$15*INDEX(CHOOSE(MATCH(Inputs!$C$4,{"CIE 1931 2deg","CIE 1964 10deg","CIE 2015 2deg","Pasted below"},0),Tables!$B$5:$B$85,Tables!$E$5:$E$85,Tables!$H$5:$H$85,Inputs!$C$9:$C$89),31)+$B$15*INDEX(CHOOSE(MATCH(Inputs!$C$4,{"CIE 1931 2deg","CIE 1964 10deg","CIE 2015 2deg","Pasted below"},0),Tables!$C$5:$C$85,Tables!$F$5:$F$85,Tables!$I$5:$I$85,Inputs!$D$9:$D$89),31)+$C$15*INDEX(CHOOSE(MATCH(Inputs!$C$4,{"CIE 1931 2deg","CIE 1964 10deg","CIE 2015 2deg","Pasted below"},0),Tables!$D$5:$D$85,Tables!$G$5:$G$85,Tables!$J$5:$J$85,Inputs!$E$9:$E$89),31) | L35: =$A$16*INDEX(CHOOSE(MATCH(Inputs!$C$4,{"CIE 1931 2deg","CIE 1964 10deg","CIE 2015 2deg","Pasted below"},0),Tables!$B$5:$B$85,Tables!$E$5:$E$85,Tables!$H$5:$H$85,Inputs!$C$9:$C$89),31)+$B$16*INDEX(CHOOSE(MATCH(Inputs!$C$4,{"CIE 1931 2deg","CIE 1964 10deg","CIE 2015 2deg","Pasted below"},0),Tables!$C$5:$C$85,Tables!$F$5:$F$85,Tables!$I$5:$I$85,Inputs!$D$9:$D$89),31)+$C$16*INDEX(CHOOSE(MATCH(Inputs!$C$4,{"CIE 1931 2deg","CIE 1964 10deg","CIE 2015 2deg","Pasted below"},0),Tables!$D$5:$D$85,Tables!$G$5:$G$85,Tables!$J$5:$J$85,Inputs!$E$9:$E$89),31)
I36: 535 | J36: =$A$14*INDEX(CHOOSE(MATCH(Inputs!$C$4,{"CIE 1931 2deg","CIE 1964 10deg","CIE 2015 2deg","Pasted below"},0),Tables!$B$5:$B$85,Tables!$E$5:$E$85,Tables!$H$5:$H$85,Inputs!$C$9:$C$89),32)+$B$14*INDEX(CHOOSE(MATCH(Inputs!$C$4,{"CIE 1931 2deg","CIE 1964 10deg","CIE 2015 2deg","Pasted below"},0),Tables!$C$5:$C$85,Tables!$F$5:$F$85,Tables!$I$5:$I$85,Inputs!$D$9:$D$89),32)+$C$14*INDEX(CHOOSE(MATCH(Inputs!$C$4,{"CIE 1931 2deg","CIE 1964 10deg","CIE 2015 2deg","Pasted below"},0),Tables!$D$5:$D$85,Tables!$G$5:$G$85,Tables!$J$5:$J$85,Inputs!$E$9:$E$89),32) | K36: =$A$15*INDEX(CHOOSE(MATCH(Inputs!$C$4,{"CIE 1931 2deg","CIE 1964 10deg","CIE 2015 2deg","Pasted below"},0),Tables!$B$5:$B$85,Tables!$E$5:$E$85,Tables!$H$5:$H$85,Inputs!$C$9:$C$89),32)+$B$15*INDEX(CHOOSE(MATCH(Inputs!$C$4,{"CIE 1931 2deg","CIE 1964 10deg","CIE 2015 2deg","Pasted below"},0),Tables!$C$5:$C$85,Tables!$F$5:$F$85,Tables!$I$5:$I$85,Inputs!$D$9:$D$89),32)+$C$15*INDEX(CHOOSE(MATCH(Inputs!$C$4,{"CIE 1931 2deg","CIE 1964 10deg","CIE 2015 2deg","Pasted below"},0),Tables!$D$5:$D$85,Tables!$G$5:$G$85,Tables!$J$5:$J$85,Inputs!$E$9:$E$89),32) | L36: =$A$16*INDEX(CHOOSE(MATCH(Inputs!$C$4,{"CIE 1931 2deg","CIE 1964 10deg","CIE 2015 2deg","Pasted below"},0),Tables!$B$5:$B$85,Tables!$E$5:$E$85,Tables!$H$5:$H$85,Inputs!$C$9:$C$89),32)+$B$16*INDEX(CHOOSE(MATCH(Inputs!$C$4,{"CIE 1931 2deg","CIE 1964 10deg","CIE 2015 2deg","Pasted below"},0),Tables!$C$5:$C$85,Tables!$F$5:$F$85,Tables!$I$5:$I$85,Inputs!$D$9:$D$89),32)+$C$16*INDEX(CHOOSE(MATCH(Inputs!$C$4,{"CIE 1931 2deg","CIE 1964 10deg","CIE 2015 2deg","Pasted below"},0),Tables!$D$5:$D$85,Tables!$G$5:$G$85,Tables!$J$5:$J$85,Inputs!$E$9:$E$89),32)
I37: 540 | J37: =$A$14*INDEX(CHOOSE(MATCH(Inputs!$C$4,{"CIE 1931 2deg","CIE 1964 10deg","CIE 2015 2deg","Pasted below"},0),Tables!$B$5:$B$85,Tables!$E$5:$E$85,Tables!$H$5:$H$85,Inputs!$C$9:$C$89),33)+$B$14*INDEX(CHOOSE(MATCH(Inputs!$C$4,{"CIE 1931 2deg","CIE 1964 10deg","CIE 2015 2deg","Pasted below"},0),Tables!$C$5:$C$85,Tables!$F$5:$F$85,Tables!$I$5:$I$85,Inputs!$D$9:$D$89),33)+$C$14*INDEX(CHOOSE(MATCH(Inputs!$C$4,{"CIE 1931 2deg","CIE 1964 10deg","CIE 2015 2deg","Pasted below"},0),Tables!$D$5:$D$85,Tables!$G$5:$G$85,Tables!$J$5:$J$85,Inputs!$E$9:$E$89),33) | K37: =$A$15*INDEX(CHOOSE(MATCH(Inputs!$C$4,{"CIE 1931 2deg","CIE 1964 10deg","CIE 2015 2deg","Pasted below"},0),Tables!$B$5:$B$85,Tables!$E$5:$E$85,Tables!$H$5:$H$85,Inputs!$C$9:$C$89),33)+$B$15*INDEX(CHOOSE(MATCH(Inputs!$C$4,{"CIE 1931 2deg","CIE 1964 10deg","CIE 2015 2deg","Pasted below"},0),Tables!$C$5:$C$85,Tables!$F$5:$F$85,Tables!$I$5:$I$85,Inputs!$D$9:$D$89),33)+$C$15*INDEX(CHOOSE(MATCH(Inputs!$C$4,{"CIE 1931 2deg","CIE 1964 10deg","CIE 2015 2deg","Pasted below"},0),Tables!$D$5:$D$85,Tables!$G$5:$G$85,Tables!$J$5:$J$85,Inputs!$E$9:$E$89),33) | L37: =$A$16*INDEX(CHOOSE(MATCH(Inputs!$C$4,{"CIE 1931 2deg","CIE 1964 10deg","CIE 2015 2deg","Pasted below"},0),Tables!$B$5:$B$85,Tables!$E$5:$E$85,Tables!$H$5:$H$85,Inputs!$C$9:$C$89),33)+$B$16*INDEX(CHOOSE(MATCH(Inputs!$C$4,{"CIE 1931 2deg","CIE 1964 10deg","CIE 2015 2deg","Pasted below"},0),Tables!$C$5:$C$85,Tables!$F$5:$F$85,Tables!$I$5:$I$85,Inputs!$D$9:$D$89),33)+$C$16*INDEX(CHOOSE(MATCH(Inputs!$C$4,{"CIE 1931 2deg","CIE 1964 10deg","CIE 2015 2deg","Pasted below"},0),Tables!$D$5:$D$85,Tables!$G$5:$G$85,Tables!$J$5:$J$85,Inputs!$E$9:$E$89),33)
I38: 545 | J38: =$A$14*INDEX(CHOOSE(MATCH(Inputs!$C$4,{"CIE 1931 2deg","CIE 1964 10deg","CIE 2015 2deg","Pasted below"},0),Tables!$B$5:$B$85,Tables!$E$5:$E$85,Tables!$H$5:$H$85,Inputs!$C$9:$C$89),34)+$B$14*INDEX(CHOOSE(MATCH(Inputs!$C$4,{"CIE 1931 2deg","CIE 1964 10deg","CIE 2015 2deg","Pasted below"},0),Tables!$C$5:$C$85,Tables!$F$5:$F$85,Tables!$I$5:$I$85,Inputs!$D$9:$D$89),34)+$C$14*INDEX(CHOOSE(MATCH(Inputs!$C$4,{"CIE 1931 2deg","CIE 1964 10deg","CIE 2015 2deg","Pasted below"},0),Tables!$D$5:$D$85,Tables!$G$5:$G$85,Tables!$J$5:$J$85,Inputs!$E$9:$E$89),34) | K38: =$A$15*INDEX(CHOOSE(MATCH(Inputs!$C$4,{"CIE 1931 2deg","CIE 1964 10deg","CIE 2015 2deg","Pasted below"},0),Tables!$B$5:$B$85,Tables!$E$5:$E$85,Tables!$H$5:$H$85,Inputs!$C$9:$C$89),34)+$B$15*INDEX(CHOOSE(MATCH(Inputs!$C$4,{"CIE 1931 2deg","CIE 1964 10deg","CIE 2015 2deg","Pasted below"},0),Tables!$C$5:$C$85,Tables!$F$5:$F$85,Tables!$I$5:$I$85,Inputs!$D$9:$D$89),34)+$C$15*INDEX(CHOOSE(MATCH(Inputs!$C$4,{"CIE 1931 2deg","CIE 1964 10deg","CIE 2015 2deg","Pasted below"},0),Tables!$D$5:$D$85,Tables!$G$5:$G$85,Tables!$J$5:$J$85,Inputs!$E$9:$E$89),34) | L38: =$A$16*INDEX(CHOOSE(MATCH(Inputs!$C$4,{"CIE 1931 2deg","CIE 1964 10deg","CIE 2015 2deg","Pasted below"},0),Tables!$B$5:$B$85,Tables!$E$5:$E$85,Tables!$H$5:$H$85,Inputs!$C$9:$C$89),34)+$B$16*INDEX(CHOOSE(MATCH(Inputs!$C$4,{"CIE 1931 2deg","CIE 1964 10deg","CIE 2015 2deg","Pasted below"},0),Tables!$C$5:$C$85,Tables!$F$5:$F$85,Tables!$I$5:$I$85,Inputs!$D$9:$D$89),34)+$C$16*INDEX(CHOOSE(MATCH(Inputs!$C$4,{"CIE 1931 2deg","CIE 1964 10deg","CIE 2015 2deg","Pasted below"},0),Tables!$D$5:$D$85,Tables!$G$5:$G$85,Tables!$J$5:$J$85,Inputs!$E$9:$E$89),34)
I39: 550 | J39: =$A$14*INDEX(CHOOSE(MATCH(Inputs!$C$4,{"CIE 1931 2deg","CIE 1964 10deg","CIE 2015 2deg","Pasted below"},0),Tables!$B$5:$B$85,Tables!$E$5:$E$85,Tables!$H$5:$H$85,Inputs!$C$9:$C$89),35)+$B$14*INDEX(CHOOSE(MATCH(Inputs!$C$4,{"CIE 1931 2deg","CIE 1964 10deg","CIE 2015 2deg","Pasted below"},0),Tables!$C$5:$C$85,Tables!$F$5:$F$85,Tables!$I$5:$I$85,Inputs!$D$9:$D$89),35)+$C$14*INDEX(CHOOSE(MATCH(Inputs!$C$4,{"CIE 1931 2deg","CIE 1964 10deg","CIE 2015 2deg","Pasted below"},0),Tables!$D$5:$D$85,Tables!$G$5:$G$85,Tables!$J$5:$J$85,Inputs!$E$9:$E$89),35) | K39: =$A$15*INDEX(CHOOSE(MATCH(Inputs!$C$4,{"CIE 1931 2deg","CIE 1964 10deg","CIE 2015 2deg","Pasted below"},0),Tables!$B$5:$B$85,Tables!$E$5:$E$85,Tables!$H$5:$H$85,Inputs!$C$9:$C$89),35)+$B$15*INDEX(CHOOSE(MATCH(Inputs!$C$4,{"CIE 1931 2deg","CIE 1964 10deg","CIE 2015 2deg","Pasted below"},0),Tables!$C$5:$C$85,Tables!$F$5:$F$85,Tables!$I$5:$I$85,Inputs!$D$9:$D$89),35)+$C$15*INDEX(CHOOSE(MATCH(Inputs!$C$4,{"CIE 1931 2deg","CIE 1964 10deg","CIE 2015 2deg","Pasted below"},0),Tables!$D$5:$D$85,Tables!$G$5:$G$85,Tables!$J$5:$J$85,Inputs!$E$9:$E$89),35) | L39: =$A$16*INDEX(CHOOSE(MATCH(Inputs!$C$4,{"CIE 1931 2deg","CIE 1964 10deg","CIE 2015 2deg","Pasted below"},0),Tables!$B$5:$B$85,Tables!$E$5:$E$85,Tables!$H$5:$H$85,Inputs!$C$9:$C$89),35)+$B$16*INDEX(CHOOSE(MATCH(Inputs!$C$4,{"CIE 1931 2deg","CIE 1964 10deg","CIE 2015 2deg","Pasted below"},0),Tables!$C$5:$C$85,Tables!$F$5:$F$85,Tables!$I$5:$I$85,Inputs!$D$9:$D$89),35)+$C$16*INDEX(CHOOSE(MATCH(Inputs!$C$4,{"CIE 1931 2deg","CIE 1964 10deg","CIE 2015 2deg","Pasted below"},0),Tables!$D$5:$D$85,Tables!$G$5:$G$85,Tables!$J$5:$J$85,Inputs!$E$9:$E$89),35)
I40: 555 | J40: =$A$14*INDEX(CHOOSE(MATCH(Inputs!$C$4,{"CIE 1931 2deg","CIE 1964 10deg","CIE 2015 2deg","Pasted below"},0),Tables!$B$5:$B$85,Tables!$E$5:$E$85,Tables!$H$5:$H$85,Inputs!$C$9:$C$89),36)+$B$14*INDEX(CHOOSE(MATCH(Inputs!$C$4,{"CIE 1931 2deg","CIE 1964 10deg","CIE 2015 2deg","Pasted below"},0),Tables!$C$5:$C$85,Tables!$F$5:$F$85,Tables!$I$5:$I$85,Inputs!$D$9:$D$89),36)+$C$14*INDEX(CHOOSE(MATCH(Inputs!$C$4,{"CIE 1931 2deg","CIE 1964 10deg","CIE 2015 2deg","Pasted below"},0),Tables!$D$5:$D$85,Tables!$G$5:$G$85,Tables!$J$5:$J$85,Inputs!$E$9:$E$89),36) | K40: =$A$15*INDEX(CHOOSE(MATCH(Inputs!$C$4,{"CIE 1931 2deg","CIE 1964 10deg","CIE 2015 2deg","Pasted below"},0),Tables!$B$5:$B$85,Tables!$E$5:$E$85,Tables!$H$5:$H$85,Inputs!$C$9:$C$89),36)+$B$15*INDEX(CHOOSE(MATCH(Inputs!$C$4,{"CIE 1931 2deg","CIE 1964 10deg","CIE 2015 2deg","Pasted below"},0),Tables!$C$5:$C$85,Tables!$F$5:$F$85,Tables!$I$5:$I$85,Inputs!$D$9:$D$89),36)+$C$15*INDEX(CHOOSE(MATCH(Inputs!$C$4,{"CIE 1931 2deg","CIE 1964 10deg","CIE 2015 2deg","Pasted below"},0),Tables!$D$5:$D$85,Tables!$G$5:$G$85,Tables!$J$5:$J$85,Inputs!$E$9:$E$89),36) | L40: =$A$16*INDEX(CHOOSE(MATCH(Inputs!$C$4,{"CIE 1931 2deg","CIE 1964 10deg","CIE 2015 2deg","Pasted below"},0),Tables!$B$5:$B$85,Tables!$E$5:$E$85,Tables!$H$5:$H$85,Inputs!$C$9:$C$89),36)+$B$16*INDEX(CHOOSE(MATCH(Inputs!$C$4,{"CIE 1931 2deg","CIE 1964 10deg","CIE 2015 2deg","Pasted below"},0),Tables!$C$5:$C$85,Tables!$F$5:$F$85,Tables!$I$5:$I$85,Inputs!$D$9:$D$89),36)+$C$16*INDEX(CHOOSE(MATCH(Inputs!$C$4,{"CIE 1931 2deg","CIE 1964 10deg","CIE 2015 2deg","Pasted below"},0),Tables!$D$5:$D$85,Tables!$G$5:$G$85,Tables!$J$5:$J$85,Inputs!$E$9:$E$89),36)
I41: 560 | J41: =$A$14*INDEX(CHOOSE(MATCH(Inputs!$C$4,{"CIE 1931 2deg","CIE 1964 10deg","CIE 2015 2deg","Pasted below"},0),Tables!$B$5:$B$85,Tables!$E$5:$E$85,Tables!$H$5:$H$85,Inputs!$C$9:$C$89),37)+$B$14*INDEX(CHOOSE(MATCH(Inputs!$C$4,{"CIE 1931 2deg","CIE 1964 10deg","CIE 2015 2deg","Pasted below"},0),Tables!$C$5:$C$85,Tables!$F$5:$F$85,Tables!$I$5:$I$85,Inputs!$D$9:$D$89),37)+$C$14*INDEX(CHOOSE(MATCH(Inputs!$C$4,{"CIE 1931 2deg","CIE 1964 10deg","CIE 2015 2deg","Pasted below"},0),Tables!$D$5:$D$85,Tables!$G$5:$G$85,Tables!$J$5:$J$85,Inputs!$E$9:$E$89),37) | K41: =$A$15*INDEX(CHOOSE(MATCH(Inputs!$C$4,{"CIE 1931 2deg","CIE 1964 10deg","CIE 2015 2deg","Pasted below"},0),Tables!$B$5:$B$85,Tables!$E$5:$E$85,Tables!$H$5:$H$85,Inputs!$C$9:$C$89),37)+$B$15*INDEX(CHOOSE(MATCH(Inputs!$C$4,{"CIE 1931 2deg","CIE 1964 10deg","CIE 2015 2deg","Pasted below"},0),Tables!$C$5:$C$85,Tables!$F$5:$F$85,Tables!$I$5:$I$85,Inputs!$D$9:$D$89),37)+$C$15*INDEX(CHOOSE(MATCH(Inputs!$C$4,{"CIE 1931 2deg","CIE 1964 10deg","CIE 2015 2deg","Pasted below"},0),Tables!$D$5:$D$85,Tables!$G$5:$G$85,Tables!$J$5:$J$85,Inputs!$E$9:$E$89),37) | L41: =$A$16*INDEX(CHOOSE(MATCH(Inputs!$C$4,{"CIE 1931 2deg","CIE 1964 10deg","CIE 2015 2deg","Pasted below"},0),Tables!$B$5:$B$85,Tables!$E$5:$E$85,Tables!$H$5:$H$85,Inputs!$C$9:$C$89),37)+$B$16*INDEX(CHOOSE(MATCH(Inputs!$C$4,{"CIE 1931 2deg","CIE 1964 10deg","CIE 2015 2deg","Pasted below"},0),Tables!$C$5:$C$85,Tables!$F$5:$F$85,Tables!$I$5:$I$85,Inputs!$D$9:$D$89),37)+$C$16*INDEX(CHOOSE(MATCH(Inputs!$C$4,{"CIE 1931 2deg","CIE 1964 10deg","CIE 2015 2deg","Pasted below"},0),Tables!$D$5:$D$85,Tables!$G$5:$G$85,Tables!$J$5:$J$85,Inputs!$E$9:$E$89),37)
I42: 565 | J42: =$A$14*INDEX(CHOOSE(MATCH(Inputs!$C$4,{"CIE 1931 2deg","CIE 1964 10deg","CIE 2015 2deg","Pasted below"},0),Tables!$B$5:$B$85,Tables!$E$5:$E$85,Tables!$H$5:$H$85,Inputs!$C$9:$C$89),38)+$B$14*INDEX(CHOOSE(MATCH(Inputs!$C$4,{"CIE 1931 2deg","CIE 1964 10deg","CIE 2015 2deg","Pasted below"},0),Tables!$C$5:$C$85,Tables!$F$5:$F$85,Tables!$I$5:$I$85,Inputs!$D$9:$D$89),38)+$C$14*INDEX(CHOOSE(MATCH(Inputs!$C$4,{"CIE 1931 2deg","CIE 1964 10deg","CIE 2015 2deg","Pasted below"},0),Tables!$D$5:$D$85,Tables!$G$5:$G$85,Tables!$J$5:$J$85,Inputs!$E$9:$E$89),38) | K42: =$A$15*INDEX(CHOOSE(MATCH(Inputs!$C$4,{"CIE 1931 2deg","CIE 1964 10deg","CIE 2015 2deg","Pasted below"},0),Tables!$B$5:$B$85,Tables!$E$5:$E$85,Tables!$H$5:$H$85,Inputs!$C$9:$C$89),38)+$B$15*INDEX(CHOOSE(MATCH(Inputs!$C$4,{"CIE 1931 2deg","CIE 1964 10deg","CIE 2015 2deg","Pasted below"},0),Tables!$C$5:$C$85,Tables!$F$5:$F$85,Tables!$I$5:$I$85,Inputs!$D$9:$D$89),38)+$C$15*INDEX(CHOOSE(MATCH(Inputs!$C$4,{"CIE 1931 2deg","CIE 1964 10deg","CIE 2015 2deg","Pasted below"},0),Tables!$D$5:$D$85,Tables!$G$5:$G$85,Tables!$J$5:$J$85,Inputs!$E$9:$E$89),38) | L42: =$A$16*INDEX(CHOOSE(MATCH(Inputs!$C$4,{"CIE 1931 2deg","CIE 1964 10deg","CIE 2015 2deg","Pasted below"},0),Tables!$B$5:$B$85,Tables!$E$5:$E$85,Tables!$H$5:$H$85,Inputs!$C$9:$C$89),38)+$B$16*INDEX(CHOOSE(MATCH(Inputs!$C$4,{"CIE 1931 2deg","CIE 1964 10deg","CIE 2015 2deg","Pasted below"},0),Tables!$C$5:$C$85,Tables!$F$5:$F$85,Tables!$I$5:$I$85,Inputs!$D$9:$D$89),38)+$C$16*INDEX(CHOOSE(MATCH(Inputs!$C$4,{"CIE 1931 2deg","CIE 1964 10deg","CIE 2015 2deg","Pasted below"},0),Tables!$D$5:$D$85,Tables!$G$5:$G$85,Tables!$J$5:$J$85,Inputs!$E$9:$E$89),38)
I43: 570 | J43: =$A$14*INDEX(CHOOSE(MATCH(Inputs!$C$4,{"CIE 1931 2deg","CIE 1964 10deg","CIE 2015 2deg","Pasted below"},0),Tables!$B$5:$B$85,Tables!$E$5:$E$85,Tables!$H$5:$H$85,Inputs!$C$9:$C$89),39)+$B$14*INDEX(CHOOSE(MATCH(Inputs!$C$4,{"CIE 1931 2deg","CIE 1964 10deg","CIE 2015 2deg","Pasted below"},0),Tables!$C$5:$C$85,Tables!$F$5:$F$85,Tables!$I$5:$I$85,Inputs!$D$9:$D$89),39)+$C$14*INDEX(CHOOSE(MATCH(Inputs!$C$4,{"CIE 1931 2deg","CIE 1964 10deg","CIE 2015 2deg","Pasted below"},0),Tables!$D$5:$D$85,Tables!$G$5:$G$85,Tables!$J$5:$J$85,Inputs!$E$9:$E$89),39) | K43: =$A$15*INDEX(CHOOSE(MATCH(Inputs!$C$4,{"CIE 1931 2deg","CIE 1964 10deg","CIE 2015 2deg","Pasted below"},0),Tables!$B$5:$B$85,Tables!$E$5:$E$85,Tables!$H$5:$H$85,Inputs!$C$9:$C$89),39)+$B$15*INDEX(CHOOSE(MATCH(Inputs!$C$4,{"CIE 1931 2deg","CIE 1964 10deg","CIE 2015 2deg","Pasted below"},0),Tables!$C$5:$C$85,Tables!$F$5:$F$85,Tables!$I$5:$I$85,Inputs!$D$9:$D$89),39)+$C$15*INDEX(CHOOSE(MATCH(Inputs!$C$4,{"CIE 1931 2deg","CIE 1964 10deg","CIE 2015 2deg","Pasted below"},0),Tables!$D$5:$D$85,Tables!$G$5:$G$85,Tables!$J$5:$J$85,Inputs!$E$9:$E$89),39) | L43: =$A$16*INDEX(CHOOSE(MATCH(Inputs!$C$4,{"CIE 1931 2deg","CIE 1964 10deg","CIE 2015 2deg","Pasted below"},0),Tables!$B$5:$B$85,Tables!$E$5:$E$85,Tables!$H$5:$H$85,Inputs!$C$9:$C$89),39)+$B$16*INDEX(CHOOSE(MATCH(Inputs!$C$4,{"CIE 1931 2deg","CIE 1964 10deg","CIE 2015 2deg","Pasted below"},0),Tables!$C$5:$C$85,Tables!$F$5:$F$85,Tables!$I$5:$I$85,Inputs!$D$9:$D$89),39)+$C$16*INDEX(CHOOSE(MATCH(Inputs!$C$4,{"CIE 1931 2deg","CIE 1964 10deg","CIE 2015 2deg","Pasted below"},0),Tables!$D$5:$D$85,Tables!$G$5:$G$85,Tables!$J$5:$J$85,Inputs!$E$9:$E$89),39)
I44: 575 | J44: =$A$14*INDEX(CHOOSE(MATCH(Inputs!$C$4,{"CIE 1931 2deg","CIE 1964 10deg","CIE 2015 2deg","Pasted below"},0),Tables!$B$5:$B$85,Tables!$E$5:$E$85,Tables!$H$5:$H$85,Inputs!$C$9:$C$89),40)+$B$14*INDEX(CHOOSE(MATCH(Inputs!$C$4,{"CIE 1931 2deg","CIE 1964 10deg","CIE 2015 2deg","Pasted below"},0),Tables!$C$5:$C$85,Tables!$F$5:$F$85,Tables!$I$5:$I$85,Inputs!$D$9:$D$89),40)+$C$14*INDEX(CHOOSE(MATCH(Inputs!$C$4,{"CIE 1931 2deg","CIE 1964 10deg","CIE 2015 2deg","Pasted below"},0),Tables!$D$5:$D$85,Tables!$G$5:$G$85,Tables!$J$5:$J$85,Inputs!$E$9:$E$89),40) | K44: =$A$15*INDEX(CHOOSE(MATCH(Inputs!$C$4,{"CIE 1931 2deg","CIE 1964 10deg","CIE 2015 2deg","Pasted below"},0),Tables!$B$5:$B$85,Tables!$E$5:$E$85,Tables!$H$5:$H$85,Inputs!$C$9:$C$89),40)+$B$15*INDEX(CHOOSE(MATCH(Inputs!$C$4,{"CIE 1931 2deg","CIE 1964 10deg","CIE 2015 2deg","Pasted below"},0),Tables!$C$5:$C$85,Tables!$F$5:$F$85,Tables!$I$5:$I$85,Inputs!$D$9:$D$89),40)+$C$15*INDEX(CHOOSE(MATCH(Inputs!$C$4,{"CIE 1931 2deg","CIE 1964 10deg","CIE 2015 2deg","Pasted below"},0),Tables!$D$5:$D$85,Tables!$G$5:$G$85,Tables!$J$5:$J$85,Inputs!$E$9:$E$89),40) | L44: =$A$16*INDEX(CHOOSE(MATCH(Inputs!$C$4,{"CIE 1931 2deg","CIE 1964 10deg","CIE 2015 2deg","Pasted below"},0),Tables!$B$5:$B$85,Tables!$E$5:$E$85,Tables!$H$5:$H$85,Inputs!$C$9:$C$89),40)+$B$16*INDEX(CHOOSE(MATCH(Inputs!$C$4,{"CIE 1931 2deg","CIE 1964 10deg","CIE 2015 2deg","Pasted below"},0),Tables!$C$5:$C$85,Tables!$F$5:$F$85,Tables!$I$5:$I$85,Inputs!$D$9:$D$89),40)+$C$16*INDEX(CHOOSE(MATCH(Inputs!$C$4,{"CIE 1931 2deg","CIE 1964 10deg","CIE 2015 2deg","Pasted below"},0),Tables!$D$5:$D$85,Tables!$G$5:$G$85,Tables!$J$5:$J$85,Inputs!$E$9:$E$89),40)
I45: 580 | J45: =$A$14*INDEX(CHOOSE(MATCH(Inputs!$C$4,{"CIE 1931 2deg","CIE 1964 10deg","CIE 2015 2deg","Pasted below"},0),Tables!$B$5:$B$85,Tables!$E$5:$E$85,Tables!$H$5:$H$85,Inputs!$C$9:$C$89),41)+$B$14*INDEX(CHOOSE(MATCH(Inputs!$C$4,{"CIE 1931 2deg","CIE 1964 10deg","CIE 2015 2deg","Pasted below"},0),Tables!$C$5:$C$85,Tables!$F$5:$F$85,Tables!$I$5:$I$85,Inputs!$D$9:$D$89),41)+$C$14*INDEX(CHOOSE(MATCH(Inputs!$C$4,{"CIE 1931 2deg","CIE 1964 10deg","CIE 2015 2deg","Pasted below"},0),Tables!$D$5:$D$85,Tables!$G$5:$G$85,Tables!$J$5:$J$85,Inputs!$E$9:$E$89),41) | K45: =$A$15*INDEX(CHOOSE(MATCH(Inputs!$C$4,{"CIE 1931 2deg","CIE 1964 10deg","CIE 2015 2deg","Pasted below"},0),Tables!$B$5:$B$85,Tables!$E$5:$E$85,Tables!$H$5:$H$85,Inputs!$C$9:$C$89),41)+$B$15*INDEX(CHOOSE(MATCH(Inputs!$C$4,{"CIE 1931 2deg","CIE 1964 10deg","CIE 2015 2deg","Pasted below"},0),Tables!$C$5:$C$85,Tables!$F$5:$F$85,Tables!$I$5:$I$85,Inputs!$D$9:$D$89),41)+$C$15*INDEX(CHOOSE(MATCH(Inputs!$C$4,{"CIE 1931 2deg","CIE 1964 10deg","CIE 2015 2deg","Pasted below"},0),Tables!$D$5:$D$85,Tables!$G$5:$G$85,Tables!$J$5:$J$85,Inputs!$E$9:$E$89),41) | L45: =$A$16*INDEX(CHOOSE(MATCH(Inputs!$C$4,{"CIE 1931 2deg","CIE 1964 10deg","CIE 2015 2deg","Pasted below"},0),Tables!$B$5:$B$85,Tables!$E$5:$E$85,Tables!$H$5:$H$85,Inputs!$C$9:$C$89),41)+$B$16*INDEX(CHOOSE(MATCH(Inputs!$C$4,{"CIE 1931 2deg","CIE 1964 10deg","CIE 2015 2deg","Pasted below"},0),Tables!$C$5:$C$85,Tables!$F$5:$F$85,Tables!$I$5:$I$85,Inputs!$D$9:$D$89),41)+$C$16*INDEX(CHOOSE(MATCH(Inputs!$C$4,{"CIE 1931 2deg","CIE 1964 10deg","CIE 2015 2deg","Pasted below"},0),Tables!$D$5:$D$85,Tables!$G$5:$G$85,Tables!$J$5:$J$85,Inputs!$E$9:$E$89),41)
I46: 585 | J46: =$A$14*INDEX(CHOOSE(MATCH(Inputs!$C$4,{"CIE 1931 2deg","CIE 1964 10deg","CIE 2015 2deg","Pasted below"},0),Tables!$B$5:$B$85,Tables!$E$5:$E$85,Tables!$H$5:$H$85,Inputs!$C$9:$C$89),42)+$B$14*INDEX(CHOOSE(MATCH(Inputs!$C$4,{"CIE 1931 2deg","CIE 1964 10deg","CIE 2015 2deg","Pasted below"},0),Tables!$C$5:$C$85,Tables!$F$5:$F$85,Tables!$I$5:$I$85,Inputs!$D$9:$D$89),42)+$C$14*INDEX(CHOOSE(MATCH(Inputs!$C$4,{"CIE 1931 2deg","CIE 1964 10deg","CIE 2015 2deg","Pasted below"},0),Tables!$D$5:$D$85,Tables!$G$5:$G$85,Tables!$J$5:$J$85,Inputs!$E$9:$E$89),42) | K46: =$A$15*INDEX(CHOOSE(MATCH(Inputs!$C$4,{"CIE 1931 2deg","CIE 1964 10deg","CIE 2015 2deg","Pasted below"},0),Tables!$B$5:$B$85,Tables!$E$5:$E$85,Tables!$H$5:$H$85,Inputs!$C$9:$C$89),42)+$B$15*INDEX(CHOOSE(MATCH(Inputs!$C$4,{"CIE 1931 2deg","CIE 1964 10deg","CIE 2015 2deg","Pasted below"},0),Tables!$C$5:$C$85,Tables!$F$5:$F$85,Tables!$I$5:$I$85,Inputs!$D$9:$D$89),42)+$C$15*INDEX(CHOOSE(MATCH(Inputs!$C$4,{"CIE 1931 2deg","CIE 1964 10deg","CIE 2015 2deg","Pasted below"},0),Tables!$D$5:$D$85,Tables!$G$5:$G$85,Tables!$J$5:$J$85,Inputs!$E$9:$E$89),42) | L46: =$A$16*INDEX(CHOOSE(MATCH(Inputs!$C$4,{"CIE 1931 2deg","CIE 1964 10deg","CIE 2015 2deg","Pasted below"},0),Tables!$B$5:$B$85,Tables!$E$5:$E$85,Tables!$H$5:$H$85,Inputs!$C$9:$C$89),42)+$B$16*INDEX(CHOOSE(MATCH(Inputs!$C$4,{"CIE 1931 2deg","CIE 1964 10deg","CIE 2015 2deg","Pasted below"},0),Tables!$C$5:$C$85,Tables!$F$5:$F$85,Tables!$I$5:$I$85,Inputs!$D$9:$D$89),42)+$C$16*INDEX(CHOOSE(MATCH(Inputs!$C$4,{"CIE 1931 2deg","CIE 1964 10deg","CIE 2015 2deg","Pasted below"},0),Tables!$D$5:$D$85,Tables!$G$5:$G$85,Tables!$J$5:$J$85,Inputs!$E$9:$E$89),42)
I47: 590 | J47: =$A$14*INDEX(CHOOSE(MATCH(Inputs!$C$4,{"CIE 1931 2deg","CIE 1964 10deg","CIE 2015 2deg","Pasted below"},0),Tables!$B$5:$B$85,Tables!$E$5:$E$85,Tables!$H$5:$H$85,Inputs!$C$9:$C$89),43)+$B$14*INDEX(CHOOSE(MATCH(Inputs!$C$4,{"CIE 1931 2deg","CIE 1964 10deg","CIE 2015 2deg","Pasted below"},0),Tables!$C$5:$C$85,Tables!$F$5:$F$85,Tables!$I$5:$I$85,Inputs!$D$9:$D$89),43)+$C$14*INDEX(CHOOSE(MATCH(Inputs!$C$4,{"CIE 1931 2deg","CIE 1964 10deg","CIE 2015 2deg","Pasted below"},0),Tables!$D$5:$D$85,Tables!$G$5:$G$85,Tables!$J$5:$J$85,Inputs!$E$9:$E$89),43) | K47: =$A$15*INDEX(CHOOSE(MATCH(Inputs!$C$4,{"CIE 1931 2deg","CIE 1964 10deg","CIE 2015 2deg","Pasted below"},0),Tables!$B$5:$B$85,Tables!$E$5:$E$85,Tables!$H$5:$H$85,Inputs!$C$9:$C$89),43)+$B$15*INDEX(CHOOSE(MATCH(Inputs!$C$4,{"CIE 1931 2deg","CIE 1964 10deg","CIE 2015 2deg","Pasted below"},0),Tables!$C$5:$C$85,Tables!$F$5:$F$85,Tables!$I$5:$I$85,Inputs!$D$9:$D$89),43)+$C$15*INDEX(CHOOSE(MATCH(Inputs!$C$4,{"CIE 1931 2deg","CIE 1964 10deg","CIE 2015 2deg","Pasted below"},0),Tables!$D$5:$D$85,Tables!$G$5:$G$85,Tables!$J$5:$J$85,Inputs!$E$9:$E$89),43) | L47: =$A$16*INDEX(CHOOSE(MATCH(Inputs!$C$4,{"CIE 1931 2deg","CIE 1964 10deg","CIE 2015 2deg","Pasted below"},0),Tables!$B$5:$B$85,Tables!$E$5:$E$85,Tables!$H$5:$H$85,Inputs!$C$9:$C$89),43)+$B$16*INDEX(CHOOSE(MATCH(Inputs!$C$4,{"CIE 1931 2deg","CIE 1964 10deg","CIE 2015 2deg","Pasted below"},0),Tables!$C$5:$C$85,Tables!$F$5:$F$85,Tables!$I$5:$I$85,Inputs!$D$9:$D$89),43)+$C$16*INDEX(CHOOSE(MATCH(Inputs!$C$4,{"CIE 1931 2deg","CIE 1964 10deg","CIE 2015 2deg","Pasted below"},0),Tables!$D$5:$D$85,Tables!$G$5:$G$85,Tables!$J$5:$J$85,Inputs!$E$9:$E$89),43)
I48: 595 | J48: =$A$14*INDEX(CHOOSE(MATCH(Inputs!$C$4,{"CIE 1931 2deg","CIE 1964 10deg","CIE 2015 2deg","Pasted below"},0),Tables!$B$5:$B$85,Tables!$E$5:$E$85,Tables!$H$5:$H$85,Inputs!$C$9:$C$89),44)+$B$14*INDEX(CHOOSE(MATCH(Inputs!$C$4,{"CIE 1931 2deg","CIE 1964 10deg","CIE 2015 2deg","Pasted below"},0),Tables!$C$5:$C$85,Tables!$F$5:$F$85,Tables!$I$5:$I$85,Inputs!$D$9:$D$89),44)+$C$14*INDEX(CHOOSE(MATCH(Inputs!$C$4,{"CIE 1931 2deg","CIE 1964 10deg","CIE 2015 2deg","Pasted below"},0),Tables!$D$5:$D$85,Tables!$G$5:$G$85,Tables!$J$5:$J$85,Inputs!$E$9:$E$89),44) | K48: =$A$15*INDEX(CHOOSE(MATCH(Inputs!$C$4,{"CIE 1931 2deg","CIE 1964 10deg","CIE 2015 2deg","Pasted below"},0),Tables!$B$5:$B$85,Tables!$E$5:$E$85,Tables!$H$5:$H$85,Inputs!$C$9:$C$89),44)+$B$15*INDEX(CHOOSE(MATCH(Inputs!$C$4,{"CIE 1931 2deg","CIE 1964 10deg","CIE 2015 2deg","Pasted below"},0),Tables!$C$5:$C$85,Tables!$F$5:$F$85,Tables!$I$5:$I$85,Inputs!$D$9:$D$89),44)+$C$15*INDEX(CHOOSE(MATCH(Inputs!$C$4,{"CIE 1931 2deg","CIE 1964 10deg","CIE 2015 2deg","Pasted below"},0),Tables!$D$5:$D$85,Tables!$G$5:$G$85,Tables!$J$5:$J$85,Inputs!$E$9:$E$89),44) | L48: =$A$16*INDEX(CHOOSE(MATCH(Inputs!$C$4,{"CIE 1931 2deg","CIE 1964 10deg","CIE 2015 2deg","Pasted below"},0),Tables!$B$5:$B$85,Tables!$E$5:$E$85,Tables!$H$5:$H$85,Inputs!$C$9:$C$89),44)+$B$16*INDEX(CHOOSE(MATCH(Inputs!$C$4,{"CIE 1931 2deg","CIE 1964 10deg","CIE 2015 2deg","Pasted below"},0),Tables!$C$5:$C$85,Tables!$F$5:$F$85,Tables!$I$5:$I$85,Inputs!$D$9:$D$89),44)+$C$16*INDEX(CHOOSE(MATCH(Inputs!$C$4,{"CIE 1931 2deg","CIE 1964 10deg","CIE 2015 2deg","Pasted below"},0),Tables!$D$5:$D$85,Tables!$G$5:$G$85,Tables!$J$5:$J$85,Inputs!$E$9:$E$89),44)
I49: 600 | J49: =$A$14*INDEX(CHOOSE(MATCH(Inputs!$C$4,{"CIE 1931 2deg","CIE 1964 10deg","CIE 2015 2deg","Pasted below"},0),Tables!$B$5:$B$85,Tables!$E$5:$E$85,Tables!$H$5:$H$85,Inputs!$C$9:$C$89),45)+$B$14*INDEX(CHOOSE(MATCH(Inputs!$C$4,{"CIE 1931 2deg","CIE 1964 10deg","CIE 2015 2deg","Pasted below"},0),Tables!$C$5:$C$85,Tables!$F$5:$F$85,Tables!$I$5:$I$85,Inputs!$D$9:$D$89),45)+$C$14*INDEX(CHOOSE(MATCH(Inputs!$C$4,{"CIE 1931 2deg","CIE 1964 10deg","CIE 2015 2deg","Pasted below"},0),Tables!$D$5:$D$85,Tables!$G$5:$G$85,Tables!$J$5:$J$85,Inputs!$E$9:$E$89),45) | K49: =$A$15*INDEX(CHOOSE(MATCH(Inputs!$C$4,{"CIE 1931 2deg","CIE 1964 10deg","CIE 2015 2deg","Pasted below"},0),Tables!$B$5:$B$85,Tables!$E$5:$E$85,Tables!$H$5:$H$85,Inputs!$C$9:$C$89),45)+$B$15*INDEX(CHOOSE(MATCH(Inputs!$C$4,{"CIE 1931 2deg","CIE 1964 10deg","CIE 2015 2deg","Pasted below"},0),Tables!$C$5:$C$85,Tables!$F$5:$F$85,Tables!$I$5:$I$85,Inputs!$D$9:$D$89),45)+$C$15*INDEX(CHOOSE(MATCH(Inputs!$C$4,{"CIE 1931 2deg","CIE 1964 10deg","CIE 2015 2deg","Pasted below"},0),Tables!$D$5:$D$85,Tables!$G$5:$G$85,Tables!$J$5:$J$85,Inputs!$E$9:$E$89),45) | L49: =$A$16*INDEX(CHOOSE(MATCH(Inputs!$C$4,{"CIE 1931 2deg","CIE 1964 10deg","CIE 2015 2deg","Pasted below"},0),Tables!$B$5:$B$85,Tables!$E$5:$E$85,Tables!$H$5:$H$85,Inputs!$C$9:$C$89),45)+$B$16*INDEX(CHOOSE(MATCH(Inputs!$C$4,{"CIE 1931 2deg","CIE 1964 10deg","CIE 2015 2deg","Pasted below"},0),Tables!$C$5:$C$85,Tables!$F$5:$F$85,Tables!$I$5:$I$85,Inputs!$D$9:$D$89),45)+$C$16*INDEX(CHOOSE(MATCH(Inputs!$C$4,{"CIE 1931 2deg","CIE 1964 10deg","CIE 2015 2deg","Pasted below"},0),Tables!$D$5:$D$85,Tables!$G$5:$G$85,Tables!$J$5:$J$85,Inputs!$E$9:$E$89),45)
I50: 605 | J50: =$A$14*INDEX(CHOOSE(MATCH(Inputs!$C$4,{"CIE 1931 2deg","CIE 1964 10deg","CIE 2015 2deg","Pasted below"},0),Tables!$B$5:$B$85,Tables!$E$5:$E$85,Tables!$H$5:$H$85,Inputs!$C$9:$C$89),46)+$B$14*INDEX(CHOOSE(MATCH(Inputs!$C$4,{"CIE 1931 2deg","CIE 1964 10deg","CIE 2015 2deg","Pasted below"},0),Tables!$C$5:$C$85,Tables!$F$5:$F$85,Tables!$I$5:$I$85,Inputs!$D$9:$D$89),46)+$C$14*INDEX(CHOOSE(MATCH(Inputs!$C$4,{"CIE 1931 2deg","CIE 1964 10deg","CIE 2015 2deg","Pasted below"},0),Tables!$D$5:$D$85,Tables!$G$5:$G$85,Tables!$J$5:$J$85,Inputs!$E$9:$E$89),46) | K50: =$A$15*INDEX(CHOOSE(MATCH(Inputs!$C$4,{"CIE 1931 2deg","CIE 1964 10deg","CIE 2015 2deg","Pasted below"},0),Tables!$B$5:$B$85,Tables!$E$5:$E$85,Tables!$H$5:$H$85,Inputs!$C$9:$C$89),46)+$B$15*INDEX(CHOOSE(MATCH(Inputs!$C$4,{"CIE 1931 2deg","CIE 1964 10deg","CIE 2015 2deg","Pasted below"},0),Tables!$C$5:$C$85,Tables!$F$5:$F$85,Tables!$I$5:$I$85,Inputs!$D$9:$D$89),46)+$C$15*INDEX(CHOOSE(MATCH(Inputs!$C$4,{"CIE 1931 2deg","CIE 1964 10deg","CIE 2015 2deg","Pasted below"},0),Tables!$D$5:$D$85,Tables!$G$5:$G$85,Tables!$J$5:$J$85,Inputs!$E$9:$E$89),46) | L50: =$A$16*INDEX(CHOOSE(MATCH(Inputs!$C$4,{"CIE 1931 2deg","CIE 1964 10deg","CIE 2015 2deg","Pasted below"},0),Tables!$B$5:$B$85,Tables!$E$5:$E$85,Tables!$H$5:$H$85,Inputs!$C$9:$C$89),46)+$B$16*INDEX(CHOOSE(MATCH(Inputs!$C$4,{"CIE 1931 2deg","CIE 1964 10deg","CIE 2015 2deg","Pasted below"},0),Tables!$C$5:$C$85,Tables!$F$5:$F$85,Tables!$I$5:$I$85,Inputs!$D$9:$D$89),46)+$C$16*INDEX(CHOOSE(MATCH(Inputs!$C$4,{"CIE 1931 2deg","CIE 1964 10deg","CIE 2015 2deg","Pasted below"},0),Tables!$D$5:$D$85,Tables!$G$5:$G$85,Tables!$J$5:$J$85,Inputs!$E$9:$E$89),46)
I51: 610 | J51: =$A$14*INDEX(CHOOSE(MATCH(Inputs!$C$4,{"CIE 1931 2deg","CIE 1964 10deg","CIE 2015 2deg","Pasted below"},0),Tables!$B$5:$B$85,Tables!$E$5:$E$85,Tables!$H$5:$H$85,Inputs!$C$9:$C$89),47)+$B$14*INDEX(CHOOSE(MATCH(Inputs!$C$4,{"CIE 1931 2deg","CIE 1964 10deg","CIE 2015 2deg","Pasted below"},0),Tables!$C$5:$C$85,Tables!$F$5:$F$85,Tables!$I$5:$I$85,Inputs!$D$9:$D$89),47)+$C$14*INDEX(CHOOSE(MATCH(Inputs!$C$4,{"CIE 1931 2deg","CIE 1964 10deg","CIE 2015 2deg","Pasted below"},0),Tables!$D$5:$D$85,Tables!$G$5:$G$85,Tables!$J$5:$J$85,Inputs!$E$9:$E$89),47) | K51: =$A$15*INDEX(CHOOSE(MATCH(Inputs!$C$4,{"CIE 1931 2deg","CIE 1964 10deg","CIE 2015 2deg","Pasted below"},0),Tables!$B$5:$B$85,Tables!$E$5:$E$85,Tables!$H$5:$H$85,Inputs!$C$9:$C$89),47)+$B$15*INDEX(CHOOSE(MATCH(Inputs!$C$4,{"CIE 1931 2deg","CIE 1964 10deg","CIE 2015 2deg","Pasted below"},0),Tables!$C$5:$C$85,Tables!$F$5:$F$85,Tables!$I$5:$I$85,Inputs!$D$9:$D$89),47)+$C$15*INDEX(CHOOSE(MATCH(Inputs!$C$4,{"CIE 1931 2deg","CIE 1964 10deg","CIE 2015 2deg","Pasted below"},0),Tables!$D$5:$D$85,Tables!$G$5:$G$85,Tables!$J$5:$J$85,Inputs!$E$9:$E$89),47) | L51: =$A$16*INDEX(CHOOSE(MATCH(Inputs!$C$4,{"CIE 1931 2deg","CIE 1964 10deg","CIE 2015 2deg","Pasted below"},0),Tables!$B$5:$B$85,Tables!$E$5:$E$85,Tables!$H$5:$H$85,Inputs!$C$9:$C$89),47)+$B$16*INDEX(CHOOSE(MATCH(Inputs!$C$4,{"CIE 1931 2deg","CIE 1964 10deg","CIE 2015 2deg","Pasted below"},0),Tables!$C$5:$C$85,Tables!$F$5:$F$85,Tables!$I$5:$I$85,Inputs!$D$9:$D$89),47)+$C$16*INDEX(CHOOSE(MATCH(Inputs!$C$4,{"CIE 1931 2deg","CIE 1964 10deg","CIE 2015 2deg","Pasted below"},0),Tables!$D$5:$D$85,Tables!$G$5:$G$85,Tables!$J$5:$J$85,Inputs!$E$9:$E$89),47)
I52: 615 | J52: =$A$14*INDEX(CHOOSE(MATCH(Inputs!$C$4,{"CIE 1931 2deg","CIE 1964 10deg","CIE 2015 2deg","Pasted below"},0),Tables!$B$5:$B$85,Tables!$E$5:$E$85,Tables!$H$5:$H$85,Inputs!$C$9:$C$89),48)+$B$14*INDEX(CHOOSE(MATCH(Inputs!$C$4,{"CIE 1931 2deg","CIE 1964 10deg","CIE 2015 2deg","Pasted below"},0),Tables!$C$5:$C$85,Tables!$F$5:$F$85,Tables!$I$5:$I$85,Inputs!$D$9:$D$89),48)+$C$14*INDEX(CHOOSE(MATCH(Inputs!$C$4,{"CIE 1931 2deg","CIE 1964 10deg","CIE 2015 2deg","Pasted below"},0),Tables!$D$5:$D$85,Tables!$G$5:$G$85,Tables!$J$5:$J$85,Inputs!$E$9:$E$89),48) | K52: =$A$15*INDEX(CHOOSE(MATCH(Inputs!$C$4,{"CIE 1931 2deg","CIE 1964 10deg","CIE 2015 2deg","Pasted below"},0),Tables!$B$5:$B$85,Tables!$E$5:$E$85,Tables!$H$5:$H$85,Inputs!$C$9:$C$89),48)+$B$15*INDEX(CHOOSE(MATCH(Inputs!$C$4,{"CIE 1931 2deg","CIE 1964 10deg","CIE 2015 2deg","Pasted below"},0),Tables!$C$5:$C$85,Tables!$F$5:$F$85,Tables!$I$5:$I$85,Inputs!$D$9:$D$89),48)+$C$15*INDEX(CHOOSE(MATCH(Inputs!$C$4,{"CIE 1931 2deg","CIE 1964 10deg","CIE 2015 2deg","Pasted below"},0),Tables!$D$5:$D$85,Tables!$G$5:$G$85,Tables!$J$5:$J$85,Inputs!$E$9:$E$89),48) | L52: =$A$16*INDEX(CHOOSE(MATCH(Inputs!$C$4,{"CIE 1931 2deg","CIE 1964 10deg","CIE 2015 2deg","Pasted below"},0),Tables!$B$5:$B$85,Tables!$E$5:$E$85,Tables!$H$5:$H$85,Inputs!$C$9:$C$89),48)+$B$16*INDEX(CHOOSE(MATCH(Inputs!$C$4,{"CIE 1931 2deg","CIE 1964 10deg","CIE 2015 2deg","Pasted below"},0),Tables!$C$5:$C$85,Tables!$F$5:$F$85,Tables!$I$5:$I$85,Inputs!$D$9:$D$89),48)+$C$16*INDEX(CHOOSE(MATCH(Inputs!$C$4,{"CIE 1931 2deg","CIE 1964 10deg","CIE 2015 2deg","Pasted below"},0),Tables!$D$5:$D$85,Tables!$G$5:$G$85,Tables!$J$5:$J$85,Inputs!$E$9:$E$89),48)
I53: 620 | J53: =$A$14*INDEX(CHOOSE(MATCH(Inputs!$C$4,{"CIE 1931 2deg","CIE 1964 10deg","CIE 2015 2deg","Pasted below"},0),Tables!$B$5:$B$85,Tables!$E$5:$E$85,Tables!$H$5:$H$85,Inputs!$C$9:$C$89),49)+$B$14*INDEX(CHOOSE(MATCH(Inputs!$C$4,{"CIE 1931 2deg","CIE 1964 10deg","CIE 2015 2deg","Pasted below"},0),Tables!$C$5:$C$85,Tables!$F$5:$F$85,Tables!$I$5:$I$85,Inputs!$D$9:$D$89),49)+$C$14*INDEX(CHOOSE(MATCH(Inputs!$C$4,{"CIE 1931 2deg","CIE 1964 10deg","CIE 2015 2deg","Pasted below"},0),Tables!$D$5:$D$85,Tables!$G$5:$G$85,Tables!$J$5:$J$85,Inputs!$E$9:$E$89),49) | K53: =$A$15*INDEX(CHOOSE(MATCH(Inputs!$C$4,{"CIE 1931 2deg","CIE 1964 10deg","CIE 2015 2deg","Pasted below"},0),Tables!$B$5:$B$85,Tables!$E$5:$E$85,Tables!$H$5:$H$85,Inputs!$C$9:$C$89),49)+$B$15*INDEX(CHOOSE(MATCH(Inputs!$C$4,{"CIE 1931 2deg","CIE 1964 10deg","CIE 2015 2deg","Pasted below"},0),Tables!$C$5:$C$85,Tables!$F$5:$F$85,Tables!$I$5:$I$85,Inputs!$D$9:$D$89),49)+$C$15*INDEX(CHOOSE(MATCH(Inputs!$C$4,{"CIE 1931 2deg","CIE 1964 10deg","CIE 2015 2deg","Pasted below"},0),Tables!$D$5:$D$85,Tables!$G$5:$G$85,Tables!$J$5:$J$85,Inputs!$E$9:$E$89),49) | L53: =$A$16*INDEX(CHOOSE(MATCH(Inputs!$C$4,{"CIE 1931 2deg","CIE 1964 10deg","CIE 2015 2deg","Pasted below"},0),Tables!$B$5:$B$85,Tables!$E$5:$E$85,Tables!$H$5:$H$85,Inputs!$C$9:$C$89),49)+$B$16*INDEX(CHOOSE(MATCH(Inputs!$C$4,{"CIE 1931 2deg","CIE 1964 10deg","CIE 2015 2deg","Pasted below"},0),Tables!$C$5:$C$85,Tables!$F$5:$F$85,Tables!$I$5:$I$85,Inputs!$D$9:$D$89),49)+$C$16*INDEX(CHOOSE(MATCH(Inputs!$C$4,{"CIE 1931 2deg","CIE 1964 10deg","CIE 2015 2deg","Pasted below"},0),Tables!$D$5:$D$85,Tables!$G$5:$G$85,Tables!$J$5:$J$85,Inputs!$E$9:$E$89),49)
I54: 625 | J54: =$A$14*INDEX(CHOOSE(MATCH(Inputs!$C$4,{"CIE 1931 2deg","CIE 1964 10deg","CIE 2015 2deg","Pasted below"},0),Tables!$B$5:$B$85,Tables!$E$5:$E$85,Tables!$H$5:$H$85,Inputs!$C$9:$C$89),50)+$B$14*INDEX(CHOOSE(MATCH(Inputs!$C$4,{"CIE 1931 2deg","CIE 1964 10deg","CIE 2015 2deg","Pasted below"},0),Tables!$C$5:$C$85,Tables!$F$5:$F$85,Tables!$I$5:$I$85,Inputs!$D$9:$D$89),50)+$C$14*INDEX(CHOOSE(MATCH(Inputs!$C$4,{"CIE 1931 2deg","CIE 1964 10deg","CIE 2015 2deg","Pasted below"},0),Tables!$D$5:$D$85,Tables!$G$5:$G$85,Tables!$J$5:$J$85,Inputs!$E$9:$E$89),50) | K54: =$A$15*INDEX(CHOOSE(MATCH(Inputs!$C$4,{"CIE 1931 2deg","CIE 1964 10deg","CIE 2015 2deg","Pasted below"},0),Tables!$B$5:$B$85,Tables!$E$5:$E$85,Tables!$H$5:$H$85,Inputs!$C$9:$C$89),50)+$B$15*INDEX(CHOOSE(MATCH(Inputs!$C$4,{"CIE 1931 2deg","CIE 1964 10deg","CIE 2015 2deg","Pasted below"},0),Tables!$C$5:$C$85,Tables!$F$5:$F$85,Tables!$I$5:$I$85,Inputs!$D$9:$D$89),50)+$C$15*INDEX(CHOOSE(MATCH(Inputs!$C$4,{"CIE 1931 2deg","CIE 1964 10deg","CIE 2015 2deg","Pasted below"},0),Tables!$D$5:$D$85,Tables!$G$5:$G$85,Tables!$J$5:$J$85,Inputs!$E$9:$E$89),50) | L54: =$A$16*INDEX(CHOOSE(MATCH(Inputs!$C$4,{"CIE 1931 2deg","CIE 1964 10deg","CIE 2015 2deg","Pasted below"},0),Tables!$B$5:$B$85,Tables!$E$5:$E$85,Tables!$H$5:$H$85,Inputs!$C$9:$C$89),50)+$B$16*INDEX(CHOOSE(MATCH(Inputs!$C$4,{"CIE 1931 2deg","CIE 1964 10deg","CIE 2015 2deg","Pasted below"},0),Tables!$C$5:$C$85,Tables!$F$5:$F$85,Tables!$I$5:$I$85,Inputs!$D$9:$D$89),50)+$C$16*INDEX(CHOOSE(MATCH(Inputs!$C$4,{"CIE 1931 2deg","CIE 1964 10deg","CIE 2015 2deg","Pasted below"},0),Tables!$D$5:$D$85,Tables!$G$5:$G$85,Tables!$J$5:$J$85,Inputs!$E$9:$E$89),50)
I55: 630 | J55: =$A$14*INDEX(CHOOSE(MATCH(Inputs!$C$4,{"CIE 1931 2deg","CIE 1964 10deg","CIE 2015 2deg","Pasted below"},0),Tables!$B$5:$B$85,Tables!$E$5:$E$85,Tables!$H$5:$H$85,Inputs!$C$9:$C$89),51)+$B$14*INDEX(CHOOSE(MATCH(Inputs!$C$4,{"CIE 1931 2deg","CIE 1964 10deg","CIE 2015 2deg","Pasted below"},0),Tables!$C$5:$C$85,Tables!$F$5:$F$85,Tables!$I$5:$I$85,Inputs!$D$9:$D$89),51)+$C$14*INDEX(CHOOSE(MATCH(Inputs!$C$4,{"CIE 1931 2deg","CIE 1964 10deg","CIE 2015 2deg","Pasted below"},0),Tables!$D$5:$D$85,Tables!$G$5:$G$85,Tables!$J$5:$J$85,Inputs!$E$9:$E$89),51) | K55: =$A$15*INDEX(CHOOSE(MATCH(Inputs!$C$4,{"CIE 1931 2deg","CIE 1964 10deg","CIE 2015 2deg","Pasted below"},0),Tables!$B$5:$B$85,Tables!$E$5:$E$85,Tables!$H$5:$H$85,Inputs!$C$9:$C$89),51)+$B$15*INDEX(CHOOSE(MATCH(Inputs!$C$4,{"CIE 1931 2deg","CIE 1964 10deg","CIE 2015 2deg","Pasted below"},0),Tables!$C$5:$C$85,Tables!$F$5:$F$85,Tables!$I$5:$I$85,Inputs!$D$9:$D$89),51)+$C$15*INDEX(CHOOSE(MATCH(Inputs!$C$4,{"CIE 1931 2deg","CIE 1964 10deg","CIE 2015 2deg","Pasted below"},0),Tables!$D$5:$D$85,Tables!$G$5:$G$85,Tables!$J$5:$J$85,Inputs!$E$9:$E$89),51) | L55: =$A$16*INDEX(CHOOSE(MATCH(Inputs!$C$4,{"CIE 1931 2deg","CIE 1964 10deg","CIE 2015 2deg","Pasted below"},0),Tables!$B$5:$B$85,Tables!$E$5:$E$85,Tables!$H$5:$H$85,Inputs!$C$9:$C$89),51)+$B$16*INDEX(CHOOSE(MATCH(Inputs!$C$4,{"CIE 1931 2deg","CIE 1964 10deg","CIE 2015 2deg","Pasted below"},0),Tables!$C$5:$C$85,Tables!$F$5:$F$85,Tables!$I$5:$I$85,Inputs!$D$9:$D$89),51)+$C$16*INDEX(CHOOSE(MATCH(Inputs!$C$4,{"CIE 1931 2deg","CIE 1964 10deg","CIE 2015 2deg","Pasted below"},0),Tables!$D$5:$D$85,Tables!$G$5:$G$85,Tables!$J$5:$J$85,Inputs!$E$9:$E$89),51)
I56: 635 | J56: =$A$14*INDEX(CHOOSE(MATCH(Inputs!$C$4,{"CIE 1931 2deg","CIE 1964 10deg","CIE 2015 2deg","Pasted below"},0),Tables!$B$5:$B$85,Tables!$E$5:$E$85,Tables!$H$5:$H$85,Inputs!$C$9:$C$89),52)+$B$14*INDEX(CHOOSE(MATCH(Inputs!$C$4,{"CIE 1931 2deg","CIE 1964 10deg","CIE 2015 2deg","Pasted below"},0),Tables!$C$5:$C$85,Tables!$F$5:$F$85,Tables!$I$5:$I$85,Inputs!$D$9:$D$89),52)+$C$14*INDEX(CHOOSE(MATCH(Inputs!$C$4,{"CIE 1931 2deg","CIE 1964 10deg","CIE 2015 2deg","Pasted below"},0),Tables!$D$5:$D$85,Tables!$G$5:$G$85,Tables!$J$5:$J$85,Inputs!$E$9:$E$89),52) | K56: =$A$15*INDEX(CHOOSE(MATCH(Inputs!$C$4,{"CIE 1931 2deg","CIE 1964 10deg","CIE 2015 2deg","Pasted below"},0),Tables!$B$5:$B$85,Tables!$E$5:$E$85,Tables!$H$5:$H$85,Inputs!$C$9:$C$89),52)+$B$15*INDEX(CHOOSE(MATCH(Inputs!$C$4,{"CIE 1931 2deg","CIE 1964 10deg","CIE 2015 2deg","Pasted below"},0),Tables!$C$5:$C$85,Tables!$F$5:$F$85,Tables!$I$5:$I$85,Inputs!$D$9:$D$89),52)+$C$15*INDEX(CHOOSE(MATCH(Inputs!$C$4,{"CIE 1931 2deg","CIE 1964 10deg","CIE 2015 2deg","Pasted below"},0),Tables!$D$5:$D$85,Tables!$G$5:$G$85,Tables!$J$5:$J$85,Inputs!$E$9:$E$89),52) | L56: =$A$16*INDEX(CHOOSE(MATCH(Inputs!$C$4,{"CIE 1931 2deg","CIE 1964 10deg","CIE 2015 2deg","Pasted below"},0),Tables!$B$5:$B$85,Tables!$E$5:$E$85,Tables!$H$5:$H$85,Inputs!$C$9:$C$89),52)+$B$16*INDEX(CHOOSE(MATCH(Inputs!$C$4,{"CIE 1931 2deg","CIE 1964 10deg","CIE 2015 2deg","Pasted below"},0),Tables!$C$5:$C$85,Tables!$F$5:$F$85,Tables!$I$5:$I$85,Inputs!$D$9:$D$89),52)+$C$16*INDEX(CHOOSE(MATCH(Inputs!$C$4,{"CIE 1931 2deg","CIE 1964 10deg","CIE 2015 2deg","Pasted below"},0),Tables!$D$5:$D$85,Tables!$G$5:$G$85,Tables!$J$5:$J$85,Inputs!$E$9:$E$89),52)
I57: 640 | J57: =$A$14*INDEX(CHOOSE(MATCH(Inputs!$C$4,{"CIE 1931 2deg","CIE 1964 10deg","CIE 2015 2deg","Pasted below"},0),Tables!$B$5:$B$85,Tables!$E$5:$E$85,Tables!$H$5:$H$85,Inputs!$C$9:$C$89),53)+$B$14*INDEX(CHOOSE(MATCH(Inputs!$C$4,{"CIE 1931 2deg","CIE 1964 10deg","CIE 2015 2deg","Pasted below"},0),Tables!$C$5:$C$85,Tables!$F$5:$F$85,Tables!$I$5:$I$85,Inputs!$D$9:$D$89),53)+$C$14*INDEX(CHOOSE(MATCH(Inputs!$C$4,{"CIE 1931 2deg","CIE 1964 10deg","CIE 2015 2deg","Pasted below"},0),Tables!$D$5:$D$85,Tables!$G$5:$G$85,Tables!$J$5:$J$85,Inputs!$E$9:$E$89),53) | K57: =$A$15*INDEX(CHOOSE(MATCH(Inputs!$C$4,{"CIE 1931 2deg","CIE 1964 10deg","CIE 2015 2deg","Pasted below"},0),Tables!$B$5:$B$85,Tables!$E$5:$E$85,Tables!$H$5:$H$85,Inputs!$C$9:$C$89),53)+$B$15*INDEX(CHOOSE(MATCH(Inputs!$C$4,{"CIE 1931 2deg","CIE 1964 10deg","CIE 2015 2deg","Pasted below"},0),Tables!$C$5:$C$85,Tables!$F$5:$F$85,Tables!$I$5:$I$85,Inputs!$D$9:$D$89),53)+$C$15*INDEX(CHOOSE(MATCH(Inputs!$C$4,{"CIE 1931 2deg","CIE 1964 10deg","CIE 2015 2deg","Pasted below"},0),Tables!$D$5:$D$85,Tables!$G$5:$G$85,Tables!$J$5:$J$85,Inputs!$E$9:$E$89),53) | L57: =$A$16*INDEX(CHOOSE(MATCH(Inputs!$C$4,{"CIE 1931 2deg","CIE 1964 10deg","CIE 2015 2deg","Pasted below"},0),Tables!$B$5:$B$85,Tables!$E$5:$E$85,Tables!$H$5:$H$85,Inputs!$C$9:$C$89),53)+$B$16*INDEX(CHOOSE(MATCH(Inputs!$C$4,{"CIE 1931 2deg","CIE 1964 10deg","CIE 2015 2deg","Pasted below"},0),Tables!$C$5:$C$85,Tables!$F$5:$F$85,Tables!$I$5:$I$85,Inputs!$D$9:$D$89),53)+$C$16*INDEX(CHOOSE(MATCH(Inputs!$C$4,{"CIE 1931 2deg","CIE 1964 10deg","CIE 2015 2deg","Pasted below"},0),Tables!$D$5:$D$85,Tables!$G$5:$G$85,Tables!$J$5:$J$85,Inputs!$E$9:$E$89),53)
I58: 645 | J58: =$A$14*INDEX(CHOOSE(MATCH(Inputs!$C$4,{"CIE 1931 2deg","CIE 1964 10deg","CIE 2015 2deg","Pasted below"},0),Tables!$B$5:$B$85,Tables!$E$5:$E$85,Tables!$H$5:$H$85,Inputs!$C$9:$C$89),54)+$B$14*INDEX(CHOOSE(MATCH(Inputs!$C$4,{"CIE 1931 2deg","CIE 1964 10deg","CIE 2015 2deg","Pasted below"},0),Tables!$C$5:$C$85,Tables!$F$5:$F$85,Tables!$I$5:$I$85,Inputs!$D$9:$D$89),54)+$C$14*INDEX(CHOOSE(MATCH(Inputs!$C$4,{"CIE 1931 2deg","CIE 1964 10deg","CIE 2015 2deg","Pasted below"},0),Tables!$D$5:$D$85,Tables!$G$5:$G$85,Tables!$J$5:$J$85,Inputs!$E$9:$E$89),54) | K58: =$A$15*INDEX(CHOOSE(MATCH(Inputs!$C$4,{"CIE 1931 2deg","CIE 1964 10deg","CIE 2015 2deg","Pasted below"},0),Tables!$B$5:$B$85,Tables!$E$5:$E$85,Tables!$H$5:$H$85,Inputs!$C$9:$C$89),54)+$B$15*INDEX(CHOOSE(MATCH(Inputs!$C$4,{"CIE 1931 2deg","CIE 1964 10deg","CIE 2015 2deg","Pasted below"},0),Tables!$C$5:$C$85,Tables!$F$5:$F$85,Tables!$I$5:$I$85,Inputs!$D$9:$D$89),54)+$C$15*INDEX(CHOOSE(MATCH(Inputs!$C$4,{"CIE 1931 2deg","CIE 1964 10deg","CIE 2015 2deg","Pasted below"},0),Tables!$D$5:$D$85,Tables!$G$5:$G$85,Tables!$J$5:$J$85,Inputs!$E$9:$E$89),54) | L58: =$A$16*INDEX(CHOOSE(MATCH(Inputs!$C$4,{"CIE 1931 2deg","CIE 1964 10deg","CIE 2015 2deg","Pasted below"},0),Tables!$B$5:$B$85,Tables!$E$5:$E$85,Tables!$H$5:$H$85,Inputs!$C$9:$C$89),54)+$B$16*INDEX(CHOOSE(MATCH(Inputs!$C$4,{"CIE 1931 2deg","CIE 1964 10deg","CIE 2015 2deg","Pasted below"},0),Tables!$C$5:$C$85,Tables!$F$5:$F$85,Tables!$I$5:$I$85,Inputs!$D$9:$D$89),54)+$C$16*INDEX(CHOOSE(MATCH(Inputs!$C$4,{"CIE 1931 2deg","CIE 1964 10deg","CIE 2015 2deg","Pasted below"},0),Tables!$D$5:$D$85,Tables!$G$5:$G$85,Tables!$J$5:$J$85,Inputs!$E$9:$E$89),54)
I59: 650 | J59: =$A$14*INDEX(CHOOSE(MATCH(Inputs!$C$4,{"CIE 1931 2deg","CIE 1964 10deg","CIE 2015 2deg","Pasted below"},0),Tables!$B$5:$B$85,Tables!$E$5:$E$85,Tables!$H$5:$H$85,Inputs!$C$9:$C$89),55)+$B$14*INDEX(CHOOSE(MATCH(Inputs!$C$4,{"CIE 1931 2deg","CIE 1964 10deg","CIE 2015 2deg","Pasted below"},0),Tables!$C$5:$C$85,Tables!$F$5:$F$85,Tables!$I$5:$I$85,Inputs!$D$9:$D$89),55)+$C$14*INDEX(CHOOSE(MATCH(Inputs!$C$4,{"CIE 1931 2deg","CIE 1964 10deg","CIE 2015 2deg","Pasted below"},0),Tables!$D$5:$D$85,Tables!$G$5:$G$85,Tables!$J$5:$J$85,Inputs!$E$9:$E$89),55) | K59: =$A$15*INDEX(CHOOSE(MATCH(Inputs!$C$4,{"CIE 1931 2deg","CIE 1964 10deg","CIE 2015 2deg","Pasted below"},0),Tables!$B$5:$B$85,Tables!$E$5:$E$85,Tables!$H$5:$H$85,Inputs!$C$9:$C$89),55)+$B$15*INDEX(CHOOSE(MATCH(Inputs!$C$4,{"CIE 1931 2deg","CIE 1964 10deg","CIE 2015 2deg","Pasted below"},0),Tables!$C$5:$C$85,Tables!$F$5:$F$85,Tables!$I$5:$I$85,Inputs!$D$9:$D$89),55)+$C$15*INDEX(CHOOSE(MATCH(Inputs!$C$4,{"CIE 1931 2deg","CIE 1964 10deg","CIE 2015 2deg","Pasted below"},0),Tables!$D$5:$D$85,Tables!$G$5:$G$85,Tables!$J$5:$J$85,Inputs!$E$9:$E$89),55) | L59: =$A$16*INDEX(CHOOSE(MATCH(Inputs!$C$4,{"CIE 1931 2deg","CIE 1964 10deg","CIE 2015 2deg","Pasted below"},0),Tables!$B$5:$B$85,Tables!$E$5:$E$85,Tables!$H$5:$H$85,Inputs!$C$9:$C$89),55)+$B$16*INDEX(CHOOSE(MATCH(Inputs!$C$4,{"CIE 1931 2deg","CIE 1964 10deg","CIE 2015 2deg","Pasted below"},0),Tables!$C$5:$C$85,Tables!$F$5:$F$85,Tables!$I$5:$I$85,Inputs!$D$9:$D$89),55)+$C$16*INDEX(CHOOSE(MATCH(Inputs!$C$4,{"CIE 1931 2deg","CIE 1964 10deg","CIE 2015 2deg","Pasted below"},0),Tables!$D$5:$D$85,Tables!$G$5:$G$85,Tables!$J$5:$J$85,Inputs!$E$9:$E$89),55)
I60: 655 | J60: =$A$14*INDEX(CHOOSE(MATCH(Inputs!$C$4,{"CIE 1931 2deg","CIE 1964 10deg","CIE 2015 2deg","Pasted below"},0),Tables!$B$5:$B$85,Tables!$E$5:$E$85,Tables!$H$5:$H$85,Inputs!$C$9:$C$89),56)+$B$14*INDEX(CHOOSE(MATCH(Inputs!$C$4,{"CIE 1931 2deg","CIE 1964 10deg","CIE 2015 2deg","Pasted below"},0),Tables!$C$5:$C$85,Tables!$F$5:$F$85,Tables!$I$5:$I$85,Inputs!$D$9:$D$89),56)+$C$14*INDEX(CHOOSE(MATCH(Inputs!$C$4,{"CIE 1931 2deg","CIE 1964 10deg","CIE 2015 2deg","Pasted below"},0),Tables!$D$5:$D$85,Tables!$G$5:$G$85,Tables!$J$5:$J$85,Inputs!$E$9:$E$89),56) | K60: =$A$15*INDEX(CHOOSE(MATCH(Inputs!$C$4,{"CIE 1931 2deg","CIE 1964 10deg","CIE 2015 2deg","Pasted below"},0),Tables!$B$5:$B$85,Tables!$E$5:$E$85,Tables!$H$5:$H$85,Inputs!$C$9:$C$89),56)+$B$15*INDEX(CHOOSE(MATCH(Inputs!$C$4,{"CIE 1931 2deg","CIE 1964 10deg","CIE 2015 2deg","Pasted below"},0),Tables!$C$5:$C$85,Tables!$F$5:$F$85,Tables!$I$5:$I$85,Inputs!$D$9:$D$89),56)+$C$15*INDEX(CHOOSE(MATCH(Inputs!$C$4,{"CIE 1931 2deg","CIE 1964 10deg","CIE 2015 2deg","Pasted below"},0),Tables!$D$5:$D$85,Tables!$G$5:$G$85,Tables!$J$5:$J$85,Inputs!$E$9:$E$89),56) | L60: =$A$16*INDEX(CHOOSE(MATCH(Inputs!$C$4,{"CIE 1931 2deg","CIE 1964 10deg","CIE 2015 2deg","Pasted below"},0),Tables!$B$5:$B$85,Tables!$E$5:$E$85,Tables!$H$5:$H$85,Inputs!$C$9:$C$89),56)+$B$16*INDEX(CHOOSE(MATCH(Inputs!$C$4,{"CIE 1931 2deg","CIE 1964 10deg","CIE 2015 2deg","Pasted below"},0),Tables!$C$5:$C$85,Tables!$F$5:$F$85,Tables!$I$5:$I$85,Inputs!$D$9:$D$89),56)+$C$16*INDEX(CHOOSE(MATCH(Inputs!$C$4,{"CIE 1931 2deg","CIE 1964 10deg","CIE 2015 2deg","Pasted below"},0),Tables!$D$5:$D$85,Tables!$G$5:$G$85,Tables!$J$5:$J$85,Inputs!$E$9:$E$89),56)
I61: 660 | J61: =$A$14*INDEX(CHOOSE(MATCH(Inputs!$C$4,{"CIE 1931 2deg","CIE 1964 10deg","CIE 2015 2deg","Pasted below"},0),Tables!$B$5:$B$85,Tables!$E$5:$E$85,Tables!$H$5:$H$85,Inputs!$C$9:$C$89),57)+$B$14*INDEX(CHOOSE(MATCH(Inputs!$C$4,{"CIE 1931 2deg","CIE 1964 10deg","CIE 2015 2deg","Pasted below"},0),Tables!$C$5:$C$85,Tables!$F$5:$F$85,Tables!$I$5:$I$85,Inputs!$D$9:$D$89),57)+$C$14*INDEX(CHOOSE(MATCH(Inputs!$C$4,{"CIE 1931 2deg","CIE 1964 10deg","CIE 2015 2deg","Pasted below"},0),Tables!$D$5:$D$85,Tables!$G$5:$G$85,Tables!$J$5:$J$85,Inputs!$E$9:$E$89),57) | K61: =$A$15*INDEX(CHOOSE(MATCH(Inputs!$C$4,{"CIE 1931 2deg","CIE 1964 10deg","CIE 2015 2deg","Pasted below"},0),Tables!$B$5:$B$85,Tables!$E$5:$E$85,Tables!$H$5:$H$85,Inputs!$C$9:$C$89),57)+$B$15*INDEX(CHOOSE(MATCH(Inputs!$C$4,{"CIE 1931 2deg","CIE 1964 10deg","CIE 2015 2deg","Pasted below"},0),Tables!$C$5:$C$85,Tables!$F$5:$F$85,Tables!$I$5:$I$85,Inputs!$D$9:$D$89),57)+$C$15*INDEX(CHOOSE(MATCH(Inputs!$C$4,{"CIE 1931 2deg","CIE 1964 10deg","CIE 2015 2deg","Pasted below"},0),Tables!$D$5:$D$85,Tables!$G$5:$G$85,Tables!$J$5:$J$85,Inputs!$E$9:$E$89),57) | L61: =$A$16*INDEX(CHOOSE(MATCH(Inputs!$C$4,{"CIE 1931 2deg","CIE 1964 10deg","CIE 2015 2deg","Pasted below"},0),Tables!$B$5:$B$85,Tables!$E$5:$E$85,Tables!$H$5:$H$85,Inputs!$C$9:$C$89),57)+$B$16*INDEX(CHOOSE(MATCH(Inputs!$C$4,{"CIE 1931 2deg","CIE 1964 10deg","CIE 2015 2deg","Pasted below"},0),Tables!$C$5:$C$85,Tables!$F$5:$F$85,Tables!$I$5:$I$85,Inputs!$D$9:$D$89),57)+$C$16*INDEX(CHOOSE(MATCH(Inputs!$C$4,{"CIE 1931 2deg","CIE 1964 10deg","CIE 2015 2deg","Pasted below"},0),Tables!$D$5:$D$85,Tables!$G$5:$G$85,Tables!$J$5:$J$85,Inputs!$E$9:$E$89),57)
I62: 665 | J62: =$A$14*INDEX(CHOOSE(MATCH(Inputs!$C$4,{"CIE 1931 2deg","CIE 1964 10deg","CIE 2015 2deg","Pasted below"},0),Tables!$B$5:$B$85,Tables!$E$5:$E$85,Tables!$H$5:$H$85,Inputs!$C$9:$C$89),58)+$B$14*INDEX(CHOOSE(MATCH(Inputs!$C$4,{"CIE 1931 2deg","CIE 1964 10deg","CIE 2015 2deg","Pasted below"},0),Tables!$C$5:$C$85,Tables!$F$5:$F$85,Tables!$I$5:$I$85,Inputs!$D$9:$D$89),58)+$C$14*INDEX(CHOOSE(MATCH(Inputs!$C$4,{"CIE 1931 2deg","CIE 1964 10deg","CIE 2015 2deg","Pasted below"},0),Tables!$D$5:$D$85,Tables!$G$5:$G$85,Tables!$J$5:$J$85,Inputs!$E$9:$E$89),58) | K62: =$A$15*INDEX(CHOOSE(MATCH(Inputs!$C$4,{"CIE 1931 2deg","CIE 1964 10deg","CIE 2015 2deg","Pasted below"},0),Tables!$B$5:$B$85,Tables!$E$5:$E$85,Tables!$H$5:$H$85,Inputs!$C$9:$C$89),58)+$B$15*INDEX(CHOOSE(MATCH(Inputs!$C$4,{"CIE 1931 2deg","CIE 1964 10deg","CIE 2015 2deg","Pasted below"},0),Tables!$C$5:$C$85,Tables!$F$5:$F$85,Tables!$I$5:$I$85,Inputs!$D$9:$D$89),58)+$C$15*INDEX(CHOOSE(MATCH(Inputs!$C$4,{"CIE 1931 2deg","CIE 1964 10deg","CIE 2015 2deg","Pasted below"},0),Tables!$D$5:$D$85,Tables!$G$5:$G$85,Tables!$J$5:$J$85,Inputs!$E$9:$E$89),58) | L62: =$A$16*INDEX(CHOOSE(MATCH(Inputs!$C$4,{"CIE 1931 2deg","CIE 1964 10deg","CIE 2015 2deg","Pasted below"},0),Tables!$B$5:$B$85,Tables!$E$5:$E$85,Tables!$H$5:$H$85,Inputs!$C$9:$C$89),58)+$B$16*INDEX(CHOOSE(MATCH(Inputs!$C$4,{"CIE 1931 2deg","CIE 1964 10deg","CIE 2015 2deg","Pasted below"},0),Tables!$C$5:$C$85,Tables!$F$5:$F$85,Tables!$I$5:$I$85,Inputs!$D$9:$D$89),58)+$C$16*INDEX(CHOOSE(MATCH(Inputs!$C$4,{"CIE 1931 2deg","CIE 1964 10deg","CIE 2015 2deg","Pasted below"},0),Tables!$D$5:$D$85,Tables!$G$5:$G$85,Tables!$J$5:$J$85,Inputs!$E$9:$E$89),58)
I63: 670 | J63: =$A$14*INDEX(CHOOSE(MATCH(Inputs!$C$4,{"CIE 1931 2deg","CIE 1964 10deg","CIE 2015 2deg","Pasted below"},0),Tables!$B$5:$B$85,Tables!$E$5:$E$85,Tables!$H$5:$H$85,Inputs!$C$9:$C$89),59)+$B$14*INDEX(CHOOSE(MATCH(Inputs!$C$4,{"CIE 1931 2deg","CIE 1964 10deg","CIE 2015 2deg","Pasted below"},0),Tables!$C$5:$C$85,Tables!$F$5:$F$85,Tables!$I$5:$I$85,Inputs!$D$9:$D$89),59)+$C$14*INDEX(CHOOSE(MATCH(Inputs!$C$4,{"CIE 1931 2deg","CIE 1964 10deg","CIE 2015 2deg","Pasted below"},0),Tables!$D$5:$D$85,Tables!$G$5:$G$85,Tables!$J$5:$J$85,Inputs!$E$9:$E$89),59) | K63: =$A$15*INDEX(CHOOSE(MATCH(Inputs!$C$4,{"CIE 1931 2deg","CIE 1964 10deg","CIE 2015 2deg","Pasted below"},0),Tables!$B$5:$B$85,Tables!$E$5:$E$85,Tables!$H$5:$H$85,Inputs!$C$9:$C$89),59)+$B$15*INDEX(CHOOSE(MATCH(Inputs!$C$4,{"CIE 1931 2deg","CIE 1964 10deg","CIE 2015 2deg","Pasted below"},0),Tables!$C$5:$C$85,Tables!$F$5:$F$85,Tables!$I$5:$I$85,Inputs!$D$9:$D$89),59)+$C$15*INDEX(CHOOSE(MATCH(Inputs!$C$4,{"CIE 1931 2deg","CIE 1964 10deg","CIE 2015 2deg","Pasted below"},0),Tables!$D$5:$D$85,Tables!$G$5:$G$85,Tables!$J$5:$J$85,Inputs!$E$9:$E$89),59) | L63: =$A$16*INDEX(CHOOSE(MATCH(Inputs!$C$4,{"CIE 1931 2deg","CIE 1964 10deg","CIE 2015 2deg","Pasted below"},0),Tables!$B$5:$B$85,Tables!$E$5:$E$85,Tables!$H$5:$H$85,Inputs!$C$9:$C$89),59)+$B$16*INDEX(CHOOSE(MATCH(Inputs!$C$4,{"CIE 1931 2deg","CIE 1964 10deg","CIE 2015 2deg","Pasted below"},0),Tables!$C$5:$C$85,Tables!$F$5:$F$85,Tables!$I$5:$I$85,Inputs!$D$9:$D$89),59)+$C$16*INDEX(CHOOSE(MATCH(Inputs!$C$4,{"CIE 1931 2deg","CIE 1964 10deg","CIE 2015 2deg","Pasted below"},0),Tables!$D$5:$D$85,Tables!$G$5:$G$85,Tables!$J$5:$J$85,Inputs!$E$9:$E$89),59)
I64: 675 | J64: =$A$14*INDEX(CHOOSE(MATCH(Inputs!$C$4,{"CIE 1931 2deg","CIE 1964 10deg","CIE 2015 2deg","Pasted below"},0),Tables!$B$5:$B$85,Tables!$E$5:$E$85,Tables!$H$5:$H$85,Inputs!$C$9:$C$89),60)+$B$14*INDEX(CHOOSE(MATCH(Inputs!$C$4,{"CIE 1931 2deg","CIE 1964 10deg","CIE 2015 2deg","Pasted below"},0),Tables!$C$5:$C$85,Tables!$F$5:$F$85,Tables!$I$5:$I$85,Inputs!$D$9:$D$89),60)+$C$14*INDEX(CHOOSE(MATCH(Inputs!$C$4,{"CIE 1931 2deg","CIE 1964 10deg","CIE 2015 2deg","Pasted below"},0),Tables!$D$5:$D$85,Tables!$G$5:$G$85,Tables!$J$5:$J$85,Inputs!$E$9:$E$89),60) | K64: =$A$15*INDEX(CHOOSE(MATCH(Inputs!$C$4,{"CIE 1931 2deg","CIE 1964 10deg","CIE 2015 2deg","Pasted below"},0),Tables!$B$5:$B$85,Tables!$E$5:$E$85,Tables!$H$5:$H$85,Inputs!$C$9:$C$89),60)+$B$15*INDEX(CHOOSE(MATCH(Inputs!$C$4,{"CIE 1931 2deg","CIE 1964 10deg","CIE 2015 2deg","Pasted below"},0),Tables!$C$5:$C$85,Tables!$F$5:$F$85,Tables!$I$5:$I$85,Inputs!$D$9:$D$89),60)+$C$15*INDEX(CHOOSE(MATCH(Inputs!$C$4,{"CIE 1931 2deg","CIE 1964 10deg","CIE 2015 2deg","Pasted below"},0),Tables!$D$5:$D$85,Tables!$G$5:$G$85,Tables!$J$5:$J$85,Inputs!$E$9:$E$89),60) | L64: =$A$16*INDEX(CHOOSE(MATCH(Inputs!$C$4,{"CIE 1931 2deg","CIE 1964 10deg","CIE 2015 2deg","Pasted below"},0),Tables!$B$5:$B$85,Tables!$E$5:$E$85,Tables!$H$5:$H$85,Inputs!$C$9:$C$89),60)+$B$16*INDEX(CHOOSE(MATCH(Inputs!$C$4,{"CIE 1931 2deg","CIE 1964 10deg","CIE 2015 2deg","Pasted below"},0),Tables!$C$5:$C$85,Tables!$F$5:$F$85,Tables!$I$5:$I$85,Inputs!$D$9:$D$89),60)+$C$16*INDEX(CHOOSE(MATCH(Inputs!$C$4,{"CIE 1931 2deg","CIE 1964 10deg","CIE 2015 2deg","Pasted below"},0),Tables!$D$5:$D$85,Tables!$G$5:$G$85,Tables!$J$5:$J$85,Inputs!$E$9:$E$89),60)
I65: 680 | J65: =$A$14*INDEX(CHOOSE(MATCH(Inputs!$C$4,{"CIE 1931 2deg","CIE 1964 10deg","CIE 2015 2deg","Pasted below"},0),Tables!$B$5:$B$85,Tables!$E$5:$E$85,Tables!$H$5:$H$85,Inputs!$C$9:$C$89),61)+$B$14*INDEX(CHOOSE(MATCH(Inputs!$C$4,{"CIE 1931 2deg","CIE 1964 10deg","CIE 2015 2deg","Pasted below"},0),Tables!$C$5:$C$85,Tables!$F$5:$F$85,Tables!$I$5:$I$85,Inputs!$D$9:$D$89),61)+$C$14*INDEX(CHOOSE(MATCH(Inputs!$C$4,{"CIE 1931 2deg","CIE 1964 10deg","CIE 2015 2deg","Pasted below"},0),Tables!$D$5:$D$85,Tables!$G$5:$G$85,Tables!$J$5:$J$85,Inputs!$E$9:$E$89),61) | K65: =$A$15*INDEX(CHOOSE(MATCH(Inputs!$C$4,{"CIE 1931 2deg","CIE 1964 10deg","CIE 2015 2deg","Pasted below"},0),Tables!$B$5:$B$85,Tables!$E$5:$E$85,Tables!$H$5:$H$85,Inputs!$C$9:$C$89),61)+$B$15*INDEX(CHOOSE(MATCH(Inputs!$C$4,{"CIE 1931 2deg","CIE 1964 10deg","CIE 2015 2deg","Pasted below"},0),Tables!$C$5:$C$85,Tables!$F$5:$F$85,Tables!$I$5:$I$85,Inputs!$D$9:$D$89),61)+$C$15*INDEX(CHOOSE(MATCH(Inputs!$C$4,{"CIE 1931 2deg","CIE 1964 10deg","CIE 2015 2deg","Pasted below"},0),Tables!$D$5:$D$85,Tables!$G$5:$G$85,Tables!$J$5:$J$85,Inputs!$E$9:$E$89),61) | L65: =$A$16*INDEX(CHOOSE(MATCH(Inputs!$C$4,{"CIE 1931 2deg","CIE 1964 10deg","CIE 2015 2deg","Pasted below"},0),Tables!$B$5:$B$85,Tables!$E$5:$E$85,Tables!$H$5:$H$85,Inputs!$C$9:$C$89),61)+$B$16*INDEX(CHOOSE(MATCH(Inputs!$C$4,{"CIE 1931 2deg","CIE 1964 10deg","CIE 2015 2deg","Pasted below"},0),Tables!$C$5:$C$85,Tables!$F$5:$F$85,Tables!$I$5:$I$85,Inputs!$D$9:$D$89),61)+$C$16*INDEX(CHOOSE(MATCH(Inputs!$C$4,{"CIE 1931 2deg","CIE 1964 10deg","CIE 2015 2deg","Pasted below"},0),Tables!$D$5:$D$85,Tables!$G$5:$G$85,Tables!$J$5:$J$85,Inputs!$E$9:$E$89),61)
I66: 685 | J66: =$A$14*INDEX(CHOOSE(MATCH(Inputs!$C$4,{"CIE 1931 2deg","CIE 1964 10deg","CIE 2015 2deg","Pasted below"},0),Tables!$B$5:$B$85,Tables!$E$5:$E$85,Tables!$H$5:$H$85,Inputs!$C$9:$C$89),62)+$B$14*INDEX(CHOOSE(MATCH(Inputs!$C$4,{"CIE 1931 2deg","CIE 1964 10deg","CIE 2015 2deg","Pasted below"},0),Tables!$C$5:$C$85,Tables!$F$5:$F$85,Tables!$I$5:$I$85,Inputs!$D$9:$D$89),62)+$C$14*INDEX(CHOOSE(MATCH(Inputs!$C$4,{"CIE 1931 2deg","CIE 1964 10deg","CIE 2015 2deg","Pasted below"},0),Tables!$D$5:$D$85,Tables!$G$5:$G$85,Tables!$J$5:$J$85,Inputs!$E$9:$E$89),62) | K66: =$A$15*INDEX(CHOOSE(MATCH(Inputs!$C$4,{"CIE 1931 2deg","CIE 1964 10deg","CIE 2015 2deg","Pasted below"},0),Tables!$B$5:$B$85,Tables!$E$5:$E$85,Tables!$H$5:$H$85,Inputs!$C$9:$C$89),62)+$B$15*INDEX(CHOOSE(MATCH(Inputs!$C$4,{"CIE 1931 2deg","CIE 1964 10deg","CIE 2015 2deg","Pasted below"},0),Tables!$C$5:$C$85,Tables!$F$5:$F$85,Tables!$I$5:$I$85,Inputs!$D$9:$D$89),62)+$C$15*INDEX(CHOOSE(MATCH(Inputs!$C$4,{"CIE 1931 2deg","CIE 1964 10deg","CIE 2015 2deg","Pasted below"},0),Tables!$D$5:$D$85,Tables!$G$5:$G$85,Tables!$J$5:$J$85,Inputs!$E$9:$E$89),62) | L66: =$A$16*INDEX(CHOOSE(MATCH(Inputs!$C$4,{"CIE 1931 2deg","CIE 1964 10deg","CIE 2015 2deg","Pasted below"},0),Tables!$B$5:$B$85,Tables!$E$5:$E$85,Tables!$H$5:$H$85,Inputs!$C$9:$C$89),62)+$B$16*INDEX(CHOOSE(MATCH(Inputs!$C$4,{"CIE 1931 2deg","CIE 1964 10deg","CIE 2015 2deg","Pasted below"},0),Tables!$C$5:$C$85,Tables!$F$5:$F$85,Tables!$I$5:$I$85,Inputs!$D$9:$D$89),62)+$C$16*INDEX(CHOOSE(MATCH(Inputs!$C$4,{"CIE 1931 2deg","CIE 1964 10deg","CIE 2015 2deg","Pasted below"},0),Tables!$D$5:$D$85,Tables!$G$5:$G$85,Tables!$J$5:$J$85,Inputs!$E$9:$E$89),62)
I67: 690 | J67: =$A$14*INDEX(CHOOSE(MATCH(Inputs!$C$4,{"CIE 1931 2deg","CIE 1964 10deg","CIE 2015 2deg","Pasted below"},0),Tables!$B$5:$B$85,Tables!$E$5:$E$85,Tables!$H$5:$H$85,Inputs!$C$9:$C$89),63)+$B$14*INDEX(CHOOSE(MATCH(Inputs!$C$4,{"CIE 1931 2deg","CIE 1964 10deg","CIE 2015 2deg","Pasted below"},0),Tables!$C$5:$C$85,Tables!$F$5:$F$85,Tables!$I$5:$I$85,Inputs!$D$9:$D$89),63)+$C$14*INDEX(CHOOSE(MATCH(Inputs!$C$4,{"CIE 1931 2deg","CIE 1964 10deg","CIE 2015 2deg","Pasted below"},0),Tables!$D$5:$D$85,Tables!$G$5:$G$85,Tables!$J$5:$J$85,Inputs!$E$9:$E$89),63) | K67: =$A$15*INDEX(CHOOSE(MATCH(Inputs!$C$4,{"CIE 1931 2deg","CIE 1964 10deg","CIE 2015 2deg","Pasted below"},0),Tables!$B$5:$B$85,Tables!$E$5:$E$85,Tables!$H$5:$H$85,Inputs!$C$9:$C$89),63)+$B$15*INDEX(CHOOSE(MATCH(Inputs!$C$4,{"CIE 1931 2deg","CIE 1964 10deg","CIE 2015 2deg","Pasted below"},0),Tables!$C$5:$C$85,Tables!$F$5:$F$85,Tables!$I$5:$I$85,Inputs!$D$9:$D$89),63)+$C$15*INDEX(CHOOSE(MATCH(Inputs!$C$4,{"CIE 1931 2deg","CIE 1964 10deg","CIE 2015 2deg","Pasted below"},0),Tables!$D$5:$D$85,Tables!$G$5:$G$85,Tables!$J$5:$J$85,Inputs!$E$9:$E$89),63) | L67: =$A$16*INDEX(CHOOSE(MATCH(Inputs!$C$4,{"CIE 1931 2deg","CIE 1964 10deg","CIE 2015 2deg","Pasted below"},0),Tables!$B$5:$B$85,Tables!$E$5:$E$85,Tables!$H$5:$H$85,Inputs!$C$9:$C$89),63)+$B$16*INDEX(CHOOSE(MATCH(Inputs!$C$4,{"CIE 1931 2deg","CIE 1964 10deg","CIE 2015 2deg","Pasted below"},0),Tables!$C$5:$C$85,Tables!$F$5:$F$85,Tables!$I$5:$I$85,Inputs!$D$9:$D$89),63)+$C$16*INDEX(CHOOSE(MATCH(Inputs!$C$4,{"CIE 1931 2deg","CIE 1964 10deg","CIE 2015 2deg","Pasted below"},0),Tables!$D$5:$D$85,Tables!$G$5:$G$85,Tables!$J$5:$J$85,Inputs!$E$9:$E$89),63)
I68: 695 | J68: =$A$14*INDEX(CHOOSE(MATCH(Inputs!$C$4,{"CIE 1931 2deg","CIE 1964 10deg","CIE 2015 2deg","Pasted below"},0),Tables!$B$5:$B$85,Tables!$E$5:$E$85,Tables!$H$5:$H$85,Inputs!$C$9:$C$89),64)+$B$14*INDEX(CHOOSE(MATCH(Inputs!$C$4,{"CIE 1931 2deg","CIE 1964 10deg","CIE 2015 2deg","Pasted below"},0),Tables!$C$5:$C$85,Tables!$F$5:$F$85,Tables!$I$5:$I$85,Inputs!$D$9:$D$89),64)+$C$14*INDEX(CHOOSE(MATCH(Inputs!$C$4,{"CIE 1931 2deg","CIE 1964 10deg","CIE 2015 2deg","Pasted below"},0),Tables!$D$5:$D$85,Tables!$G$5:$G$85,Tables!$J$5:$J$85,Inputs!$E$9:$E$89),64) | K68: =$A$15*INDEX(CHOOSE(MATCH(Inputs!$C$4,{"CIE 1931 2deg","CIE 1964 10deg","CIE 2015 2deg","Pasted below"},0),Tables!$B$5:$B$85,Tables!$E$5:$E$85,Tables!$H$5:$H$85,Inputs!$C$9:$C$89),64)+$B$15*INDEX(CHOOSE(MATCH(Inputs!$C$4,{"CIE 1931 2deg","CIE 1964 10deg","CIE 2015 2deg","Pasted below"},0),Tables!$C$5:$C$85,Tables!$F$5:$F$85,Tables!$I$5:$I$85,Inputs!$D$9:$D$89),64)+$C$15*INDEX(CHOOSE(MATCH(Inputs!$C$4,{"CIE 1931 2deg","CIE 1964 10deg","CIE 2015 2deg","Pasted below"},0),Tables!$D$5:$D$85,Tables!$G$5:$G$85,Tables!$J$5:$J$85,Inputs!$E$9:$E$89),64) | L68: =$A$16*INDEX(CHOOSE(MATCH(Inputs!$C$4,{"CIE 1931 2deg","CIE 1964 10deg","CIE 2015 2deg","Pasted below"},0),Tables!$B$5:$B$85,Tables!$E$5:$E$85,Tables!$H$5:$H$85,Inputs!$C$9:$C$89),64)+$B$16*INDEX(CHOOSE(MATCH(Inputs!$C$4,{"CIE 1931 2deg","CIE 1964 10deg","CIE 2015 2deg","Pasted below"},0),Tables!$C$5:$C$85,Tables!$F$5:$F$85,Tables!$I$5:$I$85,Inputs!$D$9:$D$89),64)+$C$16*INDEX(CHOOSE(MATCH(Inputs!$C$4,{"CIE 1931 2deg","CIE 1964 10deg","CIE 2015 2deg","Pasted below"},0),Tables!$D$5:$D$85,Tables!$G$5:$G$85,Tables!$J$5:$J$85,Inputs!$E$9:$E$89),64)
I69: 700 | J69: =$A$14*INDEX(CHOOSE(MATCH(Inputs!$C$4,{"CIE 1931 2deg","CIE 1964 10deg","CIE 2015 2deg","Pasted below"},0),Tables!$B$5:$B$85,Tables!$E$5:$E$85,Tables!$H$5:$H$85,Inputs!$C$9:$C$89),65)+$B$14*INDEX(CHOOSE(MATCH(Inputs!$C$4,{"CIE 1931 2deg","CIE 1964 10deg","CIE 2015 2deg","Pasted below"},0),Tables!$C$5:$C$85,Tables!$F$5:$F$85,Tables!$I$5:$I$85,Inputs!$D$9:$D$89),65)+$C$14*INDEX(CHOOSE(MATCH(Inputs!$C$4,{"CIE 1931 2deg","CIE 1964 10deg","CIE 2015 2deg","Pasted below"},0),Tables!$D$5:$D$85,Tables!$G$5:$G$85,Tables!$J$5:$J$85,Inputs!$E$9:$E$89),65) | K69: =$A$15*INDEX(CHOOSE(MATCH(Inputs!$C$4,{"CIE 1931 2deg","CIE 1964 10deg","CIE 2015 2deg","Pasted below"},0),Tables!$B$5:$B$85,Tables!$E$5:$E$85,Tables!$H$5:$H$85,Inputs!$C$9:$C$89),65)+$B$15*INDEX(CHOOSE(MATCH(Inputs!$C$4,{"CIE 1931 2deg","CIE 1964 10deg","CIE 2015 2deg","Pasted below"},0),Tables!$C$5:$C$85,Tables!$F$5:$F$85,Tables!$I$5:$I$85,Inputs!$D$9:$D$89),65)+$C$15*INDEX(CHOOSE(MATCH(Inputs!$C$4,{"CIE 1931 2deg","CIE 1964 10deg","CIE 2015 2deg","Pasted below"},0),Tables!$D$5:$D$85,Tables!$G$5:$G$85,Tables!$J$5:$J$85,Inputs!$E$9:$E$89),65) | L69: =$A$16*INDEX(CHOOSE(MATCH(Inputs!$C$4,{"CIE 1931 2deg","CIE 1964 10deg","CIE 2015 2deg","Pasted below"},0),Tables!$B$5:$B$85,Tables!$E$5:$E$85,Tables!$H$5:$H$85,Inputs!$C$9:$C$89),65)+$B$16*INDEX(CHOOSE(MATCH(Inputs!$C$4,{"CIE 1931 2deg","CIE 1964 10deg","CIE 2015 2deg","Pasted below"},0),Tables!$C$5:$C$85,Tables!$F$5:$F$85,Tables!$I$5:$I$85,Inputs!$D$9:$D$89),65)+$C$16*INDEX(CHOOSE(MATCH(Inputs!$C$4,{"CIE 1931 2deg","CIE 1964 10deg","CIE 2015 2deg","Pasted below"},0),Tables!$D$5:$D$85,Tables!$G$5:$G$85,Tables!$J$5:$J$85,Inputs!$E$9:$E$89),65)
I70: 705 | J70: =$A$14*INDEX(CHOOSE(MATCH(Inputs!$C$4,{"CIE 1931 2deg","CIE 1964 10deg","CIE 2015 2deg","Pasted below"},0),Tables!$B$5:$B$85,Tables!$E$5:$E$85,Tables!$H$5:$H$85,Inputs!$C$9:$C$89),66)+$B$14*INDEX(CHOOSE(MATCH(Inputs!$C$4,{"CIE 1931 2deg","CIE 1964 10deg","CIE 2015 2deg","Pasted below"},0),Tables!$C$5:$C$85,Tables!$F$5:$F$85,Tables!$I$5:$I$85,Inputs!$D$9:$D$89),66)+$C$14*INDEX(CHOOSE(MATCH(Inputs!$C$4,{"CIE 1931 2deg","CIE 1964 10deg","CIE 2015 2deg","Pasted below"},0),Tables!$D$5:$D$85,Tables!$G$5:$G$85,Tables!$J$5:$J$85,Inputs!$E$9:$E$89),66) | K70: =$A$15*INDEX(CHOOSE(MATCH(Inputs!$C$4,{"CIE 1931 2deg","CIE 1964 10deg","CIE 2015 2deg","Pasted below"},0),Tables!$B$5:$B$85,Tables!$E$5:$E$85,Tables!$H$5:$H$85,Inputs!$C$9:$C$89),66)+$B$15*INDEX(CHOOSE(MATCH(Inputs!$C$4,{"CIE 1931 2deg","CIE 1964 10deg","CIE 2015 2deg","Pasted below"},0),Tables!$C$5:$C$85,Tables!$F$5:$F$85,Tables!$I$5:$I$85,Inputs!$D$9:$D$89),66)+$C$15*INDEX(CHOOSE(MATCH(Inputs!$C$4,{"CIE 1931 2deg","CIE 1964 10deg","CIE 2015 2deg","Pasted below"},0),Tables!$D$5:$D$85,Tables!$G$5:$G$85,Tables!$J$5:$J$85,Inputs!$E$9:$E$89),66) | L70: =$A$16*INDEX(CHOOSE(MATCH(Inputs!$C$4,{"CIE 1931 2deg","CIE 1964 10deg","CIE 2015 2deg","Pasted below"},0),Tables!$B$5:$B$85,Tables!$E$5:$E$85,Tables!$H$5:$H$85,Inputs!$C$9:$C$89),66)+$B$16*INDEX(CHOOSE(MATCH(Inputs!$C$4,{"CIE 1931 2deg","CIE 1964 10deg","CIE 2015 2deg","Pasted below"},0),Tables!$C$5:$C$85,Tables!$F$5:$F$85,Tables!$I$5:$I$85,Inputs!$D$9:$D$89),66)+$C$16*INDEX(CHOOSE(MATCH(Inputs!$C$4,{"CIE 1931 2deg","CIE 1964 10deg","CIE 2015 2deg","Pasted below"},0),Tables!$D$5:$D$85,Tables!$G$5:$G$85,Tables!$J$5:$J$85,Inputs!$E$9:$E$89),66)
I71: 710 | J71: =$A$14*INDEX(CHOOSE(MATCH(Inputs!$C$4,{"CIE 1931 2deg","CIE 1964 10deg","CIE 2015 2deg","Pasted below"},0),Tables!$B$5:$B$85,Tables!$E$5:$E$85,Tables!$H$5:$H$85,Inputs!$C$9:$C$89),67)+$B$14*INDEX(CHOOSE(MATCH(Inputs!$C$4,{"CIE 1931 2deg","CIE 1964 10deg","CIE 2015 2deg","Pasted below"},0),Tables!$C$5:$C$85,Tables!$F$5:$F$85,Tables!$I$5:$I$85,Inputs!$D$9:$D$89),67)+$C$14*INDEX(CHOOSE(MATCH(Inputs!$C$4,{"CIE 1931 2deg","CIE 1964 10deg","CIE 2015 2deg","Pasted below"},0),Tables!$D$5:$D$85,Tables!$G$5:$G$85,Tables!$J$5:$J$85,Inputs!$E$9:$E$89),67) | K71: =$A$15*INDEX(CHOOSE(MATCH(Inputs!$C$4,{"CIE 1931 2deg","CIE 1964 10deg","CIE 2015 2deg","Pasted below"},0),Tables!$B$5:$B$85,Tables!$E$5:$E$85,Tables!$H$5:$H$85,Inputs!$C$9:$C$89),67)+$B$15*INDEX(CHOOSE(MATCH(Inputs!$C$4,{"CIE 1931 2deg","CIE 1964 10deg","CIE 2015 2deg","Pasted below"},0),Tables!$C$5:$C$85,Tables!$F$5:$F$85,Tables!$I$5:$I$85,Inputs!$D$9:$D$89),67)+$C$15*INDEX(CHOOSE(MATCH(Inputs!$C$4,{"CIE 1931 2deg","CIE 1964 10deg","CIE 2015 2deg","Pasted below"},0),Tables!$D$5:$D$85,Tables!$G$5:$G$85,Tables!$J$5:$J$85,Inputs!$E$9:$E$89),67) | L71: =$A$16*INDEX(CHOOSE(MATCH(Inputs!$C$4,{"CIE 1931 2deg","CIE 1964 10deg","CIE 2015 2deg","Pasted below"},0),Tables!$B$5:$B$85,Tables!$E$5:$E$85,Tables!$H$5:$H$85,Inputs!$C$9:$C$89),67)+$B$16*INDEX(CHOOSE(MATCH(Inputs!$C$4,{"CIE 1931 2deg","CIE 1964 10deg","CIE 2015 2deg","Pasted below"},0),Tables!$C$5:$C$85,Tables!$F$5:$F$85,Tables!$I$5:$I$85,Inputs!$D$9:$D$89),67)+$C$16*INDEX(CHOOSE(MATCH(Inputs!$C$4,{"CIE 1931 2deg","CIE 1964 10deg","CIE 2015 2deg","Pasted below"},0),Tables!$D$5:$D$85,Tables!$G$5:$G$85,Tables!$J$5:$J$85,Inputs!$E$9:$E$89),67)
I72: 715 | J72: =$A$14*INDEX(CHOOSE(MATCH(Inputs!$C$4,{"CIE 1931 2deg","CIE 1964 10deg","CIE 2015 2deg","Pasted below"},0),Tables!$B$5:$B$85,Tables!$E$5:$E$85,Tables!$H$5:$H$85,Inputs!$C$9:$C$89),68)+$B$14*INDEX(CHOOSE(MATCH(Inputs!$C$4,{"CIE 1931 2deg","CIE 1964 10deg","CIE 2015 2deg","Pasted below"},0),Tables!$C$5:$C$85,Tables!$F$5:$F$85,Tables!$I$5:$I$85,Inputs!$D$9:$D$89),68)+$C$14*INDEX(CHOOSE(MATCH(Inputs!$C$4,{"CIE 1931 2deg","CIE 1964 10deg","CIE 2015 2deg","Pasted below"},0),Tables!$D$5:$D$85,Tables!$G$5:$G$85,Tables!$J$5:$J$85,Inputs!$E$9:$E$89),68) | K72: =$A$15*INDEX(CHOOSE(MATCH(Inputs!$C$4,{"CIE 1931 2deg","CIE 1964 10deg","CIE 2015 2deg","Pasted below"},0),Tables!$B$5:$B$85,Tables!$E$5:$E$85,Tables!$H$5:$H$85,Inputs!$C$9:$C$89),68)+$B$15*INDEX(CHOOSE(MATCH(Inputs!$C$4,{"CIE 1931 2deg","CIE 1964 10deg","CIE 2015 2deg","Pasted below"},0),Tables!$C$5:$C$85,Tables!$F$5:$F$85,Tables!$I$5:$I$85,Inputs!$D$9:$D$89),68)+$C$15*INDEX(CHOOSE(MATCH(Inputs!$C$4,{"CIE 1931 2deg","CIE 1964 10deg","CIE 2015 2deg","Pasted below"},0),Tables!$D$5:$D$85,Tables!$G$5:$G$85,Tables!$J$5:$J$85,Inputs!$E$9:$E$89),68) | L72: =$A$16*INDEX(CHOOSE(MATCH(Inputs!$C$4,{"CIE 1931 2deg","CIE 1964 10deg","CIE 2015 2deg","Pasted below"},0),Tables!$B$5:$B$85,Tables!$E$5:$E$85,Tables!$H$5:$H$85,Inputs!$C$9:$C$89),68)+$B$16*INDEX(CHOOSE(MATCH(Inputs!$C$4,{"CIE 1931 2deg","CIE 1964 10deg","CIE 2015 2deg","Pasted below"},0),Tables!$C$5:$C$85,Tables!$F$5:$F$85,Tables!$I$5:$I$85,Inputs!$D$9:$D$89),68)+$C$16*INDEX(CHOOSE(MATCH(Inputs!$C$4,{"CIE 1931 2deg","CIE 1964 10deg","CIE 2015 2deg","Pasted below"},0),Tables!$D$5:$D$85,Tables!$G$5:$G$85,Tables!$J$5:$J$85,Inputs!$E$9:$E$89),68)
I73: 720 | J73: =$A$14*INDEX(CHOOSE(MATCH(Inputs!$C$4,{"CIE 1931 2deg","CIE 1964 10deg","CIE 2015 2deg","Pasted below"},0),Tables!$B$5:$B$85,Tables!$E$5:$E$85,Tables!$H$5:$H$85,Inputs!$C$9:$C$89),69)+$B$14*INDEX(CHOOSE(MATCH(Inputs!$C$4,{"CIE 1931 2deg","CIE 1964 10deg","CIE 2015 2deg","Pasted below"},0),Tables!$C$5:$C$85,Tables!$F$5:$F$85,Tables!$I$5:$I$85,Inputs!$D$9:$D$89),69)+$C$14*INDEX(CHOOSE(MATCH(Inputs!$C$4,{"CIE 1931 2deg","CIE 1964 10deg","CIE 2015 2deg","Pasted below"},0),Tables!$D$5:$D$85,Tables!$G$5:$G$85,Tables!$J$5:$J$85,Inputs!$E$9:$E$89),69) | K73: =$A$15*INDEX(CHOOSE(MATCH(Inputs!$C$4,{"CIE 1931 2deg","CIE 1964 10deg","CIE 2015 2deg","Pasted below"},0),Tables!$B$5:$B$85,Tables!$E$5:$E$85,Tables!$H$5:$H$85,Inputs!$C$9:$C$89),69)+$B$15*INDEX(CHOOSE(MATCH(Inputs!$C$4,{"CIE 1931 2deg","CIE 1964 10deg","CIE 2015 2deg","Pasted below"},0),Tables!$C$5:$C$85,Tables!$F$5:$F$85,Tables!$I$5:$I$85,Inputs!$D$9:$D$89),69)+$C$15*INDEX(CHOOSE(MATCH(Inputs!$C$4,{"CIE 1931 2deg","CIE 1964 10deg","CIE 2015 2deg","Pasted below"},0),Tables!$D$5:$D$85,Tables!$G$5:$G$85,Tables!$J$5:$J$85,Inputs!$E$9:$E$89),69) | L73: =$A$16*INDEX(CHOOSE(MATCH(Inputs!$C$4,{"CIE 1931 2deg","CIE 1964 10deg","CIE 2015 2deg","Pasted below"},0),Tables!$B$5:$B$85,Tables!$E$5:$E$85,Tables!$H$5:$H$85,Inputs!$C$9:$C$89),69)+$B$16*INDEX(CHOOSE(MATCH(Inputs!$C$4,{"CIE 1931 2deg","CIE 1964 10deg","CIE 2015 2deg","Pasted below"},0),Tables!$C$5:$C$85,Tables!$F$5:$F$85,Tables!$I$5:$I$85,Inputs!$D$9:$D$89),69)+$C$16*INDEX(CHOOSE(MATCH(Inputs!$C$4,{"CIE 1931 2deg","CIE 1964 10deg","CIE 2015 2deg","Pasted below"},0),Tables!$D$5:$D$85,Tables!$G$5:$G$85,Tables!$J$5:$J$85,Inputs!$E$9:$E$89),69)
I74: 725 | J74: =$A$14*INDEX(CHOOSE(MATCH(Inputs!$C$4,{"CIE 1931 2deg","CIE 1964 10deg","CIE 2015 2deg","Pasted below"},0),Tables!$B$5:$B$85,Tables!$E$5:$E$85,Tables!$H$5:$H$85,Inputs!$C$9:$C$89),70)+$B$14*INDEX(CHOOSE(MATCH(Inputs!$C$4,{"CIE 1931 2deg","CIE 1964 10deg","CIE 2015 2deg","Pasted below"},0),Tables!$C$5:$C$85,Tables!$F$5:$F$85,Tables!$I$5:$I$85,Inputs!$D$9:$D$89),70)+$C$14*INDEX(CHOOSE(MATCH(Inputs!$C$4,{"CIE 1931 2deg","CIE 1964 10deg","CIE 2015 2deg","Pasted below"},0),Tables!$D$5:$D$85,Tables!$G$5:$G$85,Tables!$J$5:$J$85,Inputs!$E$9:$E$89),70) | K74: =$A$15*INDEX(CHOOSE(MATCH(Inputs!$C$4,{"CIE 1931 2deg","CIE 1964 10deg","CIE 2015 2deg","Pasted below"},0),Tables!$B$5:$B$85,Tables!$E$5:$E$85,Tables!$H$5:$H$85,Inputs!$C$9:$C$89),70)+$B$15*INDEX(CHOOSE(MATCH(Inputs!$C$4,{"CIE 1931 2deg","CIE 1964 10deg","CIE 2015 2deg","Pasted below"},0),Tables!$C$5:$C$85,Tables!$F$5:$F$85,Tables!$I$5:$I$85,Inputs!$D$9:$D$89),70)+$C$15*INDEX(CHOOSE(MATCH(Inputs!$C$4,{"CIE 1931 2deg","CIE 1964 10deg","CIE 2015 2deg","Pasted below"},0),Tables!$D$5:$D$85,Tables!$G$5:$G$85,Tables!$J$5:$J$85,Inputs!$E$9:$E$89),70) | L74: =$A$16*INDEX(CHOOSE(MATCH(Inputs!$C$4,{"CIE 1931 2deg","CIE 1964 10deg","CIE 2015 2deg","Pasted below"},0),Tables!$B$5:$B$85,Tables!$E$5:$E$85,Tables!$H$5:$H$85,Inputs!$C$9:$C$89),70)+$B$16*INDEX(CHOOSE(MATCH(Inputs!$C$4,{"CIE 1931 2deg","CIE 1964 10deg","CIE 2015 2deg","Pasted below"},0),Tables!$C$5:$C$85,Tables!$F$5:$F$85,Tables!$I$5:$I$85,Inputs!$D$9:$D$89),70)+$C$16*INDEX(CHOOSE(MATCH(Inputs!$C$4,{"CIE 1931 2deg","CIE 1964 10deg","CIE 2015 2deg","Pasted below"},0),Tables!$D$5:$D$85,Tables!$G$5:$G$85,Tables!$J$5:$J$85,Inputs!$E$9:$E$89),70)
I75: 730 | J75: =$A$14*INDEX(CHOOSE(MATCH(Inputs!$C$4,{"CIE 1931 2deg","CIE 1964 10deg","CIE 2015 2deg","Pasted below"},0),Tables!$B$5:$B$85,Tables!$E$5:$E$85,Tables!$H$5:$H$85,Inputs!$C$9:$C$89),71)+$B$14*INDEX(CHOOSE(MATCH(Inputs!$C$4,{"CIE 1931 2deg","CIE 1964 10deg","CIE 2015 2deg","Pasted below"},0),Tables!$C$5:$C$85,Tables!$F$5:$F$85,Tables!$I$5:$I$85,Inputs!$D$9:$D$89),71)+$C$14*INDEX(CHOOSE(MATCH(Inputs!$C$4,{"CIE 1931 2deg","CIE 1964 10deg","CIE 2015 2deg","Pasted below"},0),Tables!$D$5:$D$85,Tables!$G$5:$G$85,Tables!$J$5:$J$85,Inputs!$E$9:$E$89),71) | K75: =$A$15*INDEX(CHOOSE(MATCH(Inputs!$C$4,{"CIE 1931 2deg","CIE 1964 10deg","CIE 2015 2deg","Pasted below"},0),Tables!$B$5:$B$85,Tables!$E$5:$E$85,Tables!$H$5:$H$85,Inputs!$C$9:$C$89),71)+$B$15*INDEX(CHOOSE(MATCH(Inputs!$C$4,{"CIE 1931 2deg","CIE 1964 10deg","CIE 2015 2deg","Pasted below"},0),Tables!$C$5:$C$85,Tables!$F$5:$F$85,Tables!$I$5:$I$85,Inputs!$D$9:$D$89),71)+$C$15*INDEX(CHOOSE(MATCH(Inputs!$C$4,{"CIE 1931 2deg","CIE 1964 10deg","CIE 2015 2deg","Pasted below"},0),Tables!$D$5:$D$85,Tables!$G$5:$G$85,Tables!$J$5:$J$85,Inputs!$E$9:$E$89),71) | L75: =$A$16*INDEX(CHOOSE(MATCH(Inputs!$C$4,{"CIE 1931 2deg","CIE 1964 10deg","CIE 2015 2deg","Pasted below"},0),Tables!$B$5:$B$85,Tables!$E$5:$E$85,Tables!$H$5:$H$85,Inputs!$C$9:$C$89),71)+$B$16*INDEX(CHOOSE(MATCH(Inputs!$C$4,{"CIE 1931 2deg","CIE 1964 10deg","CIE 2015 2deg","Pasted below"},0),Tables!$C$5:$C$85,Tables!$F$5:$F$85,Tables!$I$5:$I$85,Inputs!$D$9:$D$89),71)+$C$16*INDEX(CHOOSE(MATCH(Inputs!$C$4,{"CIE 1931 2deg","CIE 1964 10deg","CIE 2015 2deg","Pasted below"},0),Tables!$D$5:$D$85,Tables!$G$5:$G$85,Tables!$J$5:$J$85,Inputs!$E$9:$E$89),71)
I76: 735 | J76: =$A$14*INDEX(CHOOSE(MATCH(Inputs!$C$4,{"CIE 1931 2deg","CIE 1964 10deg","CIE 2015 2deg","Pasted below"},0),Tables!$B$5:$B$85,Tables!$E$5:$E$85,Tables!$H$5:$H$85,Inputs!$C$9:$C$89),72)+$B$14*INDEX(CHOOSE(MATCH(Inputs!$C$4,{"CIE 1931 2deg","CIE 1964 10deg","CIE 2015 2deg","Pasted below"},0),Tables!$C$5:$C$85,Tables!$F$5:$F$85,Tables!$I$5:$I$85,Inputs!$D$9:$D$89),72)+$C$14*INDEX(CHOOSE(MATCH(Inputs!$C$4,{"CIE 1931 2deg","CIE 1964 10deg","CIE 2015 2deg","Pasted below"},0),Tables!$D$5:$D$85,Tables!$G$5:$G$85,Tables!$J$5:$J$85,Inputs!$E$9:$E$89),72) | K76: =$A$15*INDEX(CHOOSE(MATCH(Inputs!$C$4,{"CIE 1931 2deg","CIE 1964 10deg","CIE 2015 2deg","Pasted below"},0),Tables!$B$5:$B$85,Tables!$E$5:$E$85,Tables!$H$5:$H$85,Inputs!$C$9:$C$89),72)+$B$15*INDEX(CHOOSE(MATCH(Inputs!$C$4,{"CIE 1931 2deg","CIE 1964 10deg","CIE 2015 2deg","Pasted below"},0),Tables!$C$5:$C$85,Tables!$F$5:$F$85,Tables!$I$5:$I$85,Inputs!$D$9:$D$89),72)+$C$15*INDEX(CHOOSE(MATCH(Inputs!$C$4,{"CIE 1931 2deg","CIE 1964 10deg","CIE 2015 2deg","Pasted below"},0),Tables!$D$5:$D$85,Tables!$G$5:$G$85,Tables!$J$5:$J$85,Inputs!$E$9:$E$89),72) | L76: =$A$16*INDEX(CHOOSE(MATCH(Inputs!$C$4,{"CIE 1931 2deg","CIE 1964 10deg","CIE 2015 2deg","Pasted below"},0),Tables!$B$5:$B$85,Tables!$E$5:$E$85,Tables!$H$5:$H$85,Inputs!$C$9:$C$89),72)+$B$16*INDEX(CHOOSE(MATCH(Inputs!$C$4,{"CIE 1931 2deg","CIE 1964 10deg","CIE 2015 2deg","Pasted below"},0),Tables!$C$5:$C$85,Tables!$F$5:$F$85,Tables!$I$5:$I$85,Inputs!$D$9:$D$89),72)+$C$16*INDEX(CHOOSE(MATCH(Inputs!$C$4,{"CIE 1931 2deg","CIE 1964 10deg","CIE 2015 2deg","Pasted below"},0),Tables!$D$5:$D$85,Tables!$G$5:$G$85,Tables!$J$5:$J$85,Inputs!$E$9:$E$89),72)
I77: 740 | J77: =$A$14*INDEX(CHOOSE(MATCH(Inputs!$C$4,{"CIE 1931 2deg","CIE 1964 10deg","CIE 2015 2deg","Pasted below"},0),Tables!$B$5:$B$85,Tables!$E$5:$E$85,Tables!$H$5:$H$85,Inputs!$C$9:$C$89),73)+$B$14*INDEX(CHOOSE(MATCH(Inputs!$C$4,{"CIE 1931 2deg","CIE 1964 10deg","CIE 2015 2deg","Pasted below"},0),Tables!$C$5:$C$85,Tables!$F$5:$F$85,Tables!$I$5:$I$85,Inputs!$D$9:$D$89),73)+$C$14*INDEX(CHOOSE(MATCH(Inputs!$C$4,{"CIE 1931 2deg","CIE 1964 10deg","CIE 2015 2deg","Pasted below"},0),Tables!$D$5:$D$85,Tables!$G$5:$G$85,Tables!$J$5:$J$85,Inputs!$E$9:$E$89),73) | K77: =$A$15*INDEX(CHOOSE(MATCH(Inputs!$C$4,{"CIE 1931 2deg","CIE 1964 10deg","CIE 2015 2deg","Pasted below"},0),Tables!$B$5:$B$85,Tables!$E$5:$E$85,Tables!$H$5:$H$85,Inputs!$C$9:$C$89),73)+$B$15*INDEX(CHOOSE(MATCH(Inputs!$C$4,{"CIE 1931 2deg","CIE 1964 10deg","CIE 2015 2deg","Pasted below"},0),Tables!$C$5:$C$85,Tables!$F$5:$F$85,Tables!$I$5:$I$85,Inputs!$D$9:$D$89),73)+$C$15*INDEX(CHOOSE(MATCH(Inputs!$C$4,{"CIE 1931 2deg","CIE 1964 10deg","CIE 2015 2deg","Pasted below"},0),Tables!$D$5:$D$85,Tables!$G$5:$G$85,Tables!$J$5:$J$85,Inputs!$E$9:$E$89),73) | L77: =$A$16*INDEX(CHOOSE(MATCH(Inputs!$C$4,{"CIE 1931 2deg","CIE 1964 10deg","CIE 2015 2deg","Pasted below"},0),Tables!$B$5:$B$85,Tables!$E$5:$E$85,Tables!$H$5:$H$85,Inputs!$C$9:$C$89),73)+$B$16*INDEX(CHOOSE(MATCH(Inputs!$C$4,{"CIE 1931 2deg","CIE 1964 10deg","CIE 2015 2deg","Pasted below"},0),Tables!$C$5:$C$85,Tables!$F$5:$F$85,Tables!$I$5:$I$85,Inputs!$D$9:$D$89),73)+$C$16*INDEX(CHOOSE(MATCH(Inputs!$C$4,{"CIE 1931 2deg","CIE 1964 10deg","CIE 2015 2deg","Pasted below"},0),Tables!$D$5:$D$85,Tables!$G$5:$G$85,Tables!$J$5:$J$85,Inputs!$E$9:$E$89),73)
I78: 745 | J78: =$A$14*INDEX(CHOOSE(MATCH(Inputs!$C$4,{"CIE 1931 2deg","CIE 1964 10deg","CIE 2015 2deg","Pasted below"},0),Tables!$B$5:$B$85,Tables!$E$5:$E$85,Tables!$H$5:$H$85,Inputs!$C$9:$C$89),74)+$B$14*INDEX(CHOOSE(MATCH(Inputs!$C$4,{"CIE 1931 2deg","CIE 1964 10deg","CIE 2015 2deg","Pasted below"},0),Tables!$C$5:$C$85,Tables!$F$5:$F$85,Tables!$I$5:$I$85,Inputs!$D$9:$D$89),74)+$C$14*INDEX(CHOOSE(MATCH(Inputs!$C$4,{"CIE 1931 2deg","CIE 1964 10deg","CIE 2015 2deg","Pasted below"},0),Tables!$D$5:$D$85,Tables!$G$5:$G$85,Tables!$J$5:$J$85,Inputs!$E$9:$E$89),74) | K78: =$A$15*INDEX(CHOOSE(MATCH(Inputs!$C$4,{"CIE 1931 2deg","CIE 1964 10deg","CIE 2015 2deg","Pasted below"},0),Tables!$B$5:$B$85,Tables!$E$5:$E$85,Tables!$H$5:$H$85,Inputs!$C$9:$C$89),74)+$B$15*INDEX(CHOOSE(MATCH(Inputs!$C$4,{"CIE 1931 2deg","CIE 1964 10deg","CIE 2015 2deg","Pasted below"},0),Tables!$C$5:$C$85,Tables!$F$5:$F$85,Tables!$I$5:$I$85,Inputs!$D$9:$D$89),74)+$C$15*INDEX(CHOOSE(MATCH(Inputs!$C$4,{"CIE 1931 2deg","CIE 1964 10deg","CIE 2015 2deg","Pasted below"},0),Tables!$D$5:$D$85,Tables!$G$5:$G$85,Tables!$J$5:$J$85,Inputs!$E$9:$E$89),74) | L78: =$A$16*INDEX(CHOOSE(MATCH(Inputs!$C$4,{"CIE 1931 2deg","CIE 1964 10deg","CIE 2015 2deg","Pasted below"},0),Tables!$B$5:$B$85,Tables!$E$5:$E$85,Tables!$H$5:$H$85,Inputs!$C$9:$C$89),74)+$B$16*INDEX(CHOOSE(MATCH(Inputs!$C$4,{"CIE 1931 2deg","CIE 1964 10deg","CIE 2015 2deg","Pasted below"},0),Tables!$C$5:$C$85,Tables!$F$5:$F$85,Tables!$I$5:$I$85,Inputs!$D$9:$D$89),74)+$C$16*INDEX(CHOOSE(MATCH(Inputs!$C$4,{"CIE 1931 2deg","CIE 1964 10deg","CIE 2015 2deg","Pasted below"},0),Tables!$D$5:$D$85,Tables!$G$5:$G$85,Tables!$J$5:$J$85,Inputs!$E$9:$E$89),74)
I79: 750 | J79: =$A$14*INDEX(CHOOSE(MATCH(Inputs!$C$4,{"CIE 1931 2deg","CIE 1964 10deg","CIE 2015 2deg","Pasted below"},0),Tables!$B$5:$B$85,Tables!$E$5:$E$85,Tables!$H$5:$H$85,Inputs!$C$9:$C$89),75)+$B$14*INDEX(CHOOSE(MATCH(Inputs!$C$4,{"CIE 1931 2deg","CIE 1964 10deg","CIE 2015 2deg","Pasted below"},0),Tables!$C$5:$C$85,Tables!$F$5:$F$85,Tables!$I$5:$I$85,Inputs!$D$9:$D$89),75)+$C$14*INDEX(CHOOSE(MATCH(Inputs!$C$4,{"CIE 1931 2deg","CIE 1964 10deg","CIE 2015 2deg","Pasted below"},0),Tables!$D$5:$D$85,Tables!$G$5:$G$85,Tables!$J$5:$J$85,Inputs!$E$9:$E$89),75) | K79: =$A$15*INDEX(CHOOSE(MATCH(Inputs!$C$4,{"CIE 1931 2deg","CIE 1964 10deg","CIE 2015 2deg","Pasted below"},0),Tables!$B$5:$B$85,Tables!$E$5:$E$85,Tables!$H$5:$H$85,Inputs!$C$9:$C$89),75)+$B$15*INDEX(CHOOSE(MATCH(Inputs!$C$4,{"CIE 1931 2deg","CIE 1964 10deg","CIE 2015 2deg","Pasted below"},0),Tables!$C$5:$C$85,Tables!$F$5:$F$85,Tables!$I$5:$I$85,Inputs!$D$9:$D$89),75)+$C$15*INDEX(CHOOSE(MATCH(Inputs!$C$4,{"CIE 1931 2deg","CIE 1964 10deg","CIE 2015 2deg","Pasted below"},0),Tables!$D$5:$D$85,Tables!$G$5:$G$85,Tables!$J$5:$J$85,Inputs!$E$9:$E$89),75) | L79: =$A$16*INDEX(CHOOSE(MATCH(Inputs!$C$4,{"CIE 1931 2deg","CIE 1964 10deg","CIE 2015 2deg","Pasted below"},0),Tables!$B$5:$B$85,Tables!$E$5:$E$85,Tables!$H$5:$H$85,Inputs!$C$9:$C$89),75)+$B$16*INDEX(CHOOSE(MATCH(Inputs!$C$4,{"CIE 1931 2deg","CIE 1964 10deg","CIE 2015 2deg","Pasted below"},0),Tables!$C$5:$C$85,Tables!$F$5:$F$85,Tables!$I$5:$I$85,Inputs!$D$9:$D$89),75)+$C$16*INDEX(CHOOSE(MATCH(Inputs!$C$4,{"CIE 1931 2deg","CIE 1964 10deg","CIE 2015 2deg","Pasted below"},0),Tables!$D$5:$D$85,Tables!$G$5:$G$85,Tables!$J$5:$J$85,Inputs!$E$9:$E$89),75)
I80: 755 | J80: =$A$14*INDEX(CHOOSE(MATCH(Inputs!$C$4,{"CIE 1931 2deg","CIE 1964 10deg","CIE 2015 2deg","Pasted below"},0),Tables!$B$5:$B$85,Tables!$E$5:$E$85,Tables!$H$5:$H$85,Inputs!$C$9:$C$89),76)+$B$14*INDEX(CHOOSE(MATCH(Inputs!$C$4,{"CIE 1931 2deg","CIE 1964 10deg","CIE 2015 2deg","Pasted below"},0),Tables!$C$5:$C$85,Tables!$F$5:$F$85,Tables!$I$5:$I$85,Inputs!$D$9:$D$89),76)+$C$14*INDEX(CHOOSE(MATCH(Inputs!$C$4,{"CIE 1931 2deg","CIE 1964 10deg","CIE 2015 2deg","Pasted below"},0),Tables!$D$5:$D$85,Tables!$G$5:$G$85,Tables!$J$5:$J$85,Inputs!$E$9:$E$89),76) | K80: =$A$15*INDEX(CHOOSE(MATCH(Inputs!$C$4,{"CIE 1931 2deg","CIE 1964 10deg","CIE 2015 2deg","Pasted below"},0),Tables!$B$5:$B$85,Tables!$E$5:$E$85,Tables!$H$5:$H$85,Inputs!$C$9:$C$89),76)+$B$15*INDEX(CHOOSE(MATCH(Inputs!$C$4,{"CIE 1931 2deg","CIE 1964 10deg","CIE 2015 2deg","Pasted below"},0),Tables!$C$5:$C$85,Tables!$F$5:$F$85,Tables!$I$5:$I$85,Inputs!$D$9:$D$89),76)+$C$15*INDEX(CHOOSE(MATCH(Inputs!$C$4,{"CIE 1931 2deg","CIE 1964 10deg","CIE 2015 2deg","Pasted below"},0),Tables!$D$5:$D$85,Tables!$G$5:$G$85,Tables!$J$5:$J$85,Inputs!$E$9:$E$89),76) | L80: =$A$16*INDEX(CHOOSE(MATCH(Inputs!$C$4,{"CIE 1931 2deg","CIE 1964 10deg","CIE 2015 2deg","Pasted below"},0),Tables!$B$5:$B$85,Tables!$E$5:$E$85,Tables!$H$5:$H$85,Inputs!$C$9:$C$89),76)+$B$16*INDEX(CHOOSE(MATCH(Inputs!$C$4,{"CIE 1931 2deg","CIE 1964 10deg","CIE 2015 2deg","Pasted below"},0),Tables!$C$5:$C$85,Tables!$F$5:$F$85,Tables!$I$5:$I$85,Inputs!$D$9:$D$89),76)+$C$16*INDEX(CHOOSE(MATCH(Inputs!$C$4,{"CIE 1931 2deg","CIE 1964 10deg","CIE 2015 2deg","Pasted below"},0),Tables!$D$5:$D$85,Tables!$G$5:$G$85,Tables!$J$5:$J$85,Inputs!$E$9:$E$89),76)
I81: 760 | J81: =$A$14*INDEX(CHOOSE(MATCH(Inputs!$C$4,{"CIE 1931 2deg","CIE 1964 10deg","CIE 2015 2deg","Pasted below"},0),Tables!$B$5:$B$85,Tables!$E$5:$E$85,Tables!$H$5:$H$85,Inputs!$C$9:$C$89),77)+$B$14*INDEX(CHOOSE(MATCH(Inputs!$C$4,{"CIE 1931 2deg","CIE 1964 10deg","CIE 2015 2deg","Pasted below"},0),Tables!$C$5:$C$85,Tables!$F$5:$F$85,Tables!$I$5:$I$85,Inputs!$D$9:$D$89),77)+$C$14*INDEX(CHOOSE(MATCH(Inputs!$C$4,{"CIE 1931 2deg","CIE 1964 10deg","CIE 2015 2deg","Pasted below"},0),Tables!$D$5:$D$85,Tables!$G$5:$G$85,Tables!$J$5:$J$85,Inputs!$E$9:$E$89),77) | K81: =$A$15*INDEX(CHOOSE(MATCH(Inputs!$C$4,{"CIE 1931 2deg","CIE 1964 10deg","CIE 2015 2deg","Pasted below"},0),Tables!$B$5:$B$85,Tables!$E$5:$E$85,Tables!$H$5:$H$85,Inputs!$C$9:$C$89),77)+$B$15*INDEX(CHOOSE(MATCH(Inputs!$C$4,{"CIE 1931 2deg","CIE 1964 10deg","CIE 2015 2deg","Pasted below"},0),Tables!$C$5:$C$85,Tables!$F$5:$F$85,Tables!$I$5:$I$85,Inputs!$D$9:$D$89),77)+$C$15*INDEX(CHOOSE(MATCH(Inputs!$C$4,{"CIE 1931 2deg","CIE 1964 10deg","CIE 2015 2deg","Pasted below"},0),Tables!$D$5:$D$85,Tables!$G$5:$G$85,Tables!$J$5:$J$85,Inputs!$E$9:$E$89),77) | L81: =$A$16*INDEX(CHOOSE(MATCH(Inputs!$C$4,{"CIE 1931 2deg","CIE 1964 10deg","CIE 2015 2deg","Pasted below"},0),Tables!$B$5:$B$85,Tables!$E$5:$E$85,Tables!$H$5:$H$85,Inputs!$C$9:$C$89),77)+$B$16*INDEX(CHOOSE(MATCH(Inputs!$C$4,{"CIE 1931 2deg","CIE 1964 10deg","CIE 2015 2deg","Pasted below"},0),Tables!$C$5:$C$85,Tables!$F$5:$F$85,Tables!$I$5:$I$85,Inputs!$D$9:$D$89),77)+$C$16*INDEX(CHOOSE(MATCH(Inputs!$C$4,{"CIE 1931 2deg","CIE 1964 10deg","CIE 2015 2deg","Pasted below"},0),Tables!$D$5:$D$85,Tables!$G$5:$G$85,Tables!$J$5:$J$85,Inputs!$E$9:$E$89),77)
I82: 765 | J82: =$A$14*INDEX(CHOOSE(MATCH(Inputs!$C$4,{"CIE 1931 2deg","CIE 1964 10deg","CIE 2015 2deg","Pasted below"},0),Tables!$B$5:$B$85,Tables!$E$5:$E$85,Tables!$H$5:$H$85,Inputs!$C$9:$C$89),78)+$B$14*INDEX(CHOOSE(MATCH(Inputs!$C$4,{"CIE 1931 2deg","CIE 1964 10deg","CIE 2015 2deg","Pasted below"},0),Tables!$C$5:$C$85,Tables!$F$5:$F$85,Tables!$I$5:$I$85,Inputs!$D$9:$D$89),78)+$C$14*INDEX(CHOOSE(MATCH(Inputs!$C$4,{"CIE 1931 2deg","CIE 1964 10deg","CIE 2015 2deg","Pasted below"},0),Tables!$D$5:$D$85,Tables!$G$5:$G$85,Tables!$J$5:$J$85,Inputs!$E$9:$E$89),78) | K82: =$A$15*INDEX(CHOOSE(MATCH(Inputs!$C$4,{"CIE 1931 2deg","CIE 1964 10deg","CIE 2015 2deg","Pasted below"},0),Tables!$B$5:$B$85,Tables!$E$5:$E$85,Tables!$H$5:$H$85,Inputs!$C$9:$C$89),78)+$B$15*INDEX(CHOOSE(MATCH(Inputs!$C$4,{"CIE 1931 2deg","CIE 1964 10deg","CIE 2015 2deg","Pasted below"},0),Tables!$C$5:$C$85,Tables!$F$5:$F$85,Tables!$I$5:$I$85,Inputs!$D$9:$D$89),78)+$C$15*INDEX(CHOOSE(MATCH(Inputs!$C$4,{"CIE 1931 2deg","CIE 1964 10deg","CIE 2015 2deg","Pasted below"},0),Tables!$D$5:$D$85,Tables!$G$5:$G$85,Tables!$J$5:$J$85,Inputs!$E$9:$E$89),78) | L82: =$A$16*INDEX(CHOOSE(MATCH(Inputs!$C$4,{"CIE 1931 2deg","CIE 1964 10deg","CIE 2015 2deg","Pasted below"},0),Tables!$B$5:$B$85,Tables!$E$5:$E$85,Tables!$H$5:$H$85,Inputs!$C$9:$C$89),78)+$B$16*INDEX(CHOOSE(MATCH(Inputs!$C$4,{"CIE 1931 2deg","CIE 1964 10deg","CIE 2015 2deg","Pasted below"},0),Tables!$C$5:$C$85,Tables!$F$5:$F$85,Tables!$I$5:$I$85,Inputs!$D$9:$D$89),78)+$C$16*INDEX(CHOOSE(MATCH(Inputs!$C$4,{"CIE 1931 2deg","CIE 1964 10deg","CIE 2015 2deg","Pasted below"},0),Tables!$D$5:$D$85,Tables!$G$5:$G$85,Tables!$J$5:$J$85,Inputs!$E$9:$E$89),78)
I83: 770 | J83: =$A$14*INDEX(CHOOSE(MATCH(Inputs!$C$4,{"CIE 1931 2deg","CIE 1964 10deg","CIE 2015 2deg","Pasted below"},0),Tables!$B$5:$B$85,Tables!$E$5:$E$85,Tables!$H$5:$H$85,Inputs!$C$9:$C$89),79)+$B$14*INDEX(CHOOSE(MATCH(Inputs!$C$4,{"CIE 1931 2deg","CIE 1964 10deg","CIE 2015 2deg","Pasted below"},0),Tables!$C$5:$C$85,Tables!$F$5:$F$85,Tables!$I$5:$I$85,Inputs!$D$9:$D$89),79)+$C$14*INDEX(CHOOSE(MATCH(Inputs!$C$4,{"CIE 1931 2deg","CIE 1964 10deg","CIE 2015 2deg","Pasted below"},0),Tables!$D$5:$D$85,Tables!$G$5:$G$85,Tables!$J$5:$J$85,Inputs!$E$9:$E$89),79) | K83: =$A$15*INDEX(CHOOSE(MATCH(Inputs!$C$4,{"CIE 1931 2deg","CIE 1964 10deg","CIE 2015 2deg","Pasted below"},0),Tables!$B$5:$B$85,Tables!$E$5:$E$85,Tables!$H$5:$H$85,Inputs!$C$9:$C$89),79)+$B$15*INDEX(CHOOSE(MATCH(Inputs!$C$4,{"CIE 1931 2deg","CIE 1964 10deg","CIE 2015 2deg","Pasted below"},0),Tables!$C$5:$C$85,Tables!$F$5:$F$85,Tables!$I$5:$I$85,Inputs!$D$9:$D$89),79)+$C$15*INDEX(CHOOSE(MATCH(Inputs!$C$4,{"CIE 1931 2deg","CIE 1964 10deg","CIE 2015 2deg","Pasted below"},0),Tables!$D$5:$D$85,Tables!$G$5:$G$85,Tables!$J$5:$J$85,Inputs!$E$9:$E$89),79) | L83: =$A$16*INDEX(CHOOSE(MATCH(Inputs!$C$4,{"CIE 1931 2deg","CIE 1964 10deg","CIE 2015 2deg","Pasted below"},0),Tables!$B$5:$B$85,Tables!$E$5:$E$85,Tables!$H$5:$H$85,Inputs!$C$9:$C$89),79)+$B$16*INDEX(CHOOSE(MATCH(Inputs!$C$4,{"CIE 1931 2deg","CIE 1964 10deg","CIE 2015 2deg","Pasted below"},0),Tables!$C$5:$C$85,Tables!$F$5:$F$85,Tables!$I$5:$I$85,Inputs!$D$9:$D$89),79)+$C$16*INDEX(CHOOSE(MATCH(Inputs!$C$4,{"CIE 1931 2deg","CIE 1964 10deg","CIE 2015 2deg","Pasted below"},0),Tables!$D$5:$D$85,Tables!$G$5:$G$85,Tables!$J$5:$J$85,Inputs!$E$9:$E$89),79)
I84: 775 | J84: =$A$14*INDEX(CHOOSE(MATCH(Inputs!$C$4,{"CIE 1931 2deg","CIE 1964 10deg","CIE 2015 2deg","Pasted below"},0),Tables!$B$5:$B$85,Tables!$E$5:$E$85,Tables!$H$5:$H$85,Inputs!$C$9:$C$89),80)+$B$14*INDEX(CHOOSE(MATCH(Inputs!$C$4,{"CIE 1931 2deg","CIE 1964 10deg","CIE 2015 2deg","Pasted below"},0),Tables!$C$5:$C$85,Tables!$F$5:$F$85,Tables!$I$5:$I$85,Inputs!$D$9:$D$89),80)+$C$14*INDEX(CHOOSE(MATCH(Inputs!$C$4,{"CIE 1931 2deg","CIE 1964 10deg","CIE 2015 2deg","Pasted below"},0),Tables!$D$5:$D$85,Tables!$G$5:$G$85,Tables!$J$5:$J$85,Inputs!$E$9:$E$89),80) | K84: =$A$15*INDEX(CHOOSE(MATCH(Inputs!$C$4,{"CIE 1931 2deg","CIE 1964 10deg","CIE 2015 2deg","Pasted below"},0),Tables!$B$5:$B$85,Tables!$E$5:$E$85,Tables!$H$5:$H$85,Inputs!$C$9:$C$89),80)+$B$15*INDEX(CHOOSE(MATCH(Inputs!$C$4,{"CIE 1931 2deg","CIE 1964 10deg","CIE 2015 2deg","Pasted below"},0),Tables!$C$5:$C$85,Tables!$F$5:$F$85,Tables!$I$5:$I$85,Inputs!$D$9:$D$89),80)+$C$15*INDEX(CHOOSE(MATCH(Inputs!$C$4,{"CIE 1931 2deg","CIE 1964 10deg","CIE 2015 2deg","Pasted below"},0),Tables!$D$5:$D$85,Tables!$G$5:$G$85,Tables!$J$5:$J$85,Inputs!$E$9:$E$89),80) | L84: =$A$16*INDEX(CHOOSE(MATCH(Inputs!$C$4,{"CIE 1931 2deg","CIE 1964 10deg","CIE 2015 2deg","Pasted below"},0),Tables!$B$5:$B$85,Tables!$E$5:$E$85,Tables!$H$5:$H$85,Inputs!$C$9:$C$89),80)+$B$16*INDEX(CHOOSE(MATCH(Inputs!$C$4,{"CIE 1931 2deg","CIE 1964 10deg","CIE 2015 2deg","Pasted below"},0),Tables!$C$5:$C$85,Tables!$F$5:$F$85,Tables!$I$5:$I$85,Inputs!$D$9:$D$89),80)+$C$16*INDEX(CHOOSE(MATCH(Inputs!$C$4,{"CIE 1931 2deg","CIE 1964 10deg","CIE 2015 2deg","Pasted below"},0),Tables!$D$5:$D$85,Tables!$G$5:$G$85,Tables!$J$5:$J$85,Inputs!$E$9:$E$89),80)
I85: 780 | J85: =$A$14*INDEX(CHOOSE(MATCH(Inputs!$C$4,{"CIE 1931 2deg","CIE 1964 10deg","CIE 2015 2deg","Pasted below"},0),Tables!$B$5:$B$85,Tables!$E$5:$E$85,Tables!$H$5:$H$85,Inputs!$C$9:$C$89),81)+$B$14*INDEX(CHOOSE(MATCH(Inputs!$C$4,{"CIE 1931 2deg","CIE 1964 10deg","CIE 2015 2deg","Pasted below"},0),Tables!$C$5:$C$85,Tables!$F$5:$F$85,Tables!$I$5:$I$85,Inputs!$D$9:$D$89),81)+$C$14*INDEX(CHOOSE(MATCH(Inputs!$C$4,{"CIE 1931 2deg","CIE 1964 10deg","CIE 2015 2deg","Pasted below"},0),Tables!$D$5:$D$85,Tables!$G$5:$G$85,Tables!$J$5:$J$85,Inputs!$E$9:$E$89),81) | K85: =$A$15*INDEX(CHOOSE(MATCH(Inputs!$C$4,{"CIE 1931 2deg","CIE 1964 10deg","CIE 2015 2deg","Pasted below"},0),Tables!$B$5:$B$85,Tables!$E$5:$E$85,Tables!$H$5:$H$85,Inputs!$C$9:$C$89),81)+$B$15*INDEX(CHOOSE(MATCH(Inputs!$C$4,{"CIE 1931 2deg","CIE 1964 10deg","CIE 2015 2deg","Pasted below"},0),Tables!$C$5:$C$85,Tables!$F$5:$F$85,Tables!$I$5:$I$85,Inputs!$D$9:$D$89),81)+$C$15*INDEX(CHOOSE(MATCH(Inputs!$C$4,{"CIE 1931 2deg","CIE 1964 10deg","CIE 2015 2deg","Pasted below"},0),Tables!$D$5:$D$85,Tables!$G$5:$G$85,Tables!$J$5:$J$85,Inputs!$E$9:$E$89),81) | L85: =$A$16*INDEX(CHOOSE(MATCH(Inputs!$C$4,{"CIE 1931 2deg","CIE 1964 10deg","CIE 2015 2deg","Pasted below"},0),Tables!$B$5:$B$85,Tables!$E$5:$E$85,Tables!$H$5:$H$85,Inputs!$C$9:$C$89),81)+$B$16*INDEX(CHOOSE(MATCH(Inputs!$C$4,{"CIE 1931 2deg","CIE 1964 10deg","CIE 2015 2deg","Pasted below"},0),Tables!$C$5:$C$85,Tables!$F$5:$F$85,Tables!$I$5:$I$85,Inputs!$D$9:$D$89),81)+$C$16*INDEX(CHOOSE(MATCH(Inputs!$C$4,{"CIE 1931 2deg","CIE 1964 10deg","CIE 2015 2deg","Pasted below"},0),Tables!$D$5:$D$85,Tables!$G$5:$G$85,Tables!$J$5:$J$85,Inputs!$E$9:$E$89),81)
I87: Meaningful as an observer conversion when source and destination share one light.

Sheet Inputs
A1: Yellow cells are inputs. To use your own observer or light, choose "Pasted below" and paste 81 values per column.
B3: Source | G3: Destination
B4: Observer | C4: CIE 2015 2deg | G4: Observer | H4: CIE 1931 2deg
B5: Light | C5: D65 | G5: Light | H5: D65
B8: nm | C8: pasted x | D8: pasted y | E8: pasted z | F8: pasted light | G8: nm | H8: pasted x | I8: pasted y | J8: pasted z | K8: pasted light
B9: 380 | G9: 380
B10: 385 | G10: 385
B11: 390 | G11: 390
B12: 395 | G12: 395
B13: 400 | G13: 400
B14: 405 | G14: 405
B15: 410 | G15: 410
B16: 415 | G16: 415
B17: 420 | G17: 420
B18: 425 | G18: 425
B19: 430 | G19: 430
B20: 435 | G20: 435
... B89: 780 | G89: 780

Sheet Base
A1: The 40 base reflectances (Munsell Value 5 / Chroma 6) and their reference p, t (Technical annex A.4).
B4: nm | C4: 2.5B 5/6 | D4: 2.5BG 5/6 | E4: 2.5G 5/6 | F4: 2.5GY 5/6 | G4: 2.5PB 5/6 | H4: 2.5P 5/6 | I4: 2.5RP 5/6 | J4: 2.5R 5/6 | K4: 2.5YR 5/6 | L4: 2.5Y 5/6 | M4: 5B 5/6 | N4: 5BG 5/6 | O4: 5G 5/6 | P4: 5GY 5/6 | Q4: 5PB 5/6 | R4: 5P 5/6 | S4: 5RP 5/6 | T4: 5R 5/6 | U4: 5YR 5/6 | V4: 5Y 5/6 | W4: 7.5B 5/6 | X4: 7.5BG 5/6 | Y4: 7.5G 5/6 | Z4: 7.5GY 5/6 | AA4: 7.5PB 5/6 | AB4: 7.5P 5/6 | AC4: 7.5RP 5/6 | AD4: 7.5R 5/6 | AE4: 7.5YR 5/6 | AF4: 7.5Y 5/6 | AG4: 10B 5/6 | AH4: 10BG 5/6 | AI4: 10G 5/6 | AJ4: 10GY 5/6 | AK4: 10PB 5/6 | AL4: 10P 5/6 | AM4: 10RP 5/6 | AN4: 10R 5/6 | AO4: 10YR 5/6 | AP4: 10Y 5/6
B5: 380 | C5: 0.087548874 | D5: 0.070615775 | E5: 0.072654242 | F5: 0.043945072 | G5: 0.13444972 | H5: 0.17090173 | I5: 0.14416443 | J5: 0.12751313 | K5: 0.08953364 | L5: 0.046504431 | M5: 0.098664641 | N5: 0.067844822 | O5: 0.069651276 | P5: 0.049442946 | Q5: 0.14881474 | R5: 0.16883181 | S5: 0.1357076 | T5: 0.11796216 | U5: 0.075746326 | V5: 0.039570484 | W5: 0.10856559 | X5: 0.070539305 | Y5: 0.0725524 | Z5: 0.063164263 | AA5: 0.16539494 | AB5: 0.15518821 | AC5: 0.1384445 | AD5: 0.1116829 | AE5: 0.065309612 | AF5: 0.036687137 | AG5: 0.1208202 | AH5: 0.076434382 | AI5: 0.071377106 | AJ5: 0.078595165 | AK5: 0.16960801 | AL5: 0.14562743 | AM5: 0.13780126 | AN5: 0.10098715 | AO5: 0.055653122 | AP5: 0.038172428
B6: 385 | C6: 0.089122579 | D6: 0.071013222 | E6: 0.074970629 | F6: 0.043979868 | G6: 0.14532814 | H6: 0.18586544 | I6: 0.14697052 | J6: 0.12868761 | K6: 0.089693758 | L6: 0.046839798 | M6: 0.1057675 | N6: 0.073786526 | O6: 0.074519178 | P6: 0.049443242 | Q6: 0.15776074 | R6: 0.17169571 | S6: 0.14359834 | T6: 0.11961336 | U6: 0.075792021 | V6: 0.040077128 | W6: 0.11800558 | X6: 0.073259979 | Y6: 0.073301502 | Z6: 0.063164449 | AA6: 0.17078358 | AB6: 0.16178615 | AC6: 0.14430419 | AD6: 0.11331619 | AE6: 0.065333348 | AF6: 0.036918752 | AG6: 0.12780114 | AH6: 0.083315587 | AI6: 0.076689319 | AJ6: 0.07865495 | AK6: 0.17225306 | AL6: 0.15348406 | AM6: 0.1403994 | AN6: 0.10186626 | AO6: 0.055819022 | AP6: 0.03828879
B7: 390 | C7: 0.11278367 | D7: 0.088943059 | E7: 0.077287016 | F7: 0.044014664 | G7: 0.15620656 | H7: 0.20082915 | I7: 0.16793065 | J7: 0.14108923 | K7: 0.089853876 | L7: 0.047175032 | M7: 0.11646948 | N7: 0.095008095 | O7: 0.07938708 | P7: 0.049443538 | Q7: 0.16755051 | R7: 0.17746089 | S7: 0.15394712 | T7: 0.12925223 | U7: 0.075837717 | V7: 0.040583751 | W7: 0.12744557 | X7: 0.097975362 | Y7: 0.074050604 | Z7: 0.063164635 | AA7: 0.19966883 | AB7: 0.1963456 | AC7: 0.157357 | AD7: 0.12063671 | AE7: 0.065357085 | AF7: 0.037150367 | AG7: 0.13478209 | AH7: 0.11100201 | AI7: 0.082001532 | AJ7: 0.078714735 | AK7: 0.1762626 | AL7: 0.16458616 | AM7: 0.15236103 | AN7: 0.10471844 | AO7: 0.055984922 | AP7: 0.038405152
B8: 395 | C8: 0.14475281 | D8: 0.10835921 | E8: 0.079713966 | F8: 0.04404946 | G8: 0.19681885 | H8: 0.21837811 | I8: 0.19965425 | J8: 0.1545893 | K8: 0.090013994 | L8: 0.047510135 | M8: 0.14761381 | N8: 0.11905868 | O8: 0.092254799 | P8: 0.049443834 | Q8: 0.2106634 | R8: 0.22567665 | S8: 0.18338017 | T8: 0.13971535 | U8: 0.075883412 | V8: 0.041090351 | W8: 0.15826258 | X8: 0.12721664 | Y8: 0.088067495 | Z8: 0.063164822 | AA8: 0.24192886 | AB8: 0.2401796 | AC8: 0.17978172 | AD8: 0.12769112 | AE8: 0.065380821 | AF8: 0.037381982 | AG8: 0.16546128 | AH8: 0.14350983 | AI8: 0.10002653 | AJ8: 0.07877452 | AK8: 0.2158888 | AL8: 0.20485425 | AM8: 0.16856738 | AN8: 0.10716129 | AO8: 0.056150821 | AP8: 0.038521514
B9: 400 | C9: 0.17931493 | D9: 0.12404616 | E9: 0.085022998 | F9: 0.044084255 | G9: 0.24251791 | H9: 0.27307909 | I9: 0.23297369 | J9: 0.16320429 | K9: 0.090174112 | L9: 0.047845112 | M9: 0.18312129 | N9: 0.13842605 | O9: 0.10162134 | P9: 0.049444129 | Q9: 0.25865584 | R9: 0.28009908 | S9: 0.20929293 | T9: 0.14565224 | U9: 0.075929108 | V9: 0.041596931 | W9: 0.19435325 | X9: 0.1515247 | Y9: 0.097716164 | Z9: 0.063165008 | AA9: 0.28435826 | AB9: 0.28140116 | AC9: 0.19706144 | AD9: 0.13061625 | AE9: 0.065404558 | AF9: 0.037613597 | AG9: 0.20339451 | AH9: 0.174239 | AI9: 0.11456201 | AJ9: 0.078912481 | AK9: 0.26277293 | AL9: 0.24624104 | AM9: 0.17931097 | AN9: 0.10781944 | AO9: 0.056316721 | AP9: 0.038637876
B10: 405 | C10: 0.20687443 | D10: 0.13323403 | E10: 0.087889736 | F10: 0.044119051 | G10: 0.28147637 | H10: 0.31862133 | I10: 0.25586286 | J10: 0.16701781 | K10: 0.090523833 | L10: 0.048054177 | M10: 0.21422115 | N10: 0.15173143 | O10: 0.10743255 | P10: 0.049444425 | Q10: 0.2990569 | R10: 0.3235321 | S10: 0.22417187 | T10: 0.14831352 | U10: 0.076046425 | V10: 0.042371051 | W10: 0.22963026 | X10: 0.16634114 | Y10: 0.10359601 | Z10: 0.063165194 | AA10: 0.31782386 | AB10: 0.30389812 | AC10: 0.20564023 | AD10: 0.13140239 | AE10: 0.065387885 | AF10: 0.038698152 | AG10: 0.24150542 | AH10: 0.1942137 | AI10: 0.12296897 | AJ10: 0.078986684 | AK10: 0.30495553 | AL10: 0.27753054 | AM10: 0.18328333 | AN10: 0.10793951 | AO10: 0.0560886 | AP10: 0.038754238
B11: 410 | C11: 0.22250149 | D11: 0.13878737 | E11: 0.089277681 | F11: 0.044153619 | G11: 0.30614585 | H11: 0.34394805 | I11: 0.26544773 | J11: 0.16688539 | K11: 0.090374756 | L11: 0.047918791 | M11: 0.23507806 | N11: 0.1589861 | O11: 0.10957428 | P11: 0.049442946 | Q11: 0.32321493 | R11: 0.34819688 | S11: 0.22956708 | T11: 0.14824575 | U11: 0.075909593 | V11: 0.042131829 | W11: 0.25539447 | X11: 0.17711449 | Y11: 0.10663964 | Z11: 0.063164263 | AA11: 0.33609602 | AB11: 0.31507058 | AC11: 0.20720224 | AD11: 0.13090448 | AE11: 0.065360542 | AF11: 0.038394521 | AG11: 0.27112223 | AH11: 0.20650217 | AI11: 0.12742496 | AJ11: 0.079022891 | AK11: 0.33082564 | AL11: 0.29058925 | AM11: 0.18278427 | AN11: 0.10753051 | AO11: 0.056044617 | AP11: 0.039598833
B12: 415 | C12: 0.23112554 | D12: 0.14242949 | E12: 0.090059562 | F12: 0.044038598 | G12: 0.31910168 | H12: 0.35463621 | I12: 0.26883611 | J12: 0.16545171 | K12: 0.089733216 | L12: 0.04748886 | M12: 0.24554955 | N12: 0.16362696 | O12: 0.11131118 | P12: 0.049471994 | Q12: 0.33466601 | R12: 0.35663128 | S12: 0.23046577 | T12: 0.14688429 | U12: 0.076061417 | V12: 0.041524417 | W12: 0.26732011 | X12: 0.18243419 | Y12: 0.10932904 | Z12: 0.063379015 | AA12: 0.3452004 | AB12: 0.31717244 | AC12: 0.20627576 | AD12: 0.12930108 | AE12: 0.065324612 | AF12: 0.037985443 | AG12: 0.28511077 | AH12: 0.2125792 | AI12: 0.13107317 | AJ12: 0.079467392 | AK12: 0.34420473 | AL12: 0.29590907 | AM12: 0.18105277 | AN12: 0.10603221 | AO12: 0.055799387 | AP12: 0.039049385
B13: 420 | C13: 0.23490591 | D13: 0.14547734 | E13: 0.091402785 | F13: 0.043961458 | G13: 0.32477411 | H13: 0.35915885 | I13: 0.26903133 | J13: 0.16396405 | K13: 0.089883181 | L13: 0.047189291 | M13: 0.24948541 | N13: 0.16767722 | O13: 0.11321298 | P13: 0.049578328 | Q13: 0.34046914 | R13: 0.35895965 | S13: 0.22954814 | T13: 0.14568698 | U13: 0.075912242 | V13: 0.041061057 | W13: 0.27072116 | X13: 0.18738764 | Y13: 0.11206885 | Z13: 0.063626417 | AA13: 0.35069647 | AB13: 0.31737415 | AC13: 0.20348673 | AD13: 0.12791086 | AE13: 0.065346111 | AF13: 0.037718609 | AG13: 0.28992587 | AH13: 0.21804354 | AI13: 0.13351248 | AJ13: 0.079892204 | AK13: 0.35127464 | AL13: 0.29669071 | AM13: 0.17880689 | AN13: 0.10556962 | AO13: 0.055660183 | AP13: 0.038585959
B14: 425 | C14: 0.24380667 | D14: 0.14952576 | E14: 0.092889238 | F14: 0.04400334 | G14: 0.32985158 | H14: 0.36060913 | I14: 0.26779894 | J14: 0.16190403 | K14: 0.090181081 | L14: 0.046900481 | M14: 0.26195524 | N14: 0.17269636 | O14: 0.11443696 | P14: 0.049556065 | Q14: 0.34477845 | R14: 0.35667932 | S14: 0.2282651 | T14: 0.14411159 | U14: 0.075839406 | V14: 0.040434265 | W14: 0.28534503 | X14: 0.19365485 | Y14: 0.11515414 | Z14: 0.063847954 | AA14: 0.35480333 | AB14: 0.3162129 | AC14: 0.20094478 | AD14: 0.1266547 | AE14: 0.065428578 | AF14: 0.03718935 | AG14: 0.30306767 | AH14: 0.22466888 | AI14: 0.1366274 | AJ14: 0.08044237 | AK14: 0.35712505 | AL14: 0.29531674 | AM14: 0.1764607 | AN14: 0.10540705 | AO14: 0.055660293 | AP14: 0.038460597
B15: 430 | C15: 0.24731128 | D15: 0.15317733 | E15: 0.094578878 | F15: 0.044109658 | G15: 0.33539075 | H15: 0.36097722 | I15: 0.26513107 | J15: 0.16078064 | K15: 0.090174463 | L15: 0.046865028 | M15: 0.26651422 | N15: 0.17854621 | O15: 0.11620651 | P15: 0.049702677 | Q15: 0.34910868 | R15: 0.35277652 | S15: 0.22560829 | T15: 0.14304781 | U15: 0.07599782 | V15: 0.04020202 | W15: 0.28936709 | X15: 0.19944201 | Y15: 0.118692 | Z15: 0.064137818 | AA15: 0.35965333 | AB15: 0.31444488 | AC15: 0.19870275 | AD15: 0.12566224 | AE15: 0.065665638 | AF15: 0.036843514 | AG15: 0.30677162 | AH15: 0.23027928 | AI15: 0.14039732 | AJ15: 0.080913621 | AK15: 0.36080341 | AL15: 0.29226614 | AM15: 0.17529254 | AN15: 0.10491388 | AO15: 0.055787648 | AP15: 0.03819962
B16: 435 | C16: 0.25651701 | D16: 0.1578635 | E16: 0.096244486 | F16: 0.044477105 | G16: 0.34001804 | H16: 0.35810315 | I16: 0.26152996 | J16: 0.16019617 | K16: 0.089988002 | L16: 0.046810754 | M16: 0.27715935 | N16: 0.18298115 | O16: 0.11846873 | P16: 0.050050765 | Q16: 0.35210129 | R16: 0.34774172 | S16: 0.22344211 | T16: 0.14244978 | U16: 0.075878412 | V16: 0.039891732 | W16: 0.30056966 | X16: 0.2064263 | Y16: 0.12348078 | Z16: 0.064705375 | AA16: 0.3623523 | AB16: 0.31181826 | AC16: 0.19682302 | AD16: 0.12518538 | AE16: 0.065691515 | AF16: 0.036726779 | AG16: 0.31704135 | AH16: 0.23763965 | AI16: 0.14474471 | AJ16: 0.081708545 | AK16: 0.36377539 | AL16: 0.28844581 | AM16: 0.1746283 | AN16: 0.10462333 | AO16: 0.055930992 | AP16: 0.038188334
... B85: 780 | C85: 0.19181394 | D85: 0.12723474 | E85: 0.11266778 | F85: 0.20494558 | G85: 0.2580529 | H85: 0.36674138 | I85: 0.36593287 | J85: 0.37997148 | K85: 0.34824817 | L85: 0.25380439 | M85: 0.2581006 | N85: 0.13317117 | O85: 0.11047653 | P85: 0.17196628 | Q85: 0.27439644 | R85: 0.36557542 | S85: 0.39830989 | T85: 0.36324911 | U85: 0.32478681 | V85: 0.24247702 | W85: 0.28679958 | X85: 0.14536902 | Y85: 0.12675221 | Z85: 0.14609559 | AA85: 0.32014468 | AB85: 0.33205617 | AC85: 0.40346814 | AD85: 0.35547434 | AE85: 0.3088642 | AF85: 0.23280671 | AG85: 0.27728021 | AH85: 0.17325004 | AI85: 0.1311773 | AJ85: 0.12901469 | AK85: 0.36298774 | AL85: 0.32281635 | AM85: 0.39898199 | AN85: 0.35694081 | AO85: 0.26635868 | AP85: 0.21662566
B87: ref p | C87: -18.286733 | D87: -25.73747 | E87: -26.727513 | F87: -14.547943 | G87: -2.1543605 | H87: 16.444593 | I87: 25.61618 | J87: 26.695816 | K87: 20.134326 | L87: 3.0201305 | M87: -14.662318 | N87: -24.425411 | O87: -27.141775 | P87: -18.386623 | Q87: 2.4610905 | R87: 19.278193 | S87: 26.609814 | T87: 26.068302 | U87: 16.424746 | V87: -1.7814229 | W87: -10.750198 | X87: -23.207392 | Y87: -26.99351 | Z87: -22.626938 | AA87: 8.2508544 | AB87: 22.159519 | AC87: 27.027216 | AD87: 24.960942 | AE87: 12.796927 | AF87: -6.2742469 | AG87: -6.7637871 | AH87: -20.862292 | AI87: -26.474912 | AJ87: -24.946093 | AK87: 13.249721 | AL87: 24.180822 | AM87: 26.96348 | AN87: 22.990358 | AO87: 7.9935215 | AP87: -10.193624
B88: ref t | C88: -19.772693 | D88: -3.2592035 | E88: 9.3542767 | F88: 24.622564 | G88: -27.229742 | H88: -21.152011 | I88: -4.383212 | J88: 10.982796 | K88: 21.813906 | L88: 27.00548 | M88: -23.072228 | N88: -7.6296496 | O88: 5.5267831 | P88: 22.450283 | Q88: -27.136539 | R88: -17.713468 | S88: 0.99367154 | T88: 13.978104 | U88: 23.88414 | V88: 27.172141 | W88: -25.202882 | X88: -11.447483 | Y88: 2.6844398 | Z88: 18.610492 | AA88: -26.213569 | AB88: -13.139019 | AC88: 4.8202491 | AD88: 16.602786 | AE88: 25.245926 | AF88: 26.933903 | AG88: -26.378698 | AH88: -16.164733 | AI88: -0.23689008 | AJ88: 14.673293 | AK88: -24.245972 | AL88: -8.8070181 | AM88: 8.1618102 | AN88: 19.685469 | AO88: 26.379399 | AP88: 26.207984

Sheet Tables
A1: CIE observers and illuminants, 380-780 nm at 5 nm (from the companion package).
A4: nm | B4: CIE 1931 x | C4: CIE 1931 y | D4: CIE 1931 z | E4: CIE 1964 x | F4: CIE 1964 y | G4: CIE 1964 z | H4: CIE 2015 x | I4: CIE 2015 y | J4: CIE 2015 z | K4: A | L4: C | M4: D50 | N4: D65 | O4: E | P4: F2 | Q4: F11
A5: 380 | B5: 0.001368 | C5: 3.9e-05 | D5: 0.00645 | E5: 0.00016 | F5: 1.7e-05 | G5: 0.000705 | H5: 0 | I5: 0 | J5: 0 | K5: 9.7951 | L5: 33 | M5: 24.457147 | N5: 49.9755 | O5: 100 | P5: 1.18 | Q5: 0.91
A6: 385 | B6: 0.002236 | C6: 6.4e-05 | D6: 0.01055 | E6: 0.000662 | F6: 7.2e-05 | G6: 0.002928 | H6: 0 | I6: 0 | J6: 0 | K6: 10.8996 | L6: 39.92 | M6: 27.14728 | N6: 52.3118 | O6: 100 | P6: 1.48 | Q6: 0.63
A7: 390 | B7: 0.004243 | C7: 0.00012 | D7: 0.02005 | E7: 0.002362 | F7: 0.000253 | G7: 0.010482 | H7: 0.003769647 | I7: 0.0004146161 | J7: 0.0184726 | K7: 12.0853 | L7: 47.4 | M7: 29.837414 | N7: 54.6482 | O7: 100 | P7: 1.84 | Q7: 0.46
A8: 395 | B8: 0.00765 | C8: 0.000217 | D8: 0.03621 | E8: 0.007242 | F8: 0.000769 | G8: 0.032344 | H8: 0.009382967 | I8: 0.001059646 | J8: 0.04609784 | K8: 13.3543 | L8: 55.17 | M8: 39.547443 | N8: 68.7015 | O8: 100 | P8: 2.15 | Q8: 0.37
A9: 400 | B9: 0.01431 | C9: 0.000396 | D9: 0.06785 | E9: 0.01911 | F9: 0.002004 | G9: 0.086011 | H9: 0.02214302 | I9: 0.002452194 | J9: 0.109609 | K9: 14.708 | L9: 63.3 | M9: 49.257472 | N9: 82.7549 | O9: 100 | P9: 3.44 | Q9: 1.29
A10: 405 | B10: 0.02319 | C10: 0.00064 | D10: 0.1102 | E10: 0.0434 | F10: 0.004509 | G10: 0.19712 | H10: 0.04742986 | I10: 0.004971717 | J10: 0.2369246 | K10: 16.148 | L10: 71.81 | M10: 52.859364 | N10: 87.1204 | O10: 100 | P10: 15.69 | Q10: 12.68
A11: 410 | B11: 0.04351 | C11: 0.00121 | D11: 0.2074 | E11: 0.084736 | F11: 0.008756 | G11: 0.389366 | H11: 0.08953803 | I11: 0.00907986 | J11: 0.4508369 | K11: 17.6753 | L11: 80.6 | M11: 56.461255 | N11: 91.486 | O11: 100 | P11: 3.85 | Q11: 1.59
A12: 415 | B12: 0.07763 | C12: 0.00218 | D12: 0.3713 | E12: 0.140638 | F12: 0.014456 | G12: 0.65676 | H12: 0.1446214 | I12: 0.01429377 | J12: 0.7378822 | K12: 19.2907 | L12: 89.53 | M12: 58.222678 | N12: 92.4589 | O12: 100 | P12: 3.74 | Q12: 1.79
A13: 420 | B13: 0.13438 | C13: 0.004 | D13: 0.6456 | E13: 0.204492 | F13: 0.021391 | G13: 0.972542 | H13: 0.2035729 | I13: 0.02027369 | J13: 1.051821 | K13: 20.995 | L13: 98.1 | M13: 59.9841 | N13: 93.4318 | O13: 100 | P13: 4.19 | Q13: 2.46
A14: 425 | B14: 0.21477 | C14: 0.0073 | D14: 1.03905 | E14: 0.264737 | F14: 0.029497 | G14: 1.2825 | H14: 0.2488523 | I14: 0.02612106 | J14: 1.305008 | K14: 22.7883 | L14: 105.8 | M14: 58.878685 | N14: 90.057 | O14: 100 | P14: 4.62 | Q14: 3.33
A15: 430 | B15: 0.2839 | C15: 0.0116 | D15: 1.3856 | E15: 0.314679 | F15: 0.038676 | G15: 1.55348 | H15: 0.2918246 | I15: 0.03319038 | J15: 1.552826 | K15: 24.6709 | L15: 112.4 | M15: 57.77327 | N15: 86.6823 | O15: 100 | P15: 5.06 | Q15: 4.49
A16: 435 | B16: 0.3285 | C16: 0.01684 | D16: 1.62296 | E16: 0.357719 | F16: 0.049602 | G16: 1.7985 | H16: 0.3227087 | I16: 0.0415794 | J16: 1.74828 | K16: 26.6425 | L16: 117.75 | M16: 66.274622 | N16: 95.7736 | O16: 100 | P16: 34.98 | Q16: 33.94
... A85: 780 | B85: 4.2e-05 | C85: 1.5e-05 | D85: 0 | E85: 3.3e-05 | F85: 1.3e-05 | G85: 0 | H85: 3.806114e-05 | I85: 1.487243e-05 | J85: 0 | K85: 241.675 | L85: 0 | M85: 78.310068 | N85: 63.3828 | O85: 100 | P85: 0.27 | Q85: 0.09

Sheet Source
A1: Wpt normalization: source condition
A3: k (white Y = 100) | B3: =100/SUMPRODUCT(CHOOSE(MATCH(Inputs!$C$4,{"CIE 1931 2deg","CIE 1964 10deg","CIE 2015 2deg","Pasted below"},0),Tables!$C$5:$C$85,Tables!$F$5:$F$85,Tables!$I$5:$I$85,Inputs!$D$9:$D$89),CHOOSE(MATCH(Inputs!$C$5,{"A","C","D50","D65","E","F2","F11","Pasted below"},0),Tables!$K$5:$K$85,Tables!$L$5:$L$85,Tables!$M$5:$M$85,Tables!$N$5:$N$85,Tables!$O$5:$O$85,Tables!$P$5:$P$85,Tables!$Q$5:$Q$85,Inputs!$F$9:$F$89))
A6: White XYZ | B6: =$B$3*SUMPRODUCT(CHOOSE(MATCH(Inputs!$C$4,{"CIE 1931 2deg","CIE 1964 10deg","CIE 2015 2deg","Pasted below"},0),Tables!$B$5:$B$85,Tables!$E$5:$E$85,Tables!$H$5:$H$85,Inputs!$C$9:$C$89),CHOOSE(MATCH(Inputs!$C$5,{"A","C","D50","D65","E","F2","F11","Pasted below"},0),Tables!$K$5:$K$85,Tables!$L$5:$L$85,Tables!$M$5:$M$85,Tables!$N$5:$N$85,Tables!$O$5:$O$85,Tables!$P$5:$P$85,Tables!$Q$5:$Q$85,Inputs!$F$9:$F$89)) | C6: =$B$3*SUMPRODUCT(CHOOSE(MATCH(Inputs!$C$4,{"CIE 1931 2deg","CIE 1964 10deg","CIE 2015 2deg","Pasted below"},0),Tables!$C$5:$C$85,Tables!$F$5:$F$85,Tables!$I$5:$I$85,Inputs!$D$9:$D$89),CHOOSE(MATCH(Inputs!$C$5,{"A","C","D50","D65","E","F2","F11","Pasted below"},0),Tables!$K$5:$K$85,Tables!$L$5:$L$85,Tables!$M$5:$M$85,Tables!$N$5:$N$85,Tables!$O$5:$O$85,Tables!$P$5:$P$85,Tables!$Q$5:$Q$85,Inputs!$F$9:$F$89)) | D6: =$B$3*SUMPRODUCT(CHOOSE(MATCH(Inputs!$C$4,{"CIE 1931 2deg","CIE 1964 10deg","CIE 2015 2deg","Pasted below"},0),Tables!$D$5:$D$85,Tables!$G$5:$G$85,Tables!$J$5:$J$85,Inputs!$E$9:$E$89),CHOOSE(MATCH(Inputs!$C$5,{"A","C","D50","D65","E","F2","F11","Pasted below"},0),Tables!$K$5:$K$85,Tables!$L$5:$L$85,Tables!$M$5:$M$85,Tables!$N$5:$N$85,Tables!$O$5:$O$85,Tables!$P$5:$P$85,Tables!$Q$5:$Q$85,Inputs!$F$9:$F$89))
A8: Base samples: XYZ (rows 9-11) | C8: =Base!C4 | D8: =Base!D4 | E8: =Base!E4 | F8: =Base!F4 | G8: =Base!G4 | H8: =Base!H4 | I8: =Base!I4 | J8: =Base!J4 | ... AP8: =Base!AP4
C9: =$B$3*SUMPRODUCT(Base!$C$5:$C$85,CHOOSE(MATCH(Inputs!$C$4,{"CIE 1931 2deg","CIE 1964 10deg","CIE 2015 2deg","Pasted below"},0),Tables!$B$5:$B$85,Tables!$E$5:$E$85,Tables!$H$5:$H$85,Inputs!$C$9:$C$89),CHOOSE(MATCH(Inputs!$C$5,{"A","C","D50","D65","E","F2","F11","Pasted below"},0),Tables!$K$5:$K$85,Tables!$L$5:$L$85,Tables!$M$5:$M$85,Tables!$N$5:$N$85,Tables!$O$5:$O$85,Tables!$P$5:$P$85,Tables!$Q$5:$Q$85,Inputs!$F$9:$F$89)) | D9: =$B$3*SUMPRODUCT(Base!$D$5:$D$85,CHOOSE(MATCH(Inputs!$C$4,{"CIE 1931 2deg","CIE 1964 10deg","CIE 2015 2deg","Pasted below"},0),Tables!$B$5:$B$85,Tables!$E$5:$E$85,Tables!$H$5:$H$85,Inputs!$C$9:$C$89),CHOOSE(MATCH(Inputs!$C$5,{"A","C","D50","D65","E","F2","F11","Pasted below"},0),Tables!$K$5:$K$85,Tables!$L$5:$L$85,Tables!$M$5:$M$85,Tables!$N$5:$N$85,Tables!$O$5:$O$85,Tables!$P$5:$P$85,Tables!$Q$5:$Q$85,Inputs!$F$9:$F$89)) | E9: =$B$3*SUMPRODUCT(Base!$E$5:$E$85,CHOOSE(MATCH(Inputs!$C$4,{"CIE 1931 2deg","CIE 1964 10deg","CIE 2015 2deg","Pasted below"},0),Tables!$B$5:$B$85,Tables!$E$5:$E$85,Tables!$H$5:$H$85,Inputs!$C$9:$C$89),CHOOSE(MATCH(Inputs!$C$5,{"A","C","D50","D65","E","F2","F11","Pasted below"},0),Tables!$K$5:$K$85,Tables!$L$5:$L$85,Tables!$M$5:$M$85,Tables!$N$5:$N$85,Tables!$O$5:$O$85,Tables!$P$5:$P$85,Tables!$Q$5:$Q$85,Inputs!$F$9:$F$89)) | F9: =$B$3*SUMPRODUCT(Base!$F$5:$F$85,CHOOSE(MATCH(Inputs!$C$4,{"CIE 1931 2deg","CIE 1964 10deg","CIE 2015 2deg","Pasted below"},0),Tables!$B$5:$B$85,Tables!$E$5:$E$85,Tables!$H$5:$H$85,Inputs!$C$9:$C$89),CHOOSE(MATCH(Inputs!$C$5,{"A","C","D50","D65","E","F2","F11","Pasted below"},0),Tables!$K$5:$K$85,Tables!$L$5:$L$85,Tables!$M$5:$M$85,Tables!$N$5:$N$85,Tables!$O$5:$O$85,Tables!$P$5:$P$85,Tables!$Q$5:$Q$85,Inputs!$F$9:$F$89)) | G9: =$B$3*SUMPRODUCT(Base!$G$5:$G$85,CHOOSE(MATCH(Inputs!$C$4,{"CIE 1931 2deg","CIE 1964 10deg","CIE 2015 2deg","Pasted below"},0),Tables!$B$5:$B$85,Tables!$E$5:$E$85,Tables!$H$5:$H$85,Inputs!$C$9:$C$89),CHOOSE(MATCH(Inputs!$C$5,{"A","C","D50","D65","E","F2","F11","Pasted below"},0),Tables!$K$5:$K$85,Tables!$L$5:$L$85,Tables!$M$5:$M$85,Tables!$N$5:$N$85,Tables!$O$5:$O$85,Tables!$P$5:$P$85,Tables!$Q$5:$Q$85,Inputs!$F$9:$F$89)) | H9: =$B$3*SUMPRODUCT(Base!$H$5:$H$85,CHOOSE(MATCH(Inputs!$C$4,{"CIE 1931 2deg","CIE 1964 10deg","CIE 2015 2deg","Pasted below"},0),Tables!$B$5:$B$85,Tables!$E$5:$E$85,Tables!$H$5:$H$85,Inputs!$C$9:$C$89),CHOOSE(MATCH(Inputs!$C$5,{"A","C","D50","D65","E","F2","F11","Pasted below"},0),Tables!$K$5:$K$85,Tables!$L$5:$L$85,Tables!$M$5:$M$85,Tables!$N$5:$N$85,Tables!$O$5:$O$85,Tables!$P$5:$P$85,Tables!$Q$5:$Q$85,Inputs!$F$9:$F$89)) | I9: =$B$3*SUMPRODUCT(Base!$I$5:$I$85,CHOOSE(MATCH(Inputs!$C$4,{"CIE 1931 2deg","CIE 1964 10deg","CIE 2015 2deg","Pasted below"},0),Tables!$B$5:$B$85,Tables!$E$5:$E$85,Tables!$H$5:$H$85,Inputs!$C$9:$C$89),CHOOSE(MATCH(Inputs!$C$5,{"A","C","D50","D65","E","F2","F11","Pasted below"},0),Tables!$K$5:$K$85,Tables!$L$5:$L$85,Tables!$M$5:$M$85,Tables!$N$5:$N$85,Tables!$O$5:$O$85,Tables!$P$5:$P$85,Tables!$Q$5:$Q$85,Inputs!$F$9:$F$89)) | J9: =$B$3*SUMPRODUCT(Base!$J$5:$J$85,CHOOSE(MATCH(Inputs!$C$4,{"CIE 1931 2deg","CIE 1964 10deg","CIE 2015 2deg","Pasted below"},0),Tables!$B$5:$B$85,Tables!$E$5:$E$85,Tables!$H$5:$H$85,Inputs!$C$9:$C$89),CHOOSE(MATCH(Inputs!$C$5,{"A","C","D50","D65","E","F2","F11","Pasted below"},0),Tables!$K$5:$K$85,Tables!$L$5:$L$85,Tables!$M$5:$M$85,Tables!$N$5:$N$85,Tables!$O$5:$O$85,Tables!$P$5:$P$85,Tables!$Q$5:$Q$85,Inputs!$F$9:$F$89)) | K9: =$B$3*SUMPRODUCT(Base!$K$5:$K$85,CHOOSE(MATCH(Inputs!$C$4,{"CIE 1931 2deg","CIE 1964 10deg","CIE 2015 2deg","Pasted below"},0),Tables!$B$5:$B$85,Tables!$E$5:$E$85,Tables!$H$5:$H$85,Inputs!$C$9:$C$89),CHOOSE(MATCH(Inputs!$C$5,{"A","C","D50","D65","E","F2","F11","Pasted below"},0),Tables!$K$5:$K$85,Tables!$L$5:$L$85,Tables!$M$5:$M$85,Tables!$N$5:$N$85,Tables!$O$5:$O$85,Tables!$P$5:$P$85,Tables!$Q$5:$Q$85,Inputs!$F$9:$F$89)) | L9: =$B$3*SUMPRODUCT(Base!$L$5:$L$85,CHOOSE(MATCH(Inputs!$C$4,{"CIE 1931 2deg","CIE 1964 10deg","CIE 2015 2deg","Pasted below"},0),Tables!$B$5:$B$85,Tables!$E$5:$E$85,Tables!$H$5:$H$85,Inputs!$C$9:$C$89),CHOOSE(MATCH(Inputs!$C$5,{"A","C","D50","D65","E","F2","F11","Pasted below"},0),Tables!$K$5:$K$85,Tables!$L$5:$L$85,Tables!$M$5:$M$85,Tables!$N$5:$N$85,Tables!$O$5:$O$85,Tables!$P$5:$P$85,Tables!$Q$5:$Q$85,Inputs!$F$9:$F$89)) | M9: =$B$3*SUMPRODUCT(Base!$M$5:$M$85,CHOOSE(MATCH(Inputs!$C$4,{"CIE 1931 2deg","CIE 1964 10deg","CIE 2015 2deg","Pasted below"},0),Tables!$B$5:$B$85,Tables!$E$5:$E$85,Tables!$H$5:$H$85,Inputs!$C$9:$C$89),CHOOSE(MATCH(Inputs!$C$5,{"A","C","D50","D65","E","F2","F11","Pasted below"},0),Tables!$K$5:$K$85,Tables!$L$5:$L$85,Tables!$M$5:$M$85,Tables!$N$5:$N$85,Tables!$O$5:$O$85,Tables!$P$5:$P$85,Tables!$Q$5:$Q$85,Inputs!$F$9:$F$89)) | N9: =$B$3*SUMPRODUCT(Base!$N$5:$N$85,CHOOSE(MATCH(Inputs!$C$4,{"CIE 1931 2deg","CIE 1964 10deg","CIE 2015 2deg","Pasted below"},0),Tables!$B$5:$B$85,Tables!$E$5:$E$85,Tables!$H$5:$H$85,Inputs!$C$9:$C$89),CHOOSE(MATCH(Inputs!$C$5,{"A","C","D50","D65","E","F2","F11","Pasted below"},0),Tables!$K$5:$K$85,Tables!$L$5:$L$85,Tables!$M$5:$M$85,Tables!$N$5:$N$85,Tables!$O$5:$O$85,Tables!$P$5:$P$85,Tables!$Q$5:$Q$85,Inputs!$F$9:$F$89)) | O9: =$B$3*SUMPRODUCT(Base!$O$5:$O$85,CHOOSE(MATCH(Inputs!$C$4,{"CIE 1931 2deg","CIE 1964 10deg","CIE 2015 2deg","Pasted below"},0),Tables!$B$5:$B$85,Tables!$E$5:$E$85,Tables!$H$5:$H$85,Inputs!$C$9:$C$89),CHOOSE(MATCH(Inputs!$C$5,{"A","C","D50","D65","E","F2","F11","Pasted below"},0),Tables!$K$5:$K$85,Tables!$L$5:$L$85,Tables!$M$5:$M$85,Tables!$N$5:$N$85,Tables!$O$5:$O$85,Tables!$P$5:$P$85,Tables!$Q$5:$Q$85,Inputs!$F$9:$F$89)) | P9: =$B$3*SUMPRODUCT(Base!$P$5:$P$85,CHOOSE(MATCH(Inputs!$C$4,{"CIE 1931 2deg","CIE 1964 10deg","CIE 2015 2deg","Pasted below"},0),Tables!$B$5:$B$85,Tables!$E$5:$E$85,Tables!$H$5:$H$85,Inputs!$C$9:$C$89),CHOOSE(MATCH(Inputs!$C$5,{"A","C","D50","D65","E","F2","F11","Pasted below"},0),Tables!$K$5:$K$85,Tables!$L$5:$L$85,Tables!$M$5:$M$85,Tables!$N$5:$N$85,Tables!$O$5:$O$85,Tables!$P$5:$P$85,Tables!$Q$5:$Q$85,Inputs!$F$9:$F$89)) | Q9: =$B$3*SUMPRODUCT(Base!$Q$5:$Q$85,CHOOSE(MATCH(Inputs!$C$4,{"CIE 1931 2deg","CIE 1964 10deg","CIE 2015 2deg","Pasted below"},0),Tables!$B$5:$B$85,Tables!$E$5:$E$85,Tables!$H$5:$H$85,Inputs!$C$9:$C$89),CHOOSE(MATCH(Inputs!$C$5,{"A","C","D50","D65","E","F2","F11","Pasted below"},0),Tables!$K$5:$K$85,Tables!$L$5:$L$85,Tables!$M$5:$M$85,Tables!$N$5:$N$85,Tables!$O$5:$O$85,Tables!$P$5:$P$85,Tables!$Q$5:$Q$85,Inputs!$F$9:$F$89)) | R9: =$B$3*SUMPRODUCT(Base!$R$5:$R$85,CHOOSE(MATCH(Inputs!$C$4,{"CIE 1931 2deg","CIE 1964 10deg","CIE 2015 2deg","Pasted below"},0),Tables!$B$5:$B$85,Tables!$E$5:$E$85,Tables!$H$5:$H$85,Inputs!$C$9:$C$89),CHOOSE(MATCH(Inputs!$C$5,{"A","C","D50","D65","E","F2","F11","Pasted below"},0),Tables!$K$5:$K$85,Tables!$L$5:$L$85,Tables!$M$5:$M$85,Tables!$N$5:$N$85,Tables!$O$5:$O$85,Tables!$P$5:$P$85,Tables!$Q$5:$Q$85,Inputs!$F$9:$F$89)) | S9: =$B$3*SUMPRODUCT(Base!$S$5:$S$85,CHOOSE(MATCH(Inputs!$C$4,{"CIE 1931 2deg","CIE 1964 10deg","CIE 2015 2deg","Pasted below"},0),Tables!$B$5:$B$85,Tables!$E$5:$E$85,Tables!$H$5:$H$85,Inputs!$C$9:$C$89),CHOOSE(MATCH(Inputs!$C$5,{"A","C","D50","D65","E","F2","F11","Pasted below"},0),Tables!$K$5:$K$85,Tables!$L$5:$L$85,Tables!$M$5:$M$85,Tables!$N$5:$N$85,Tables!$O$5:$O$85,Tables!$P$5:$P$85,Tables!$Q$5:$Q$85,Inputs!$F$9:$F$89)) | T9: =$B$3*SUMPRODUCT(Base!$T$5:$T$85,CHOOSE(MATCH(Inputs!$C$4,{"CIE 1931 2deg","CIE 1964 10deg","CIE 2015 2deg","Pasted below"},0),Tables!$B$5:$B$85,Tables!$E$5:$E$85,Tables!$H$5:$H$85,Inputs!$C$9:$C$89),CHOOSE(MATCH(Inputs!$C$5,{"A","C","D50","D65","E","F2","F11","Pasted below"},0),Tables!$K$5:$K$85,Tables!$L$5:$L$85,Tables!$M$5:$M$85,Tables!$N$5:$N$85,Tables!$O$5:$O$85,Tables!$P$5:$P$85,Tables!$Q$5:$Q$85,Inputs!$F$9:$F$89)) | U9: =$B$3*SUMPRODUCT(Base!$U$5:$U$85,CHOOSE(MATCH(Inputs!$C$4,{"CIE 1931 2deg","CIE 1964 10deg","CIE 2015 2deg","Pasted below"},0),Tables!$B$5:$B$85,Tables!$E$5:$E$85,Tables!$H$5:$H$85,Inputs!$C$9:$C$89),CHOOSE(MATCH(Inputs!$C$5,{"A","C","D50","D65","E","F2","F11","Pasted below"},0),Tables!$K$5:$K$85,Tables!$L$5:$L$85,Tables!$M$5:$M$85,Tables!$N$5:$N$85,Tables!$O$5:$O$85,Tables!$P$5:$P$85,Tables!$Q$5:$Q$85,Inputs!$F$9:$F$89)) | V9: =$B$3*SUMPRODUCT(Base!$V$5:$V$85,CHOOSE(MATCH(Inputs!$C$4,{"CIE 1931 2deg","CIE 1964 10deg","CIE 2015 2deg","Pasted below"},0),Tables!$B$5:$B$85,Tables!$E$5:$E$85,Tables!$H$5:$H$85,Inputs!$C$9:$C$89),CHOOSE(MATCH(Inputs!$C$5,{"A","C","D50","D65","E","F2","F11","Pasted below"},0),Tables!$K$5:$K$85,Tables!$L$5:$L$85,Tables!$M$5:$M$85,Tables!$N$5:$N$85,Tables!$O$5:$O$85,Tables!$P$5:$P$85,Tables!$Q$5:$Q$85,Inputs!$F$9:$F$89)) | W9: =$B$3*SUMPRODUCT(Base!$W$5:$W$85,CHOOSE(MATCH(Inputs!$C$4,{"CIE 1931 2deg","CIE 1964 10deg","CIE 2015 2deg","Pasted below"},0),Tables!$B$5:$B$85,Tables!$E$5:$E$85,Tables!$H$5:$H$85,Inputs!$C$9:$C$89),CHOOSE(MATCH(Inputs!$C$5,{"A","C","D50","D65","E","F2","F11","Pasted below"},0),Tables!$K$5:$K$85,Tables!$L$5:$L$85,Tables!$M$5:$M$85,Tables!$N$5:$N$85,Tables!$O$5:$O$85,Tables!$P$5:$P$85,Tables!$Q$5:$Q$85,Inputs!$F$9:$F$89)) | X9: =$B$3*SUMPRODUCT(Base!$X$5:$X$85,CHOOSE(MATCH(Inputs!$C$4,{"CIE 1931 2deg","CIE 1964 10deg","CIE 2015 2deg","Pasted below"},0),Tables!$B$5:$B$85,Tables!$E$5:$E$85,Tables!$H$5:$H$85,Inputs!$C$9:$C$89),CHOOSE(MATCH(Inputs!$C$5,{"A","C","D50","D65","E","F2","F11","Pasted below"},0),Tables!$K$5:$K$85,Tables!$L$5:$L$85,Tables!$M$5:$M$85,Tables!$N$5:$N$85,Tables!$O$5:$O$85,Tables!$P$5:$P$85,Tables!$Q$5:$Q$85,Inputs!$F$9:$F$89)) | Y9: =$B$3*SUMPRODUCT(Base!$Y$5:$Y$85,CHOOSE(MATCH(Inputs!$C$4,{"CIE 1931 2deg","CIE 1964 10deg","CIE 2015 2deg","Pasted below"},0),Tables!$B$5:$B$85,Tables!$E$5:$E$85,Tables!$H$5:$H$85,Inputs!$C$9:$C$89),CHOOSE(MATCH(Inputs!$C$5,{"A","C","D50","D65","E","F2","F11","Pasted below"},0),Tables!$K$5:$K$85,Tables!$L$5:$L$85,Tables!$M$5:$M$85,Tables!$N$5:$N$85,Tables!$O$5:$O$85,Tables!$P$5:$P$85,Tables!$Q$5:$Q$85,Inputs!$F$9:$F$89)) | Z9: =$B$3*SUMPRODUCT(Base!$Z$5:$Z$85,CHOOSE(MATCH(Inputs!$C$4,{"CIE 1931 2deg","CIE 1964 10deg","CIE 2015 2deg","Pasted below"},0),Tables!$B$5:$B$85,Tables!$E$5:$E$85,Tables!$H$5:$H$85,Inputs!$C$9:$C$89),CHOOSE(MATCH(Inputs!$C$5,{"A","C","D50","D65","E","F2","F11","Pasted below"},0),Tables!$K$5:$K$85,Tables!$L$5:$L$85,Tables!$M$5:$M$85,Tables!$N$5:$N$85,Tables!$O$5:$O$85,Tables!$P$5:$P$85,Tables!$Q$5:$Q$85,Inputs!$F$9:$F$89)) | AA9: =$B$3*SUMPRODUCT(Base!$AA$5:$AA$85,CHOOSE(MATCH(Inputs!$C$4,{"CIE 1931 2deg","CIE 1964 10deg","CIE 2015 2deg","Pasted below"},0),Tables!$B$5:$B$85,Tables!$E$5:$E$85,Tables!$H$5:$H$85,Inputs!$C$9:$C$89),CHOOSE(MATCH(Inputs!$C$5,{"A","C","D50","D65","E","F2","F11","Pasted below"},0),Tables!$K$5:$K$85,Tables!$L$5:$L$85,Tables!$M$5:$M$85,Tables!$N$5:$N$85,Tables!$O$5:$O$85,Tables!$P$5:$P$85,Tables!$Q$5:$Q$85,Inputs!$F$9:$F$89)) | AB9: =$B$3*SUMPRODUCT(Base!$AB$5:$AB$85,CHOOSE(MATCH(Inputs!$C$4,{"CIE 1931 2deg","CIE 1964 10deg","CIE 2015 2deg","Pasted below"},0),Tables!$B$5:$B$85,Tables!$E$5:$E$85,Tables!$H$5:$H$85,Inputs!$C$9:$C$89),CHOOSE(MATCH(Inputs!$C$5,{"A","C","D50","D65","E","F2","F11","Pasted below"},0),Tables!$K$5:$K$85,Tables!$L$5:$L$85,Tables!$M$5:$M$85,Tables!$N$5:$N$85,Tables!$O$5:$O$85,Tables!$P$5:$P$85,Tables!$Q$5:$Q$85,Inputs!$F$9:$F$89)) | AC9: =$B$3*SUMPRODUCT(Base!$AC$5:$AC$85,CHOOSE(MATCH(Inputs!$C$4,{"CIE 1931 2deg","CIE 1964 10deg","CIE 2015 2deg","Pasted below"},0),Tables!$B$5:$B$85,Tables!$E$5:$E$85,Tables!$H$5:$H$85,Inputs!$C$9:$C$89),CHOOSE(MATCH(Inputs!$C$5,{"A","C","D50","D65","E","F2","F11","Pasted below"},0),Tables!$K$5:$K$85,Tables!$L$5:$L$85,Tables!$M$5:$M$85,Tables!$N$5:$N$85,Tables!$O$5:$O$85,Tables!$P$5:$P$85,Tables!$Q$5:$Q$85,Inputs!$F$9:$F$89)) | AD9: =$B$3*SUMPRODUCT(Base!$AD$5:$AD$85,CHOOSE(MATCH(Inputs!$C$4,{"CIE 1931 2deg","CIE 1964 10deg","CIE 2015 2deg","Pasted below"},0),Tables!$B$5:$B$85,Tables!$E$5:$E$85,Tables!$H$5:$H$85,Inputs!$C$9:$C$89),CHOOSE(MATCH(Inputs!$C$5,{"A","C","D50","D65","E","F2","F11","Pasted below"},0),Tables!$K$5:$K$85,Tables!$L$5:$L$85,Tables!$M$5:$M$85,Tables!$N$5:$N$85,Tables!$O$5:$O$85,Tables!$P$5:$P$85,Tables!$Q$5:$Q$85,Inputs!$F$9:$F$89)) | AE9: =$B$3*SUMPRODUCT(Base!$AE$5:$AE$85,CHOOSE(MATCH(Inputs!$C$4,{"CIE 1931 2deg","CIE 1964 10deg","CIE 2015 2deg","Pasted below"},0),Tables!$B$5:$B$85,Tables!$E$5:$E$85,Tables!$H$5:$H$85,Inputs!$C$9:$C$89),CHOOSE(MATCH(Inputs!$C$5,{"A","C","D50","D65","E","F2","F11","Pasted below"},0),Tables!$K$5:$K$85,Tables!$L$5:$L$85,Tables!$M$5:$M$85,Tables!$N$5:$N$85,Tables!$O$5:$O$85,Tables!$P$5:$P$85,Tables!$Q$5:$Q$85,Inputs!$F$9:$F$89)) | AF9: =$B$3*SUMPRODUCT(Base!$AF$5:$AF$85,CHOOSE(MATCH(Inputs!$C$4,{"CIE 1931 2deg","CIE 1964 10deg","CIE 2015 2deg","Pasted below"},0),Tables!$B$5:$B$85,Tables!$E$5:$E$85,Tables!$H$5:$H$85,Inputs!$C$9:$C$89),CHOOSE(MATCH(Inputs!$C$5,{"A","C","D50","D65","E","F2","F11","Pasted below"},0),Tables!$K$5:$K$85,Tables!$L$5:$L$85,Tables!$M$5:$M$85,Tables!$N$5:$N$85,Tables!$O$5:$O$85,Tables!$P$5:$P$85,Tables!$Q$5:$Q$85,Inputs!$F$9:$F$89)) | AG9: =$B$3*SUMPRODUCT(Base!$AG$5:$AG$85,CHOOSE(MATCH(Inputs!$C$4,{"CIE 1931 2deg","CIE 1964 10deg","CIE 2015 2deg","Pasted below"},0),Tables!$B$5:$B$85,Tables!$E$5:$E$85,Tables!$H$5:$H$85,Inputs!$C$9:$C$89),CHOOSE(MATCH(Inputs!$C$5,{"A","C","D50","D65","E","F2","F11","Pasted below"},0),Tables!$K$5:$K$85,Tables!$L$5:$L$85,Tables!$M$5:$M$85,Tables!$N$5:$N$85,Tables!$O$5:$O$85,Tables!$P$5:$P$85,Tables!$Q$5:$Q$85,Inputs!$F$9:$F$89)) | AH9: =$B$3*SUMPRODUCT(Base!$AH$5:$AH$85,CHOOSE(MATCH(Inputs!$C$4,{"CIE 1931 2deg","CIE 1964 10deg","CIE 2015 2deg","Pasted below"},0),Tables!$B$5:$B$85,Tables!$E$5:$E$85,Tables!$H$5:$H$85,Inputs!$C$9:$C$89),CHOOSE(MATCH(Inputs!$C$5,{"A","C","D50","D65","E","F2","F11","Pasted below"},0),Tables!$K$5:$K$85,Tables!$L$5:$L$85,Tables!$M$5:$M$85,Tables!$N$5:$N$85,Tables!$O$5:$O$85,Tables!$P$5:$P$85,Tables!$Q$5:$Q$85,Inputs!$F$9:$F$89)) | AI9: =$B$3*SUMPRODUCT(Base!$AI$5:$AI$85,CHOOSE(MATCH(Inputs!$C$4,{"CIE 1931 2deg","CIE 1964 10deg","CIE 2015 2deg","Pasted below"},0),Tables!$B$5:$B$85,Tables!$E$5:$E$85,Tables!$H$5:$H$85,Inputs!$C$9:$C$89),CHOOSE(MATCH(Inputs!$C$5,{"A","C","D50","D65","E","F2","F11","Pasted below"},0),Tables!$K$5:$K$85,Tables!$L$5:$L$85,Tables!$M$5:$M$85,Tables!$N$5:$N$85,Tables!$O$5:$O$85,Tables!$P$5:$P$85,Tables!$Q$5:$Q$85,Inputs!$F$9:$F$89)) | AJ9: =$B$3*SUMPRODUCT(Base!$AJ$5:$AJ$85,CHOOSE(MATCH(Inputs!$C$4,{"CIE 1931 2deg","CIE 1964 10deg","CIE 2015 2deg","Pasted below"},0),Tables!$B$5:$B$85,Tables!$E$5:$E$85,Tables!$H$5:$H$85,Inputs!$C$9:$C$89),CHOOSE(MATCH(Inputs!$C$5,{"A","C","D50","D65","E","F2","F11","Pasted below"},0),Tables!$K$5:$K$85,Tables!$L$5:$L$85,Tables!$M$5:$M$85,Tables!$N$5:$N$85,Tables!$O$5:$O$85,Tables!$P$5:$P$85,Tables!$Q$5:$Q$85,Inputs!$F$9:$F$89)) | AK9: =$B$3*SUMPRODUCT(Base!$AK$5:$AK$85,CHOOSE(MATCH(Inputs!$C$4,{"CIE 1931 2deg","CIE 1964 10deg","CIE 2015 2deg","Pasted below"},0),Tables!$B$5:$B$85,Tables!$E$5:$E$85,Tables!$H$5:$H$85,Inputs!$C$9:$C$89),CHOOSE(MATCH(Inputs!$C$5,{"A","C","D50","D65","E","F2","F11","Pasted below"},0),Tables!$K$5:$K$85,Tables!$L$5:$L$85,Tables!$M$5:$M$85,Tables!$N$5:$N$85,Tables!$O$5:$O$85,Tables!$P$5:$P$85,Tables!$Q$5:$Q$85,Inputs!$F$9:$F$89)) | AL9: =$B$3*SUMPRODUCT(Base!$AL$5:$AL$85,CHOOSE(MATCH(Inputs!$C$4,{"CIE 1931 2deg","CIE 1964 10deg","CIE 2015 2deg","Pasted below"},0),Tables!$B$5:$B$85,Tables!$E$5:$E$85,Tables!$H$5:$H$85,Inputs!$C$9:$C$89),CHOOSE(MATCH(Inputs!$C$5,{"A","C","D50","D65","E","F2","F11","Pasted below"},0),Tables!$K$5:$K$85,Tables!$L$5:$L$85,Tables!$M$5:$M$85,Tables!$N$5:$N$85,Tables!$O$5:$O$85,Tables!$P$5:$P$85,Tables!$Q$5:$Q$85,Inputs!$F$9:$F$89)) | AM9: =$B$3*SUMPRODUCT(Base!$AM$5:$AM$85,CHOOSE(MATCH(Inputs!$C$4,{"CIE 1931 2deg","CIE 1964 10deg","CIE 2015 2deg","Pasted below"},0),Tables!$B$5:$B$85,Tables!$E$5:$E$85,Tables!$H$5:$H$85,Inputs!$C$9:$C$89),CHOOSE(MATCH(Inputs!$C$5,{"A","C","D50","D65","E","F2","F11","Pasted below"},0),Tables!$K$5:$K$85,Tables!$L$5:$L$85,Tables!$M$5:$M$85,Tables!$N$5:$N$85,Tables!$O$5:$O$85,Tables!$P$5:$P$85,Tables!$Q$5:$Q$85,Inputs!$F$9:$F$89)) | AN9: =$B$3*SUMPRODUCT(Base!$AN$5:$AN$85,CHOOSE(MATCH(Inputs!$C$4,{"CIE 1931 2deg","CIE 1964 10deg","CIE 2015 2deg","Pasted below"},0),Tables!$B$5:$B$85,Tables!$E$5:$E$85,Tables!$H$5:$H$85,Inputs!$C$9:$C$89),CHOOSE(MATCH(Inputs!$C$5,{"A","C","D50","D65","E","F2","F11","Pasted below"},0),Tables!$K$5:$K$85,Tables!$L$5:$L$85,Tables!$M$5:$M$85,Tables!$N$5:$N$85,Tables!$O$5:$O$85,Tables!$P$5:$P$85,Tables!$Q$5:$Q$85,Inputs!$F$9:$F$89)) | AO9: =$B$3*SUMPRODUCT(Base!$AO$5:$AO$85,CHOOSE(MATCH(Inputs!$C$4,{"CIE 1931 2deg","CIE 1964 10deg","CIE 2015 2deg","Pasted below"},0),Tables!$B$5:$B$85,Tables!$E$5:$E$85,Tables!$H$5:$H$85,Inputs!$C$9:$C$89),CHOOSE(MATCH(Inputs!$C$5,{"A","C","D50","D65","E","F2","F11","Pasted below"},0),Tables!$K$5:$K$85,Tables!$L$5:$L$85,Tables!$M$5:$M$85,Tables!$N$5:$N$85,Tables!$O$5:$O$85,Tables!$P$5:$P$85,Tables!$Q$5:$Q$85,Inputs!$F$9:$F$89)) | AP9: =$B$3*SUMPRODUCT(Base!$AP$5:$AP$85,CHOOSE(MATCH(Inputs!$C$4,{"CIE 1931 2deg","CIE 1964 10deg","CIE 2015 2deg","Pasted below"},0),Tables!$B$5:$B$85,Tables!$E$5:$E$85,Tables!$H$5:$H$85,Inputs!$C$9:$C$89),CHOOSE(MATCH(Inputs!$C$5,{"A","C","D50","D65","E","F2","F11","Pasted below"},0),Tables!$K$5:$K$85,Tables!$L$5:$L$85,Tables!$M$5:$M$85,Tables!$N$5:$N$85,Tables!$O$5:$O$85,Tables!$P$5:$P$85,Tables!$Q$5:$Q$85,Inputs!$F$9:$F$89))
C10: =$B$3*SUMPRODUCT(Base!$C$5:$C$85,CHOOSE(MATCH(Inputs!$C$4,{"CIE 1931 2deg","CIE 1964 10deg","CIE 2015 2deg","Pasted below"},0),Tables!$C$5:$C$85,Tables!$F$5:$F$85,Tables!$I$5:$I$85,Inputs!$D$9:$D$89),CHOOSE(MATCH(Inputs!$C$5,{"A","C","D50","D65","E","F2","F11","Pasted below"},0),Tables!$K$5:$K$85,Tables!$L$5:$L$85,Tables!$M$5:$M$85,Tables!$N$5:$N$85,Tables!$O$5:$O$85,Tables!$P$5:$P$85,Tables!$Q$5:$Q$85,Inputs!$F$9:$F$89)) | D10: =$B$3*SUMPRODUCT(Base!$D$5:$D$85,CHOOSE(MATCH(Inputs!$C$4,{"CIE 1931 2deg","CIE 1964 10deg","CIE 2015 2deg","Pasted below"},0),Tables!$C$5:$C$85,Tables!$F$5:$F$85,Tables!$I$5:$I$85,Inputs!$D$9:$D$89),CHOOSE(MATCH(Inputs!$C$5,{"A","C","D50","D65","E","F2","F11","Pasted below"},0),Tables!$K$5:$K$85,Tables!$L$5:$L$85,Tables!$M$5:$M$85,Tables!$N$5:$N$85,Tables!$O$5:$O$85,Tables!$P$5:$P$85,Tables!$Q$5:$Q$85,Inputs!$F$9:$F$89)) | E10: =$B$3*SUMPRODUCT(Base!$E$5:$E$85,CHOOSE(MATCH(Inputs!$C$4,{"CIE 1931 2deg","CIE 1964 10deg","CIE 2015 2deg","Pasted below"},0),Tables!$C$5:$C$85,Tables!$F$5:$F$85,Tables!$I$5:$I$85,Inputs!$D$9:$D$89),CHOOSE(MATCH(Inputs!$C$5,{"A","C","D50","D65","E","F2","F11","Pasted below"},0),Tables!$K$5:$K$85,Tables!$L$5:$L$85,Tables!$M$5:$M$85,Tables!$N$5:$N$85,Tables!$O$5:$O$85,Tables!$P$5:$P$85,Tables!$Q$5:$Q$85,Inputs!$F$9:$F$89)) | F10: =$B$3*SUMPRODUCT(Base!$F$5:$F$85,CHOOSE(MATCH(Inputs!$C$4,{"CIE 1931 2deg","CIE 1964 10deg","CIE 2015 2deg","Pasted below"},0),Tables!$C$5:$C$85,Tables!$F$5:$F$85,Tables!$I$5:$I$85,Inputs!$D$9:$D$89),CHOOSE(MATCH(Inputs!$C$5,{"A","C","D50","D65","E","F2","F11","Pasted below"},0),Tables!$K$5:$K$85,Tables!$L$5:$L$85,Tables!$M$5:$M$85,Tables!$N$5:$N$85,Tables!$O$5:$O$85,Tables!$P$5:$P$85,Tables!$Q$5:$Q$85,Inputs!$F$9:$F$89)) | G10: =$B$3*SUMPRODUCT(Base!$G$5:$G$85,CHOOSE(MATCH(Inputs!$C$4,{"CIE 1931 2deg","CIE 1964 10deg","CIE 2015 2deg","Pasted below"},0),Tables!$C$5:$C$85,Tables!$F$5:$F$85,Tables!$I$5:$I$85,Inputs!$D$9:$D$89),CHOOSE(MATCH(Inputs!$C$5,{"A","C","D50","D65","E","F2","F11","Pasted below"},0),Tables!$K$5:$K$85,Tables!$L$5:$L$85,Tables!$M$5:$M$85,Tables!$N$5:$N$85,Tables!$O$5:$O$85,Tables!$P$5:$P$85,Tables!$Q$5:$Q$85,Inputs!$F$9:$F$89)) | H10: =$B$3*SUMPRODUCT(Base!$H$5:$H$85,CHOOSE(MATCH(Inputs!$C$4,{"CIE 1931 2deg","CIE 1964 10deg","CIE 2015 2deg","Pasted below"},0),Tables!$C$5:$C$85,Tables!$F$5:$F$85,Tables!$I$5:$I$85,Inputs!$D$9:$D$89),CHOOSE(MATCH(Inputs!$C$5,{"A","C","D50","D65","E","F2","F11","Pasted below"},0),Tables!$K$5:$K$85,Tables!$L$5:$L$85,Tables!$M$5:$M$85,Tables!$N$5:$N$85,Tables!$O$5:$O$85,Tables!$P$5:$P$85,Tables!$Q$5:$Q$85,Inputs!$F$9:$F$89)) | I10: =$B$3*SUMPRODUCT(Base!$I$5:$I$85,CHOOSE(MATCH(Inputs!$C$4,{"CIE 1931 2deg","CIE 1964 10deg","CIE 2015 2deg","Pasted below"},0),Tables!$C$5:$C$85,Tables!$F$5:$F$85,Tables!$I$5:$I$85,Inputs!$D$9:$D$89),CHOOSE(MATCH(Inputs!$C$5,{"A","C","D50","D65","E","F2","F11","Pasted below"},0),Tables!$K$5:$K$85,Tables!$L$5:$L$85,Tables!$M$5:$M$85,Tables!$N$5:$N$85,Tables!$O$5:$O$85,Tables!$P$5:$P$85,Tables!$Q$5:$Q$85,Inputs!$F$9:$F$89)) | J10: =$B$3*SUMPRODUCT(Base!$J$5:$J$85,CHOOSE(MATCH(Inputs!$C$4,{"CIE 1931 2deg","CIE 1964 10deg","CIE 2015 2deg","Pasted below"},0),Tables!$C$5:$C$85,Tables!$F$5:$F$85,Tables!$I$5:$I$85,Inputs!$D$9:$D$89),CHOOSE(MATCH(Inputs!$C$5,{"A","C","D50","D65","E","F2","F11","Pasted below"},0),Tables!$K$5:$K$85,Tables!$L$5:$L$85,Tables!$M$5:$M$85,Tables!$N$5:$N$85,Tables!$O$5:$O$85,Tables!$P$5:$P$85,Tables!$Q$5:$Q$85,Inputs!$F$9:$F$89)) | K10: =$B$3*SUMPRODUCT(Base!$K$5:$K$85,CHOOSE(MATCH(Inputs!$C$4,{"CIE 1931 2deg","CIE 1964 10deg","CIE 2015 2deg","Pasted below"},0),Tables!$C$5:$C$85,Tables!$F$5:$F$85,Tables!$I$5:$I$85,Inputs!$D$9:$D$89),CHOOSE(MATCH(Inputs!$C$5,{"A","C","D50","D65","E","F2","F11","Pasted below"},0),Tables!$K$5:$K$85,Tables!$L$5:$L$85,Tables!$M$5:$M$85,Tables!$N$5:$N$85,Tables!$O$5:$O$85,Tables!$P$5:$P$85,Tables!$Q$5:$Q$85,Inputs!$F$9:$F$89)) | L10: =$B$3*SUMPRODUCT(Base!$L$5:$L$85,CHOOSE(MATCH(Inputs!$C$4,{"CIE 1931 2deg","CIE 1964 10deg","CIE 2015 2deg","Pasted below"},0),Tables!$C$5:$C$85,Tables!$F$5:$F$85,Tables!$I$5:$I$85,Inputs!$D$9:$D$89),CHOOSE(MATCH(Inputs!$C$5,{"A","C","D50","D65","E","F2","F11","Pasted below"},0),Tables!$K$5:$K$85,Tables!$L$5:$L$85,Tables!$M$5:$M$85,Tables!$N$5:$N$85,Tables!$O$5:$O$85,Tables!$P$5:$P$85,Tables!$Q$5:$Q$85,Inputs!$F$9:$F$89)) | M10: =$B$3*SUMPRODUCT(Base!$M$5:$M$85,CHOOSE(MATCH(Inputs!$C$4,{"CIE 1931 2deg","CIE 1964 10deg","CIE 2015 2deg","Pasted below"},0),Tables!$C$5:$C$85,Tables!$F$5:$F$85,Tables!$I$5:$I$85,Inputs!$D$9:$D$89),CHOOSE(MATCH(Inputs!$C$5,{"A","C","D50","D65","E","F2","F11","Pasted below"},0),Tables!$K$5:$K$85,Tables!$L$5:$L$85,Tables!$M$5:$M$85,Tables!$N$5:$N$85,Tables!$O$5:$O$85,Tables!$P$5:$P$85,Tables!$Q$5:$Q$85,Inputs!$F$9:$F$89)) | N10: =$B$3*SUMPRODUCT(Base!$N$5:$N$85,CHOOSE(MATCH(Inputs!$C$4,{"CIE 1931 2deg","CIE 1964 10deg","CIE 2015 2deg","Pasted below"},0),Tables!$C$5:$C$85,Tables!$F$5:$F$85,Tables!$I$5:$I$85,Inputs!$D$9:$D$89),CHOOSE(MATCH(Inputs!$C$5,{"A","C","D50","D65","E","F2","F11","Pasted below"},0),Tables!$K$5:$K$85,Tables!$L$5:$L$85,Tables!$M$5:$M$85,Tables!$N$5:$N$85,Tables!$O$5:$O$85,Tables!$P$5:$P$85,Tables!$Q$5:$Q$85,Inputs!$F$9:$F$89)) | O10: =$B$3*SUMPRODUCT(Base!$O$5:$O$85,CHOOSE(MATCH(Inputs!$C$4,{"CIE 1931 2deg","CIE 1964 10deg","CIE 2015 2deg","Pasted below"},0),Tables!$C$5:$C$85,Tables!$F$5:$F$85,Tables!$I$5:$I$85,Inputs!$D$9:$D$89),CHOOSE(MATCH(Inputs!$C$5,{"A","C","D50","D65","E","F2","F11","Pasted below"},0),Tables!$K$5:$K$85,Tables!$L$5:$L$85,Tables!$M$5:$M$85,Tables!$N$5:$N$85,Tables!$O$5:$O$85,Tables!$P$5:$P$85,Tables!$Q$5:$Q$85,Inputs!$F$9:$F$89)) | P10: =$B$3*SUMPRODUCT(Base!$P$5:$P$85,CHOOSE(MATCH(Inputs!$C$4,{"CIE 1931 2deg","CIE 1964 10deg","CIE 2015 2deg","Pasted below"},0),Tables!$C$5:$C$85,Tables!$F$5:$F$85,Tables!$I$5:$I$85,Inputs!$D$9:$D$89),CHOOSE(MATCH(Inputs!$C$5,{"A","C","D50","D65","E","F2","F11","Pasted below"},0),Tables!$K$5:$K$85,Tables!$L$5:$L$85,Tables!$M$5:$M$85,Tables!$N$5:$N$85,Tables!$O$5:$O$85,Tables!$P$5:$P$85,Tables!$Q$5:$Q$85,Inputs!$F$9:$F$89)) | Q10: =$B$3*SUMPRODUCT(Base!$Q$5:$Q$85,CHOOSE(MATCH(Inputs!$C$4,{"CIE 1931 2deg","CIE 1964 10deg","CIE 2015 2deg","Pasted below"},0),Tables!$C$5:$C$85,Tables!$F$5:$F$85,Tables!$I$5:$I$85,Inputs!$D$9:$D$89),CHOOSE(MATCH(Inputs!$C$5,{"A","C","D50","D65","E","F2","F11","Pasted below"},0),Tables!$K$5:$K$85,Tables!$L$5:$L$85,Tables!$M$5:$M$85,Tables!$N$5:$N$85,Tables!$O$5:$O$85,Tables!$P$5:$P$85,Tables!$Q$5:$Q$85,Inputs!$F$9:$F$89)) | R10: =$B$3*SUMPRODUCT(Base!$R$5:$R$85,CHOOSE(MATCH(Inputs!$C$4,{"CIE 1931 2deg","CIE 1964 10deg","CIE 2015 2deg","Pasted below"},0),Tables!$C$5:$C$85,Tables!$F$5:$F$85,Tables!$I$5:$I$85,Inputs!$D$9:$D$89),CHOOSE(MATCH(Inputs!$C$5,{"A","C","D50","D65","E","F2","F11","Pasted below"},0),Tables!$K$5:$K$85,Tables!$L$5:$L$85,Tables!$M$5:$M$85,Tables!$N$5:$N$85,Tables!$O$5:$O$85,Tables!$P$5:$P$85,Tables!$Q$5:$Q$85,Inputs!$F$9:$F$89)) | S10: =$B$3*SUMPRODUCT(Base!$S$5:$S$85,CHOOSE(MATCH(Inputs!$C$4,{"CIE 1931 2deg","CIE 1964 10deg","CIE 2015 2deg","Pasted below"},0),Tables!$C$5:$C$85,Tables!$F$5:$F$85,Tables!$I$5:$I$85,Inputs!$D$9:$D$89),CHOOSE(MATCH(Inputs!$C$5,{"A","C","D50","D65","E","F2","F11","Pasted below"},0),Tables!$K$5:$K$85,Tables!$L$5:$L$85,Tables!$M$5:$M$85,Tables!$N$5:$N$85,Tables!$O$5:$O$85,Tables!$P$5:$P$85,Tables!$Q$5:$Q$85,Inputs!$F$9:$F$89)) | T10: =$B$3*SUMPRODUCT(Base!$T$5:$T$85,CHOOSE(MATCH(Inputs!$C$4,{"CIE 1931 2deg","CIE 1964 10deg","CIE 2015 2deg","Pasted below"},0),Tables!$C$5:$C$85,Tables!$F$5:$F$85,Tables!$I$5:$I$85,Inputs!$D$9:$D$89),CHOOSE(MATCH(Inputs!$C$5,{"A","C","D50","D65","E","F2","F11","Pasted below"},0),Tables!$K$5:$K$85,Tables!$L$5:$L$85,Tables!$M$5:$M$85,Tables!$N$5:$N$85,Tables!$O$5:$O$85,Tables!$P$5:$P$85,Tables!$Q$5:$Q$85,Inputs!$F$9:$F$89)) | U10: =$B$3*SUMPRODUCT(Base!$U$5:$U$85,CHOOSE(MATCH(Inputs!$C$4,{"CIE 1931 2deg","CIE 1964 10deg","CIE 2015 2deg","Pasted below"},0),Tables!$C$5:$C$85,Tables!$F$5:$F$85,Tables!$I$5:$I$85,Inputs!$D$9:$D$89),CHOOSE(MATCH(Inputs!$C$5,{"A","C","D50","D65","E","F2","F11","Pasted below"},0),Tables!$K$5:$K$85,Tables!$L$5:$L$85,Tables!$M$5:$M$85,Tables!$N$5:$N$85,Tables!$O$5:$O$85,Tables!$P$5:$P$85,Tables!$Q$5:$Q$85,Inputs!$F$9:$F$89)) | V10: =$B$3*SUMPRODUCT(Base!$V$5:$V$85,CHOOSE(MATCH(Inputs!$C$4,{"CIE 1931 2deg","CIE 1964 10deg","CIE 2015 2deg","Pasted below"},0),Tables!$C$5:$C$85,Tables!$F$5:$F$85,Tables!$I$5:$I$85,Inputs!$D$9:$D$89),CHOOSE(MATCH(Inputs!$C$5,{"A","C","D50","D65","E","F2","F11","Pasted below"},0),Tables!$K$5:$K$85,Tables!$L$5:$L$85,Tables!$M$5:$M$85,Tables!$N$5:$N$85,Tables!$O$5:$O$85,Tables!$P$5:$P$85,Tables!$Q$5:$Q$85,Inputs!$F$9:$F$89)) | W10: =$B$3*SUMPRODUCT(Base!$W$5:$W$85,CHOOSE(MATCH(Inputs!$C$4,{"CIE 1931 2deg","CIE 1964 10deg","CIE 2015 2deg","Pasted below"},0),Tables!$C$5:$C$85,Tables!$F$5:$F$85,Tables!$I$5:$I$85,Inputs!$D$9:$D$89),CHOOSE(MATCH(Inputs!$C$5,{"A","C","D50","D65","E","F2","F11","Pasted below"},0),Tables!$K$5:$K$85,Tables!$L$5:$L$85,Tables!$M$5:$M$85,Tables!$N$5:$N$85,Tables!$O$5:$O$85,Tables!$P$5:$P$85,Tables!$Q$5:$Q$85,Inputs!$F$9:$F$89)) | X10: =$B$3*SUMPRODUCT(Base!$X$5:$X$85,CHOOSE(MATCH(Inputs!$C$4,{"CIE 1931 2deg","CIE 1964 10deg","CIE 2015 2deg","Pasted below"},0),Tables!$C$5:$C$85,Tables!$F$5:$F$85,Tables!$I$5:$I$85,Inputs!$D$9:$D$89),CHOOSE(MATCH(Inputs!$C$5,{"A","C","D50","D65","E","F2","F11","Pasted below"},0),Tables!$K$5:$K$85,Tables!$L$5:$L$85,Tables!$M$5:$M$85,Tables!$N$5:$N$85,Tables!$O$5:$O$85,Tables!$P$5:$P$85,Tables!$Q$5:$Q$85,Inputs!$F$9:$F$89)) | Y10: =$B$3*SUMPRODUCT(Base!$Y$5:$Y$85,CHOOSE(MATCH(Inputs!$C$4,{"CIE 1931 2deg","CIE 1964 10deg","CIE 2015 2deg","Pasted below"},0),Tables!$C$5:$C$85,Tables!$F$5:$F$85,Tables!$I$5:$I$85,Inputs!$D$9:$D$89),CHOOSE(MATCH(Inputs!$C$5,{"A","C","D50","D65","E","F2","F11","Pasted below"},0),Tables!$K$5:$K$85,Tables!$L$5:$L$85,Tables!$M$5:$M$85,Tables!$N$5:$N$85,Tables!$O$5:$O$85,Tables!$P$5:$P$85,Tables!$Q$5:$Q$85,Inputs!$F$9:$F$89)) | Z10: =$B$3*SUMPRODUCT(Base!$Z$5:$Z$85,CHOOSE(MATCH(Inputs!$C$4,{"CIE 1931 2deg","CIE 1964 10deg","CIE 2015 2deg","Pasted below"},0),Tables!$C$5:$C$85,Tables!$F$5:$F$85,Tables!$I$5:$I$85,Inputs!$D$9:$D$89),CHOOSE(MATCH(Inputs!$C$5,{"A","C","D50","D65","E","F2","F11","Pasted below"},0),Tables!$K$5:$K$85,Tables!$L$5:$L$85,Tables!$M$5:$M$85,Tables!$N$5:$N$85,Tables!$O$5:$O$85,Tables!$P$5:$P$85,Tables!$Q$5:$Q$85,Inputs!$F$9:$F$89)) | AA10: =$B$3*SUMPRODUCT(Base!$AA$5:$AA$85,CHOOSE(MATCH(Inputs!$C$4,{"CIE 1931 2deg","CIE 1964 10deg","CIE 2015 2deg","Pasted below"},0),Tables!$C$5:$C$85,Tables!$F$5:$F$85,Tables!$I$5:$I$85,Inputs!$D$9:$D$89),CHOOSE(MATCH(Inputs!$C$5,{"A","C","D50","D65","E","F2","F11","Pasted below"},0),Tables!$K$5:$K$85,Tables!$L$5:$L$85,Tables!$M$5:$M$85,Tables!$N$5:$N$85,Tables!$O$5:$O$85,Tables!$P$5:$P$85,Tables!$Q$5:$Q$85,Inputs!$F$9:$F$89)) | AB10: =$B$3*SUMPRODUCT(Base!$AB$5:$AB$85,CHOOSE(MATCH(Inputs!$C$4,{"CIE 1931 2deg","CIE 1964 10deg","CIE 2015 2deg","Pasted below"},0),Tables!$C$5:$C$85,Tables!$F$5:$F$85,Tables!$I$5:$I$85,Inputs!$D$9:$D$89),CHOOSE(MATCH(Inputs!$C$5,{"A","C","D50","D65","E","F2","F11","Pasted below"},0),Tables!$K$5:$K$85,Tables!$L$5:$L$85,Tables!$M$5:$M$85,Tables!$N$5:$N$85,Tables!$O$5:$O$85,Tables!$P$5:$P$85,Tables!$Q$5:$Q$85,Inputs!$F$9:$F$89)) | AC10: =$B$3*SUMPRODUCT(Base!$AC$5:$AC$85,CHOOSE(MATCH(Inputs!$C$4,{"CIE 1931 2deg","CIE 1964 10deg","CIE 2015 2deg","Pasted below"},0),Tables!$C$5:$C$85,Tables!$F$5:$F$85,Tables!$I$5:$I$85,Inputs!$D$9:$D$89),CHOOSE(MATCH(Inputs!$C$5,{"A","C","D50","D65","E","F2","F11","Pasted below"},0),Tables!$K$5:$K$85,Tables!$L$5:$L$85,Tables!$M$5:$M$85,Tables!$N$5:$N$85,Tables!$O$5:$O$85,Tables!$P$5:$P$85,Tables!$Q$5:$Q$85,Inputs!$F$9:$F$89)) | AD10: =$B$3*SUMPRODUCT(Base!$AD$5:$AD$85,CHOOSE(MATCH(Inputs!$C$4,{"CIE 1931 2deg","CIE 1964 10deg","CIE 2015 2deg","Pasted below"},0),Tables!$C$5:$C$85,Tables!$F$5:$F$85,Tables!$I$5:$I$85,Inputs!$D$9:$D$89),CHOOSE(MATCH(Inputs!$C$5,{"A","C","D50","D65","E","F2","F11","Pasted below"},0),Tables!$K$5:$K$85,Tables!$L$5:$L$85,Tables!$M$5:$M$85,Tables!$N$5:$N$85,Tables!$O$5:$O$85,Tables!$P$5:$P$85,Tables!$Q$5:$Q$85,Inputs!$F$9:$F$89)) | AE10: =$B$3*SUMPRODUCT(Base!$AE$5:$AE$85,CHOOSE(MATCH(Inputs!$C$4,{"CIE 1931 2deg","CIE 1964 10deg","CIE 2015 2deg","Pasted below"},0),Tables!$C$5:$C$85,Tables!$F$5:$F$85,Tables!$I$5:$I$85,Inputs!$D$9:$D$89),CHOOSE(MATCH(Inputs!$C$5,{"A","C","D50","D65","E","F2","F11","Pasted below"},0),Tables!$K$5:$K$85,Tables!$L$5:$L$85,Tables!$M$5:$M$85,Tables!$N$5:$N$85,Tables!$O$5:$O$85,Tables!$P$5:$P$85,Tables!$Q$5:$Q$85,Inputs!$F$9:$F$89)) | AF10: =$B$3*SUMPRODUCT(Base!$AF$5:$AF$85,CHOOSE(MATCH(Inputs!$C$4,{"CIE 1931 2deg","CIE 1964 10deg","CIE 2015 2deg","Pasted below"},0),Tables!$C$5:$C$85,Tables!$F$5:$F$85,Tables!$I$5:$I$85,Inputs!$D$9:$D$89),CHOOSE(MATCH(Inputs!$C$5,{"A","C","D50","D65","E","F2","F11","Pasted below"},0),Tables!$K$5:$K$85,Tables!$L$5:$L$85,Tables!$M$5:$M$85,Tables!$N$5:$N$85,Tables!$O$5:$O$85,Tables!$P$5:$P$85,Tables!$Q$5:$Q$85,Inputs!$F$9:$F$89)) | AG10: =$B$3*SUMPRODUCT(Base!$AG$5:$AG$85,CHOOSE(MATCH(Inputs!$C$4,{"CIE 1931 2deg","CIE 1964 10deg","CIE 2015 2deg","Pasted below"},0),Tables!$C$5:$C$85,Tables!$F$5:$F$85,Tables!$I$5:$I$85,Inputs!$D$9:$D$89),CHOOSE(MATCH(Inputs!$C$5,{"A","C","D50","D65","E","F2","F11","Pasted below"},0),Tables!$K$5:$K$85,Tables!$L$5:$L$85,Tables!$M$5:$M$85,Tables!$N$5:$N$85,Tables!$O$5:$O$85,Tables!$P$5:$P$85,Tables!$Q$5:$Q$85,Inputs!$F$9:$F$89)) | AH10: =$B$3*SUMPRODUCT(Base!$AH$5:$AH$85,CHOOSE(MATCH(Inputs!$C$4,{"CIE 1931 2deg","CIE 1964 10deg","CIE 2015 2deg","Pasted below"},0),Tables!$C$5:$C$85,Tables!$F$5:$F$85,Tables!$I$5:$I$85,Inputs!$D$9:$D$89),CHOOSE(MATCH(Inputs!$C$5,{"A","C","D50","D65","E","F2","F11","Pasted below"},0),Tables!$K$5:$K$85,Tables!$L$5:$L$85,Tables!$M$5:$M$85,Tables!$N$5:$N$85,Tables!$O$5:$O$85,Tables!$P$5:$P$85,Tables!$Q$5:$Q$85,Inputs!$F$9:$F$89)) | AI10: =$B$3*SUMPRODUCT(Base!$AI$5:$AI$85,CHOOSE(MATCH(Inputs!$C$4,{"CIE 1931 2deg","CIE 1964 10deg","CIE 2015 2deg","Pasted below"},0),Tables!$C$5:$C$85,Tables!$F$5:$F$85,Tables!$I$5:$I$85,Inputs!$D$9:$D$89),CHOOSE(MATCH(Inputs!$C$5,{"A","C","D50","D65","E","F2","F11","Pasted below"},0),Tables!$K$5:$K$85,Tables!$L$5:$L$85,Tables!$M$5:$M$85,Tables!$N$5:$N$85,Tables!$O$5:$O$85,Tables!$P$5:$P$85,Tables!$Q$5:$Q$85,Inputs!$F$9:$F$89)) | AJ10: =$B$3*SUMPRODUCT(Base!$AJ$5:$AJ$85,CHOOSE(MATCH(Inputs!$C$4,{"CIE 1931 2deg","CIE 1964 10deg","CIE 2015 2deg","Pasted below"},0),Tables!$C$5:$C$85,Tables!$F$5:$F$85,Tables!$I$5:$I$85,Inputs!$D$9:$D$89),CHOOSE(MATCH(Inputs!$C$5,{"A","C","D50","D65","E","F2","F11","Pasted below"},0),Tables!$K$5:$K$85,Tables!$L$5:$L$85,Tables!$M$5:$M$85,Tables!$N$5:$N$85,Tables!$O$5:$O$85,Tables!$P$5:$P$85,Tables!$Q$5:$Q$85,Inputs!$F$9:$F$89)) | AK10: =$B$3*SUMPRODUCT(Base!$AK$5:$AK$85,CHOOSE(MATCH(Inputs!$C$4,{"CIE 1931 2deg","CIE 1964 10deg","CIE 2015 2deg","Pasted below"},0),Tables!$C$5:$C$85,Tables!$F$5:$F$85,Tables!$I$5:$I$85,Inputs!$D$9:$D$89),CHOOSE(MATCH(Inputs!$C$5,{"A","C","D50","D65","E","F2","F11","Pasted below"},0),Tables!$K$5:$K$85,Tables!$L$5:$L$85,Tables!$M$5:$M$85,Tables!$N$5:$N$85,Tables!$O$5:$O$85,Tables!$P$5:$P$85,Tables!$Q$5:$Q$85,Inputs!$F$9:$F$89)) | AL10: =$B$3*SUMPRODUCT(Base!$AL$5:$AL$85,CHOOSE(MATCH(Inputs!$C$4,{"CIE 1931 2deg","CIE 1964 10deg","CIE 2015 2deg","Pasted below"},0),Tables!$C$5:$C$85,Tables!$F$5:$F$85,Tables!$I$5:$I$85,Inputs!$D$9:$D$89),CHOOSE(MATCH(Inputs!$C$5,{"A","C","D50","D65","E","F2","F11","Pasted below"},0),Tables!$K$5:$K$85,Tables!$L$5:$L$85,Tables!$M$5:$M$85,Tables!$N$5:$N$85,Tables!$O$5:$O$85,Tables!$P$5:$P$85,Tables!$Q$5:$Q$85,Inputs!$F$9:$F$89)) | AM10: =$B$3*SUMPRODUCT(Base!$AM$5:$AM$85,CHOOSE(MATCH(Inputs!$C$4,{"CIE 1931 2deg","CIE 1964 10deg","CIE 2015 2deg","Pasted below"},0),Tables!$C$5:$C$85,Tables!$F$5:$F$85,Tables!$I$5:$I$85,Inputs!$D$9:$D$89),CHOOSE(MATCH(Inputs!$C$5,{"A","C","D50","D65","E","F2","F11","Pasted below"},0),Tables!$K$5:$K$85,Tables!$L$5:$L$85,Tables!$M$5:$M$85,Tables!$N$5:$N$85,Tables!$O$5:$O$85,Tables!$P$5:$P$85,Tables!$Q$5:$Q$85,Inputs!$F$9:$F$89)) | AN10: =$B$3*SUMPRODUCT(Base!$AN$5:$AN$85,CHOOSE(MATCH(Inputs!$C$4,{"CIE 1931 2deg","CIE 1964 10deg","CIE 2015 2deg","Pasted below"},0),Tables!$C$5:$C$85,Tables!$F$5:$F$85,Tables!$I$5:$I$85,Inputs!$D$9:$D$89),CHOOSE(MATCH(Inputs!$C$5,{"A","C","D50","D65","E","F2","F11","Pasted below"},0),Tables!$K$5:$K$85,Tables!$L$5:$L$85,Tables!$M$5:$M$85,Tables!$N$5:$N$85,Tables!$O$5:$O$85,Tables!$P$5:$P$85,Tables!$Q$5:$Q$85,Inputs!$F$9:$F$89)) | AO10: =$B$3*SUMPRODUCT(Base!$AO$5:$AO$85,CHOOSE(MATCH(Inputs!$C$4,{"CIE 1931 2deg","CIE 1964 10deg","CIE 2015 2deg","Pasted below"},0),Tables!$C$5:$C$85,Tables!$F$5:$F$85,Tables!$I$5:$I$85,Inputs!$D$9:$D$89),CHOOSE(MATCH(Inputs!$C$5,{"A","C","D50","D65","E","F2","F11","Pasted below"},0),Tables!$K$5:$K$85,Tables!$L$5:$L$85,Tables!$M$5:$M$85,Tables!$N$5:$N$85,Tables!$O$5:$O$85,Tables!$P$5:$P$85,Tables!$Q$5:$Q$85,Inputs!$F$9:$F$89)) | AP10: =$B$3*SUMPRODUCT(Base!$AP$5:$AP$85,CHOOSE(MATCH(Inputs!$C$4,{"CIE 1931 2deg","CIE 1964 10deg","CIE 2015 2deg","Pasted below"},0),Tables!$C$5:$C$85,Tables!$F$5:$F$85,Tables!$I$5:$I$85,Inputs!$D$9:$D$89),CHOOSE(MATCH(Inputs!$C$5,{"A","C","D50","D65","E","F2","F11","Pasted below"},0),Tables!$K$5:$K$85,Tables!$L$5:$L$85,Tables!$M$5:$M$85,Tables!$N$5:$N$85,Tables!$O$5:$O$85,Tables!$P$5:$P$85,Tables!$Q$5:$Q$85,Inputs!$F$9:$F$89))
